{"val_loss": [2.300425837753685, 2.298353530798748, 2.2976648093788485, 2.2936924992093615, 2.227872277521024, 1.8991983020381562, 1.4225467580139257, 1.109238343633664, 0.9055402332050785, 0.9710845497383434, 0.6932766940563347, 0.670587276672102, 0.6454761974560986, 0.5352035633697632, 0.4910112541097744, 0.4820470830817131, 0.4740708207913265, 0.41890023259600256, 0.34888198537526616, 0.3675194104575807, 0.4005916755243092, 0.36083130020007587, 0.3225433307100728, 0.3635388886805173, 0.3343478048777884, 0.33282775562375216, 0.34544616234103204, 0.32504306008718953, 0.3432697456946988, 0.32383969722754635, 0.33964105154488494, 0.3700782504721669, 0.3523214604693708, 0.333834809663403, 0.3516326331367396, 0.3491724208887121, 0.356113271544551, 0.32487661393572853, 0.3405973374262262, 0.3439477622556459, 0.35470459659459297, 0.3512515566685492, 0.35036855003541445, 0.36257230018852815, 0.3641924554827641, 0.3530633948879779, 0.35743590767619904, 0.36739467233300777, 0.36658051132319414, 0.3907495875617454], "val_acc": [0.10758359872611464, 0.10310509554140128, 0.15376194267515925, 0.2220342356687898, 0.2360668789808917, 0.35370222929936307, 0.5263734076433121, 0.6586385350318471, 0.7385549363057324, 0.7021297770700637, 0.7865246815286624, 0.7833399681528662, 0.7940883757961783, 0.8527070063694268, 0.8449442675159236, 0.8460390127388535, 0.8539012738853503, 0.8790804140127388, 0.8945063694267515, 0.8892316878980892, 0.8792794585987261, 0.8862460191082803, 0.903562898089172, 0.8888335987261147, 0.9022691082802548, 0.9030652866242038, 0.8999800955414012, 0.9088375796178344, 0.9030652866242038, 0.9110270700636943, 0.90625, 0.902468152866242, 0.9082404458598726, 0.9149084394904459, 0.9155055732484076, 0.9117237261146497, 0.9103304140127388, 0.9183917197452229, 0.9151074840764332, 0.9175955414012739, 0.9144108280254777, 0.914609872611465, 0.9174960191082803, 0.9182921974522293, 0.9166003184713376, 0.9173964968152867, 0.9183917197452229, 0.9153065286624203, 0.9167993630573248, 0.9157046178343949], "loss": [2.297356501221657, 2.287388354539871, 2.2712258249521255, 2.24235537648201, 2.2019579112529755, 2.0330080091953278, 1.7021361738443375, 1.4406999871134758, 1.1938710510730743, 1.0133621022105217, 0.9338300600647926, 0.8195916675031185, 0.7418545745313168, 0.6741651967167854, 0.5766455736011267, 0.5695280600339174, 0.4739580238237977, 0.41535989195108414, 0.39799146726727486, 0.3491152413189411, 0.2926220307126641, 0.29161473736166954, 0.23373031336814165, 0.2643907321617007, 0.16925815865397453, 0.21868542581796646, 0.16093280166387558, 0.1650261483155191, 0.1326557237189263, 0.13622480537742376, 0.11783301620744169, 0.12617242126725614, 0.11716012214310467, 0.11254299827851355, 0.10718172672204673, 0.10829850239679217, 0.07836607471108437, 0.08849426894448698, 0.07735503418371081, 0.0618815760826692, 0.07261973852291703, 0.05824784247670323, 0.05723210866563022, 0.056742469198070467, 0.045820366707630455, 0.055655835079960525, 0.05838759249309078, 0.04565785644808784, 0.03928744641598314, 0.03992237022612244], "acc": [0.1416015625, 0.1796875, 0.1591796875, 0.18359375, 0.2666015625, 0.3544921875, 0.4423828125, 0.4970703125, 0.62109375, 0.68359375, 0.697265625, 0.7509765625, 0.7705078125, 0.7734375, 0.814453125, 0.814453125, 0.85546875, 0.8740234375, 0.87109375, 0.8935546875, 0.9072265625, 0.9130859375, 0.9267578125, 0.91796875, 0.943359375, 0.9287109375, 0.943359375, 0.94921875, 0.95703125, 0.958984375, 0.9658203125, 0.955078125, 0.962890625, 0.96484375, 0.9619140625, 0.9619140625, 0.98046875, 0.97265625, 0.9775390625, 0.9833984375, 0.9765625, 0.9853515625, 0.984375, 0.9775390625, 0.986328125, 0.984375, 0.982421875, 0.9873046875, 0.990234375, 0.9873046875], "test_loss": 0.35856982842858903, "test_acc": 0.9209792993630573, "sample": "multi-normal"}