{"val_loss": [2.3059017551932364, 2.4672098357206695, 2.5301605561736284, 2.5988667482023784, 2.045183787679976, 2.2996417777553484, 1.4843601853984176, 1.6283033896403707, 1.9320022999101383, 1.5801109250184078, 2.0804604610819726, 1.927257228049503, 2.1968056290013016, 1.936292215517372, 2.2722082221583957, 2.105785886193537, 2.2041795398019683, 2.2961246291543267, 2.424967547131192, 2.486331376300496, 2.6397854385861925, 2.594221961726049, 2.622375100281588, 2.7635557306040623, 2.7127665790023316, 2.70401822989154, 2.8577645348895127, 2.796513254095794, 2.7714447967565743, 2.910053259248187, 2.843142731933837, 2.969512655476856, 2.958753777917024, 2.8748162126844856, 2.9971882340255056, 2.979645234764002, 3.0615676390896938, 2.98475444468723, 2.9761454998307926, 3.0493175429143724, 3.0434893354488786, 3.0842615100228863, 3.0492537188681825, 3.0434477640565034, 2.9474388907669455, 3.077990142403135, 3.102050041696828, 3.129174177813682, 3.076057268555757, 3.201151784058589], "val_acc": [0.09693471337579618, 0.09713375796178345, 0.09723328025477707, 0.11614251592356688, 0.25019904458598724, 0.24014729299363058, 0.573546974522293, 0.5218949044585988, 0.4740246815286624, 0.615047770700637, 0.5718550955414012, 0.6188296178343949, 0.5870820063694268, 0.6343550955414012, 0.5852906050955414, 0.6451035031847133, 0.6376393312101911, 0.6430135350318471, 0.6390326433121019, 0.634156050955414, 0.6246019108280255, 0.6408240445859873, 0.6383359872611465, 0.6318670382165605, 0.6331608280254777, 0.6299761146496815, 0.6352507961783439, 0.6402269108280255, 0.6451035031847133, 0.6335589171974523, 0.6426154458598726, 0.6367436305732485, 0.6327627388535032, 0.638734076433121, 0.6321656050955414, 0.6375398089171974, 0.6353503184713376, 0.6423168789808917, 0.6408240445859873, 0.6350517515923567, 0.6372412420382165, 0.6367436305732485, 0.637937898089172, 0.6423168789808917, 0.646297770700637, 0.6390326433121019, 0.6353503184713376, 0.6369426751592356, 0.6435111464968153, 0.6357484076433121], "loss": [2.267534449696541, 2.077502191066742, 1.9682878404855728, 1.8303739875555038, 1.6113990172743797, 1.2541068196296692, 0.9618306905031204, 0.7445036694407463, 0.5231711752712727, 0.4193503577262163, 0.2770129209384322, 0.17326276004314423, 0.13772452948614955, 0.15562120079994202, 0.07405317714437842, 0.05979852145537734, 0.04589662712533027, 0.036905269138514996, 0.03557844599708915, 0.019847538613248616, 0.014615106774726883, 0.026368386737885885, 0.014112040342297405, 0.016299531125696376, 0.019158753551892005, 0.011232950040721335, 0.007015913623035885, 0.01007261713675689, 0.007976801731274463, 0.007934953799122013, 0.00736812298418954, 0.008903644338715822, 0.003675275045679882, 0.00536145672595012, 0.008694214389834087, 0.0070312505595211405, 0.00615802677202737, 0.009431949438294396, 0.00507644421668374, 0.005432828133052681, 0.0037239797129586805, 0.010463558057381306, 0.004202658725262154, 0.0019513046827341896, 0.00683346034202259, 0.009409445679921191, 0.00313579856447177, 0.0028097935573896393, 0.006324787969788304, 0.008892542446119478], "acc": [0.275390625, 0.3037109375, 0.3046875, 0.337890625, 0.408203125, 0.55078125, 0.6708984375, 0.7490234375, 0.8125, 0.8583984375, 0.916015625, 0.9423828125, 0.966796875, 0.9443359375, 0.9833984375, 0.984375, 0.9873046875, 0.994140625, 0.9912109375, 0.9970703125, 0.9970703125, 0.990234375, 0.9970703125, 0.9970703125, 0.99609375, 0.998046875, 0.9990234375, 0.998046875, 0.9990234375, 0.998046875, 0.998046875, 0.998046875, 1.0, 0.9990234375, 0.9970703125, 0.998046875, 1.0, 0.9970703125, 0.9990234375, 0.9990234375, 1.0, 0.9970703125, 0.9990234375, 1.0, 0.9970703125, 0.9951171875, 0.9990234375, 1.0, 0.998046875, 0.9970703125], "test_loss": 3.106493179965171, "test_acc": 0.6362460191082803, "sample": "normal-cluster"}