{"val_loss": [2.3033339749475954, 2.3285408323737466, 2.36451408513792, 2.395665914389738, 2.228775237016617, 1.8928368729390916, 2.0142661333084106, 1.4129771358647925, 1.0703085695102716, 0.9744478619782029, 0.8583229123407109, 0.778282156225982, 0.7032130011327707, 0.5931899969934658, 0.5546945647639074, 0.48849522801721174, 0.5571532285517189, 0.5208266438192622, 0.38426618548525365, 0.4306857761968473, 0.3770591957364113, 0.3767879362318926, 0.35874535961990145, 0.34718511336643226, 0.3751120420445682, 0.3170832405993893, 0.3222933298534459, 0.36886769222321025, 0.3314879021613271, 0.35071999292559686, 0.34565955214202404, 0.3322409830014607, 0.35182783941317136, 0.3784978443127909, 0.36874187760244886, 0.35247509207007044, 0.3641296880806138, 0.3988362130394597, 0.3748657321260803, 0.3748551596454374, 0.3773071613091572, 0.392390040099431, 0.38618284353547416, 0.37380684768650563, 0.3827356129860992, 0.3893253589464221, 0.4052596246455885, 0.402149001895717, 0.40742092880948333, 0.4063397628391624], "val_acc": [0.09693471337579618, 0.09713375796178345, 0.09723328025477707, 0.09743232484076433, 0.13972929936305734, 0.3515127388535032, 0.28523089171974525, 0.48009554140127386, 0.6380374203821656, 0.6834195859872612, 0.705812101910828, 0.7372611464968153, 0.7745820063694268, 0.8056329617834395, 0.8184713375796179, 0.8434514331210191, 0.8249402866242038, 0.8169785031847133, 0.8788813694267515, 0.8580812101910829, 0.8875398089171974, 0.8771894904458599, 0.8852507961783439, 0.8940087579617835, 0.8913216560509554, 0.9050557324840764, 0.9040605095541401, 0.8899283439490446, 0.9065485668789809, 0.8980891719745223, 0.9033638535031847, 0.9068471337579618, 0.9042595541401274, 0.9002786624203821, 0.9044585987261147, 0.9087380573248408, 0.9045581210191083, 0.8967953821656051, 0.9044585987261147, 0.904359076433121, 0.9071457006369427, 0.9038614649681529, 0.9050557324840764, 0.90734474522293, 0.9076433121019108, 0.9079418789808917, 0.9052547770700637, 0.9068471337579618, 0.9092356687898089, 0.9059514331210191], "loss": [2.292961895465851, 2.2490476071834564, 2.176516145467758, 2.13335819542408, 2.0920377373695374, 1.8950697556138039, 1.6811768561601639, 1.5415119305253029, 1.2677976936101913, 1.2474437206983566, 1.0087910294532776, 0.886899508535862, 0.813408687710762, 0.6587985455989838, 0.6515020877122879, 0.5125840026885271, 0.4665394723415375, 0.43294194154441357, 0.3865510066971183, 0.2925758194178343, 0.31721840519458055, 0.28430100437253714, 0.24272309988737106, 0.2371976966969669, 0.17720257211476564, 0.1916299108415842, 0.1617012401111424, 0.14390546164941043, 0.13651590142399073, 0.13022401183843613, 0.11294089374132454, 0.11083156801760197, 0.08475936541799456, 0.07256687222979963, 0.055455974070355296, 0.07360150129534304, 0.06661602202802896, 0.06579806027002633, 0.05322989047272131, 0.06277933821547776, 0.04671785410027951, 0.046668462455272675, 0.04168082738760859, 0.029558058886323124, 0.03051593212876469, 0.02677015628432855, 0.039222671068273485, 0.026849230751395226, 0.03602239931933582, 0.027154349023476243], "acc": [0.2021484375, 0.2265625, 0.2333984375, 0.2353515625, 0.25, 0.3544921875, 0.427734375, 0.4736328125, 0.595703125, 0.5703125, 0.6689453125, 0.7158203125, 0.7353515625, 0.78125, 0.7841796875, 0.84375, 0.859375, 0.86328125, 0.8779296875, 0.9130859375, 0.9033203125, 0.9208984375, 0.923828125, 0.9248046875, 0.947265625, 0.9365234375, 0.9541015625, 0.95703125, 0.9599609375, 0.9580078125, 0.9638671875, 0.966796875, 0.978515625, 0.984375, 0.986328125, 0.974609375, 0.982421875, 0.9775390625, 0.986328125, 0.982421875, 0.9833984375, 0.9873046875, 0.9892578125, 0.9951171875, 0.9921875, 0.994140625, 0.9892578125, 0.9921875, 0.990234375, 0.990234375], "test_loss": 0.3956346965875405, "test_acc": 0.908937101910828, "sample": "normal-cluster"}