{"val_loss": [2.306032864151487, 3.5275659561157227, 4.1999869331432755, 5.231513641442463, 4.819438231219152, 5.522529485119376, 5.407985697885987, 6.365286687377152, 6.1700771902776825, 6.940239453771312, 7.157533651704242, 7.520125604738855, 7.365843466133069, 7.8376765676364775, 7.829926423965746, 7.963355638418987, 8.071821634936484, 8.122428116525056, 8.139219062343525, 8.199093958374801, 8.219730201040862, 8.223156309431525, 8.233078361316851, 8.257848153448409, 8.241301585154929, 8.265962199800333, 8.26521672412848, 8.288404868666534, 8.28351406838484, 8.285523135191315, 8.28583616208119, 8.30153124499473, 8.287711924048745, 8.318274583026861, 8.311472640675344, 8.30192335092338, 8.310987736768784, 8.313363029698657, 8.314324327335235, 8.309851804356667, 8.305875049275198, 8.305590924184035, 8.321331382557085, 8.322596024555764, 8.311432805030968, 8.313809835227431, 8.325095368039076, 8.336318432145818, 8.324479907940907, 8.313643015114366], "val_acc": [0.09693471337579618, 0.19605891719745222, 0.3125, 0.35668789808917195, 0.4072452229299363, 0.42177547770700635, 0.44317277070063693, 0.44307324840764334, 0.44615843949044587, 0.4450636942675159, 0.44874601910828027, 0.44755175159235666, 0.4225716560509554, 0.4372014331210191, 0.4573049363057325, 0.4589968152866242, 0.4573049363057325, 0.4578025477707006, 0.45740445859872614, 0.4567078025477707, 0.4588972929936306, 0.4581011146496815, 0.4588972929936306, 0.4590963375796178, 0.4588972929936306, 0.45849920382165604, 0.45869824840764334, 0.45790207006369427, 0.4580015923566879, 0.45849920382165604, 0.4590963375796178, 0.45849920382165604, 0.459593949044586, 0.45740445859872614, 0.4589968152866242, 0.45919585987261147, 0.45919585987261147, 0.45849920382165604, 0.4590963375796178, 0.4598925159235669, 0.45979299363057324, 0.4602906050955414, 0.4592953821656051, 0.4576035031847134, 0.4598925159235669, 0.45879777070063693, 0.45849920382165604, 0.4589968152866242, 0.45869824840764334, 0.45979299363057324], "loss": [2.2578089386224747, 1.7583264485001564, 1.3453111499547958, 1.0634667314589024, 0.8644877038896084, 0.6497809197753668, 0.5339719094336033, 0.43226397037506104, 0.3988744840025902, 0.3166148057207465, 0.2537051700055599, 0.1938099036924541, 0.19542665965855122, 0.1624046885408461, 0.08759065065532923, 0.08968368615023792, 0.05365893442649394, 0.05902291159145534, 0.04169029137119651, 0.043197563965804875, 0.038130180968437344, 0.026108236401341856, 0.03242923103971407, 0.015923234896035865, 0.019549443328287452, 0.013622503523947671, 0.01576707634376362, 0.009715246080304496, 0.014219864970073104, 0.01297999860253185, 0.010554158783634193, 0.005359388749639038, 0.010464105318533257, 0.008396346762310714, 0.00886114286549855, 0.011087977327406406, 0.004377195320557803, 0.012817409573472105, 0.005808816582430154, 0.005289964872645214, 0.005577114468906075, 0.004792111380083952, 0.003523989475070266, 0.00439560272207018, 0.002800810631015338, 0.00935617590585025, 0.0032592452844255604, 0.004855296207097126, 0.00523587755378685, 0.006252735453017522], "acc": [0.1923828125, 0.2822265625, 0.4765625, 0.6181640625, 0.70703125, 0.791015625, 0.8271484375, 0.8642578125, 0.8671875, 0.8916015625, 0.9150390625, 0.9365234375, 0.9248046875, 0.9384765625, 0.9775390625, 0.9736328125, 0.986328125, 0.9814453125, 0.990234375, 0.990234375, 0.9912109375, 0.9931640625, 0.9912109375, 0.998046875, 0.9970703125, 0.998046875, 0.998046875, 1.0, 0.9951171875, 0.99609375, 0.998046875, 1.0, 0.998046875, 0.998046875, 0.998046875, 0.998046875, 0.9990234375, 0.9951171875, 1.0, 0.9990234375, 0.9990234375, 1.0, 1.0, 0.9990234375, 1.0, 0.9970703125, 1.0, 0.9990234375, 0.998046875, 0.998046875], "test_loss": 8.295195439818558, "test_acc": 0.4632762738853503, "sample": "error"}