{"val_loss": [2.299833359991669, 2.2974061434435997, 2.3181085176528637, 2.3008803364577566, 2.1445167368384683, 1.877991790224792, 1.4065370255974448, 1.1268915454293513, 0.9285954472365653, 0.7576838243918814, 0.7031730893690875, 0.6044629037759865, 0.5518847280626844, 0.4976903258994886, 0.46348467682767064, 0.414072145891797, 0.42981142707311426, 0.40621023610898643, 0.3391188918879837, 0.3502086766633638, 0.3404329181381851, 0.3331396516863328, 0.2998949002213539, 0.27602983511699614, 0.3032439638664768, 0.27968282597792, 0.2767403736520725, 0.27313391812098253, 0.2766023551463891, 0.2659317665573233, 0.29163479177388035, 0.2659071426168321, 0.26741914440444703, 0.2595813159480881, 0.25304125148393686, 0.26064774872747004, 0.27400465905784993, 0.24871307952554933, 0.2636483132937081, 0.2836738735464087, 0.25864552249716727, 0.27504877315146053, 0.2638094524562264, 0.2888248527665759, 0.26474541549683567, 0.2867080769041897, 0.27578036530109445, 0.2737595456693867, 0.282142492467582, 0.27112008628634154], "val_acc": [0.1032046178343949, 0.10300557324840764, 0.10290605095541401, 0.1044984076433121, 0.20780254777070065, 0.33419585987261147, 0.5446855095541401, 0.634156050955414, 0.6955613057324841, 0.7752786624203821, 0.7800557324840764, 0.8065286624203821, 0.8268312101910829, 0.8436504777070064, 0.8498208598726115, 0.8722133757961783, 0.865047770700637, 0.8754976114649682, 0.8945063694267515, 0.8913216560509554, 0.8976910828025477, 0.9010748407643312, 0.9101313694267515, 0.9147093949044586, 0.9053542993630573, 0.9143113057324841, 0.917296974522293, 0.9197850318471338, 0.9209792993630573, 0.9259554140127388, 0.9164012738853503, 0.9224721337579618, 0.9259554140127388, 0.9282444267515924, 0.928343949044586, 0.931827229299363, 0.9217754777070064, 0.932921974522293, 0.9272492038216561, 0.9277468152866242, 0.9320262738853503, 0.9246616242038217, 0.9313296178343949, 0.9269506369426752, 0.9331210191082803, 0.928343949044586, 0.9323248407643312, 0.9335191082802548, 0.9332205414012739, 0.9357085987261147], "loss": [2.29659540951252, 2.277744844555855, 2.2344196885824203, 2.2025312334299088, 2.1245076060295105, 1.8895525336265564, 1.6556712836027145, 1.3604599088430405, 1.179763175547123, 1.0516915693879128, 0.9008316360414028, 0.8738815635442734, 0.6735239028930664, 0.6634271256625652, 0.6050757504999638, 0.5489345826208591, 0.515187481418252, 0.47741370648145676, 0.4177249055355787, 0.3229561233893037, 0.3465958032757044, 0.3215471263974905, 0.2736069308593869, 0.2662957916036248, 0.2083131419494748, 0.27374268928542733, 0.21062520425766706, 0.17202897695824504, 0.18223538040183485, 0.14735581167042255, 0.15011526132002473, 0.1279047173447907, 0.13253458822146058, 0.13420628965832293, 0.11547398148104548, 0.10425060475245118, 0.11399417091161013, 0.08673797734081745, 0.0970605534967035, 0.07407579699065536, 0.09282905515283346, 0.06383197184186429, 0.0656881540780887, 0.06591122620739043, 0.0638307232875377, 0.05683784780558199, 0.05153464060276747, 0.05227423715405166, 0.04481412994209677, 0.03926215640967712], "acc": [0.1494140625, 0.1708984375, 0.171875, 0.1650390625, 0.2392578125, 0.3671875, 0.4296875, 0.5498046875, 0.599609375, 0.6494140625, 0.685546875, 0.7041015625, 0.76953125, 0.7734375, 0.7998046875, 0.8232421875, 0.8232421875, 0.8388671875, 0.869140625, 0.890625, 0.8916015625, 0.900390625, 0.9111328125, 0.921875, 0.927734375, 0.9072265625, 0.9326171875, 0.947265625, 0.9375, 0.951171875, 0.953125, 0.9619140625, 0.94921875, 0.9560546875, 0.9658203125, 0.966796875, 0.962890625, 0.9765625, 0.9658203125, 0.9775390625, 0.96484375, 0.9794921875, 0.982421875, 0.97265625, 0.9736328125, 0.984375, 0.984375, 0.982421875, 0.986328125, 0.986328125], "test_loss": 0.2690066234178983, "test_acc": 0.9345143312101911, "sample": "normal-cluster"}