{"val_loss": [2.298360379638186, 2.292107478828187, 2.2778151597187017, 2.193214090007126, 1.6244648573504892, 1.158985944310571, 1.0637126995879373, 1.0115313843177383, 1.2583943054934217, 1.177781583207428, 1.0465414455741833, 1.0022572701334194, 1.1311419688782114, 1.2140158599918816, 1.1517724135214356, 1.30146394945254, 1.3153625899439405, 1.3354148419134935, 1.4250121445033201, 1.3689859282628747, 1.3857577161234655, 1.4248749646031933, 1.5043632091040824, 1.479675392910933, 1.4907194784112796, 1.5425358408955252, 1.4551837819207245, 1.4919141679053094, 1.5328819497375732, 1.5878648310899734, 1.5649241678843833, 1.525251780440853, 1.5814634774141252, 1.5721874163978418, 1.538125627929238, 1.5532024502754211, 1.6156074957103486, 1.6123325932937063, 1.6041836528831226, 1.5579290281815135, 1.5762337735219367, 1.6770694435212263, 1.6509715289257134, 1.719612919411082, 1.6736523388487519, 1.6757884357765223, 1.6873594917309511, 1.6617528410853855, 1.7097468445445323, 1.684732439791321], "val_acc": [0.13744028662420382, 0.09713375796178345, 0.09723328025477707, 0.15226910828025478, 0.42326831210191085, 0.6132563694267515, 0.6391321656050956, 0.6677945859872612, 0.6902866242038217, 0.6876990445859873, 0.7580613057324841, 0.7698049363057324, 0.7533837579617835, 0.7574641719745223, 0.7754777070063694, 0.7634355095541401, 0.7627388535031847, 0.7672173566878981, 0.7503980891719745, 0.7635350318471338, 0.762937898089172, 0.7649283439490446, 0.7486066878980892, 0.762937898089172, 0.761843152866242, 0.7619426751592356, 0.7708996815286624, 0.7699044585987261, 0.7661226114649682, 0.7588574840764332, 0.7628383757961783, 0.7679140127388535, 0.7657245222929936, 0.7671178343949044, 0.770203025477707, 0.7711982484076433, 0.7642316878980892, 0.7628383757961783, 0.7640326433121019, 0.7703025477707006, 0.7695063694267515, 0.7617436305732485, 0.7649283439490446, 0.7573646496815286, 0.7655254777070064, 0.7644307324840764, 0.7626393312101911, 0.767515923566879, 0.7641321656050956, 0.7665207006369427], "loss": [2.297538787126541, 2.284867525100708, 2.2574081420898438, 2.196244716644287, 1.8676642552018166, 1.3066335953772068, 0.846877459436655, 0.571432227268815, 0.32495142985135317, 0.30214048735797405, 0.15138103859499097, 0.15211602533236146, 0.10927199572324753, 0.05669884034432471, 0.04811344342306256, 0.028575832722708583, 0.03341139730764553, 0.02107943221926689, 0.03426658231182955, 0.02593099296791479, 0.016864710545632988, 0.010144494110136293, 0.013768214106676169, 0.006328187620965764, 0.0082670556002995, 0.006152080823085271, 0.01275414069823455, 0.011504893147503026, 0.010160827223444358, 0.008258054396719672, 0.0066544957080623135, 0.009452318481635302, 0.00842439039843157, 0.0049712976106093265, 0.006564231342053972, 0.006460776483436348, 0.006867121344839688, 0.003031314477993874, 0.0032205113748204894, 0.004125525319977896, 0.003337608985020779, 0.004567549447529018, 0.00280691030457092, 0.003052915639273124, 0.00446207544337085, 0.0038200510389287956, 0.0019273965699539986, 0.0025824459871728322, 0.002796431106617092, 0.003295752308986266], "acc": [0.1396484375, 0.1572265625, 0.15234375, 0.1640625, 0.3779296875, 0.59765625, 0.712890625, 0.806640625, 0.8935546875, 0.9052734375, 0.951171875, 0.95703125, 0.9677734375, 0.9853515625, 0.98828125, 0.9951171875, 0.9921875, 0.9951171875, 0.990234375, 0.9921875, 0.9951171875, 0.9990234375, 0.9970703125, 1.0, 0.998046875, 0.9990234375, 0.99609375, 0.998046875, 0.998046875, 0.998046875, 0.998046875, 0.9970703125, 0.998046875, 1.0, 0.9990234375, 0.998046875, 0.9970703125, 1.0, 1.0, 0.9990234375, 1.0, 0.9990234375, 1.0, 1.0, 0.9990234375, 0.9990234375, 1.0, 0.9990234375, 0.9990234375, 0.998046875], "test_loss": 1.7137926121236413, "test_acc": 0.7718949044585988, "sample": "error"}