{"val_loss": [2.2981318713753085, 2.29228715228427, 2.280705497523022, 2.2437845855761487, 2.059978550406778, 1.5109020653803638, 0.8693746223950841, 0.8289331262278709, 0.835443874073636, 0.5489035164284858, 0.44718106100513677, 0.43651555312477097, 0.3705470097387672, 0.3824983377745197, 0.3448041560733394, 0.2999819703756054, 0.2973025541183106, 0.27013820897384433, 0.26794243612842766, 0.3057846848253801, 0.2524600954145003, 0.2801028271294703, 0.24861666954057232, 0.23130949192152472, 0.22929644385044268, 0.2481414512731135, 0.23197123649749596, 0.23607291248300746, 0.23601760423985446, 0.2617061564188664, 0.2259082841437761, 0.22519272868261986, 0.24513988680529533, 0.2739660878759174, 0.23317657520247112, 0.23853992205039024, 0.2300402266303356, 0.22503067296039858, 0.2246278216168848, 0.24200293822822036, 0.23387516323539315, 0.2280374271902671, 0.22841217384153123, 0.24838346287468746, 0.2552359161274152, 0.2501489414735608, 0.23122417477254642, 0.23517821422647567, 0.250762415173201, 0.24820043619186025], "val_acc": [0.13126990445859874, 0.26970541401273884, 0.27776671974522293, 0.26681926751592355, 0.399781050955414, 0.4300358280254777, 0.7313893312101911, 0.714968152866242, 0.692078025477707, 0.8269307324840764, 0.8649482484076433, 0.8613654458598726, 0.8852507961783439, 0.8830613057324841, 0.8967953821656051, 0.908140923566879, 0.9087380573248408, 0.9183917197452229, 0.9178941082802548, 0.9082404458598726, 0.9186902866242038, 0.9139132165605095, 0.9240644904458599, 0.9298367834394905, 0.9311305732484076, 0.9260549363057324, 0.9346138535031847, 0.9323248407643312, 0.9312300955414012, 0.9260549363057324, 0.9367038216560509, 0.9391918789808917, 0.9316281847133758, 0.9276472929936306, 0.9382961783439491, 0.9381966560509554, 0.9391918789808917, 0.9399880573248408, 0.9414808917197452, 0.9359076433121019, 0.9406847133757962, 0.9419785031847133, 0.9413813694267515, 0.9375, 0.9386942675159236, 0.9388933121019108, 0.9438694267515924, 0.9432722929936306, 0.9375, 0.9400875796178344], "loss": [2.301187574863434, 2.29538431763649, 2.2882853895425797, 2.2634106129407883, 2.185336470603943, 1.7890126034617424, 1.3215571492910385, 1.0468141548335552, 0.8818580619990826, 0.7840782403945923, 0.6944026034325361, 0.578363036736846, 0.578687796369195, 0.4671812579035759, 0.429760517552495, 0.4050900824368, 0.36225784197449684, 0.31128721963614225, 0.2819347083568573, 0.27576611284166574, 0.24002994410693645, 0.24695288389921188, 0.21132070990279317, 0.18974485900253057, 0.17458883905783296, 0.15560372546315193, 0.14746260596439242, 0.13325778674334288, 0.11639932030811906, 0.12520568980835378, 0.10051410738378763, 0.10806538909673691, 0.09845270123332739, 0.08986938395537436, 0.08891632070299238, 0.06623545102775097, 0.06645574327558279, 0.08719525102060288, 0.056431984587106854, 0.06420031026937068, 0.07170393317937851, 0.06558162218425423, 0.07208927720785141, 0.05390353826805949, 0.04357240739045665, 0.04896594112506136, 0.050956862804014236, 0.058072011335752904, 0.03770655090920627, 0.045698141504544765], "acc": [0.103515625, 0.1689453125, 0.2255859375, 0.2880859375, 0.294921875, 0.443359375, 0.5576171875, 0.6376953125, 0.6982421875, 0.7216796875, 0.7666015625, 0.8134765625, 0.7900390625, 0.8408203125, 0.8583984375, 0.859375, 0.87109375, 0.8955078125, 0.912109375, 0.9013671875, 0.923828125, 0.9072265625, 0.931640625, 0.93359375, 0.935546875, 0.953125, 0.94921875, 0.9560546875, 0.9619140625, 0.9609375, 0.9658203125, 0.96484375, 0.9658203125, 0.9677734375, 0.9599609375, 0.98046875, 0.98046875, 0.9716796875, 0.984375, 0.9794921875, 0.97265625, 0.98046875, 0.978515625, 0.984375, 0.9853515625, 0.9853515625, 0.9853515625, 0.98828125, 0.986328125, 0.982421875], "test_loss": 0.23300830728988384, "test_acc": 0.943968949044586, "sample": "multi-normal-cluster"}