{"val_loss": [2.2989337930254115, 2.293584398403289, 2.3135216600576025, 2.2763361277853607, 2.03529309846793, 1.5277026610769284, 1.465230922030795, 1.1594243562145599, 0.7277207488466979, 0.7101927450887716, 0.6235011990662593, 0.6374362409114838, 0.4543947087731331, 0.40710745818296057, 0.45370620659961824, 0.41338009583010416, 0.3632514535621473, 0.36413874307493116, 0.336693826564558, 0.33194615519872517, 0.328978869539039, 0.3320333282077673, 0.3172435773548427, 0.3422897199441673, 0.322725295879623, 0.35145757476514455, 0.3472970659832713, 0.3429833991900917, 0.32196958088701605, 0.32672708839990766, 0.3284802351904748, 0.32346934613409883, 0.3667485223412751, 0.343674891628325, 0.36685752775223485, 0.3507992720207686, 0.36730960535573637, 0.3597968037998019, 0.37195203316866593, 0.35981632287281856, 0.3641903410653827, 0.3740005283809273, 0.3929887358292012, 0.39387482567097115, 0.3894329330955104, 0.3824711691315292, 0.38563354745667405, 0.3909868344955241, 0.386952255469907, 0.40017284315218854], "val_acc": [0.1032046178343949, 0.10300557324840764, 0.1588375796178344, 0.14042595541401273, 0.23417595541401273, 0.47900079617834396, 0.41023089171974525, 0.5739450636942676, 0.7619426751592356, 0.7763734076433121, 0.7953821656050956, 0.7770700636942676, 0.85828025477707, 0.8729100318471338, 0.8621616242038217, 0.8681329617834395, 0.8852507961783439, 0.8867436305732485, 0.8940087579617835, 0.8953025477707006, 0.8967953821656051, 0.9015724522292994, 0.9033638535031847, 0.8958001592356688, 0.9046576433121019, 0.8994824840764332, 0.9014729299363057, 0.9038614649681529, 0.9116242038216561, 0.910828025477707, 0.9120222929936306, 0.9136146496815286, 0.9054538216560509, 0.9097332802547771, 0.9068471337579618, 0.9104299363057324, 0.9084394904458599, 0.9111265923566879, 0.9077428343949044, 0.9123208598726115, 0.9120222929936306, 0.9086385350318471, 0.908140923566879, 0.9075437898089171, 0.9109275477707006, 0.9110270700636943, 0.911922770700637, 0.9106289808917197, 0.9113256369426752, 0.9112261146496815], "loss": [2.2993013858795166, 2.2826702892780304, 2.2272918075323105, 2.163065403699875, 2.0363552197813988, 1.7007253766059875, 1.412319965660572, 1.2248357869684696, 1.029993962496519, 0.9209465719759464, 0.8148573972284794, 0.7001866530627012, 0.6485398653894663, 0.5813952218741179, 0.4544162368401885, 0.43264772556722164, 0.404831537976861, 0.3606101330369711, 0.3076188452541828, 0.2869800878688693, 0.28383045364171267, 0.2570239929482341, 0.18118079891428351, 0.21127358824014664, 0.15719075920060277, 0.1730231810361147, 0.14977340446785092, 0.1306756939738989, 0.12432477041147649, 0.11389594408683479, 0.11253958404995501, 0.07691557775251567, 0.08087855472695082, 0.10269563226029277, 0.0770871159620583, 0.07320456358138472, 0.07041588122956455, 0.0692814375506714, 0.06506868358701468, 0.05993251089239493, 0.057538387132808566, 0.05340036819688976, 0.041042007389478385, 0.049990800267551094, 0.036717685870826244, 0.035759869031608105, 0.045837772893719375, 0.03711096808547154, 0.03750551876146346, 0.031012176419608295], "acc": [0.150390625, 0.1484375, 0.181640625, 0.2353515625, 0.3154296875, 0.427734375, 0.537109375, 0.583984375, 0.650390625, 0.6923828125, 0.724609375, 0.75390625, 0.7802734375, 0.7919921875, 0.8447265625, 0.8701171875, 0.87890625, 0.8740234375, 0.9033203125, 0.9169921875, 0.9072265625, 0.91796875, 0.951171875, 0.9306640625, 0.951171875, 0.9501953125, 0.9404296875, 0.953125, 0.958984375, 0.966796875, 0.96484375, 0.9736328125, 0.970703125, 0.962890625, 0.974609375, 0.9765625, 0.978515625, 0.9775390625, 0.98046875, 0.9775390625, 0.986328125, 0.98046875, 0.98828125, 0.986328125, 0.98828125, 0.9892578125, 0.982421875, 0.9853515625, 0.98828125, 0.9912109375], "test_loss": 0.36716813596475656, "test_acc": 0.9134156050955414, "sample": "normal-cluster"}