{"val_loss": [2.3020831004829163, 2.300154497669001, 2.3245260305465405, 2.323779689278572, 2.158735813608595, 1.6189970438647423, 1.2888982034033272, 1.0890824973203574, 0.896067478474538, 0.8268860808223676, 0.6767427204710663, 0.6314208527469332, 0.6188589671424999, 0.5576721369081242, 0.500777931350052, 0.5245274024404538, 0.4605594363751685, 0.41474515337283446, 0.4144496159853449, 0.39833998839092105, 0.42714936808226217, 0.4165357379776657, 0.4085391101658724, 0.35544308244138006, 0.4057025606892291, 0.3852880545684202, 0.34524469928234625, 0.36910134396118344, 0.3320970518728066, 0.34854692319158914, 0.3240130258973237, 0.3638786813896743, 0.3583865041791159, 0.36179424591576026, 0.3464251143567169, 0.33776002582221937, 0.3381659389431974, 0.38270280279136104, 0.34277671524679443, 0.37429464598643075, 0.35875194972369134, 0.3655810204399809, 0.34744740554701037, 0.36813930269912076, 0.3507587595006368, 0.3570480114457073, 0.35667700588015044, 0.3506552290014187, 0.35375705679617586, 0.35673076547845417], "val_acc": [0.0996218152866242, 0.10917595541401273, 0.198546974522293, 0.1539609872611465, 0.34753184713375795, 0.4929339171974522, 0.5402070063694268, 0.6012141719745223, 0.7104896496815286, 0.7017316878980892, 0.7756767515923567, 0.799562101910828, 0.8024482484076433, 0.8180732484076433, 0.8442476114649682, 0.8400676751592356, 0.8515127388535032, 0.8714171974522293, 0.8713176751592356, 0.876890923566879, 0.8652468152866242, 0.8738057324840764, 0.8816679936305732, 0.8964968152866242, 0.8761942675159236, 0.887937898089172, 0.9006767515923567, 0.8966958598726115, 0.9057523885350318, 0.8988853503184714, 0.9058519108280255, 0.8986863057324841, 0.9001791401273885, 0.9026671974522293, 0.9095342356687898, 0.9128184713375797, 0.9092356687898089, 0.9066480891719745, 0.9131170382165605, 0.9080414012738853, 0.912718949044586, 0.9122213375796179, 0.9149084394904459, 0.9111265923566879, 0.915406050955414, 0.9137141719745223, 0.9117237261146497, 0.9147093949044586, 0.9150079617834395, 0.9163017515923567], "loss": [2.299769565463066, 2.2868218272924423, 2.234946131706238, 2.1392185986042023, 2.009209968149662, 1.698823519051075, 1.3373995386064053, 1.1382240615785122, 1.0216689370572567, 0.8396414928138256, 0.7862670086324215, 0.7078941836953163, 0.6618594229221344, 0.6139371059834957, 0.5971239116042852, 0.5032547451555729, 0.5247469395399094, 0.4828734043985605, 0.4229639917612076, 0.4202928710728884, 0.3633766956627369, 0.36313772667199373, 0.3103489922359586, 0.34254531376063824, 0.283681221306324, 0.2809577491134405, 0.2685758154839277, 0.23661044286563993, 0.218634816352278, 0.2149925734847784, 0.24134027771651745, 0.20436322642490268, 0.15760320657864213, 0.17374363401904702, 0.13771896716207266, 0.15569359483197331, 0.12316825659945607, 0.1325086848810315, 0.1011808249168098, 0.12121372437104583, 0.09874402778223157, 0.10940981609746814, 0.07820429769344628, 0.11274618282914162, 0.09963869699276984, 0.10632292786613107, 0.0919047452043742, 0.08001619670540094, 0.07907954545225948, 0.07358965650200844], "acc": [0.1337890625, 0.1787109375, 0.21875, 0.3349609375, 0.3564453125, 0.44140625, 0.5419921875, 0.6142578125, 0.66015625, 0.72265625, 0.7373046875, 0.771484375, 0.783203125, 0.796875, 0.787109375, 0.8330078125, 0.83203125, 0.83984375, 0.8623046875, 0.869140625, 0.875, 0.87109375, 0.8955078125, 0.8818359375, 0.9091796875, 0.9013671875, 0.9111328125, 0.91796875, 0.9287109375, 0.923828125, 0.91796875, 0.9365234375, 0.9521484375, 0.939453125, 0.9560546875, 0.951171875, 0.955078125, 0.9580078125, 0.9697265625, 0.9619140625, 0.9609375, 0.9619140625, 0.9775390625, 0.9580078125, 0.9599609375, 0.9599609375, 0.96875, 0.9755859375, 0.9765625, 0.9736328125], "test_loss": 0.35899426808260426, "test_acc": 0.9159036624203821, "sample": "multi-normal"}