{"val_loss": [2.2977422665638527, 2.2865126208894573, 2.257463134777774, 2.1296757209073207, 1.454003161685482, 1.0117934699271136, 0.7614651534967362, 0.6146487994178845, 0.5827117610699052, 0.60528525510791, 0.4393594933163588, 0.4341917059319034, 0.3830317967826394, 0.3642897070593135, 0.35131075192883515, 0.37162233871306966, 0.31790792386812766, 0.3149368761664933, 0.31397071874635235, 0.31533484175136894, 0.2994743793799429, 0.2737453663543721, 0.2596340079489312, 0.26242978973492126, 0.241851000364419, 0.25196414592729255, 0.2567652273021496, 0.251466402054355, 0.24420440624094314, 0.2487383757326396, 0.2541144182490315, 0.2444818814635087, 0.288789669306842, 0.24518767865908564, 0.24344242991772808, 0.22678939688796546, 0.23200964088296624, 0.2322413339991431, 0.2320735834814774, 0.23326609613949278, 0.23227309394971865, 0.23981690362012784, 0.23088614047789696, 0.2527680786750665, 0.24064267375120882, 0.2438878474288448, 0.22635333959286094, 0.24699702319224917, 0.24477928337955457, 0.23644801845646518], "val_acc": [0.09096337579617834, 0.2242237261146497, 0.20491640127388536, 0.41550557324840764, 0.568172770700637, 0.6539609872611465, 0.7517914012738853, 0.809812898089172, 0.8146894904458599, 0.7847332802547771, 0.8708200636942676, 0.8635549363057324, 0.8820660828025477, 0.8884355095541401, 0.8977906050955414, 0.886843152866242, 0.9094347133757962, 0.9101313694267515, 0.9058519108280255, 0.9032643312101911, 0.9106289808917197, 0.9219745222929936, 0.9244625796178344, 0.9257563694267515, 0.9298367834394905, 0.9281449044585988, 0.9259554140127388, 0.9304339171974523, 0.9320262738853503, 0.9317277070063694, 0.927547770700637, 0.9289410828025477, 0.9196855095541401, 0.933718152866242, 0.9331210191082803, 0.9378980891719745, 0.9370023885350318, 0.9387937898089171, 0.93640525477707, 0.9368033439490446, 0.9380971337579618, 0.9368033439490446, 0.9380971337579618, 0.9330214968152867, 0.9353105095541401, 0.9359076433121019, 0.9389928343949044, 0.9379976114649682, 0.934812898089172, 0.9378980891719745], "loss": [2.302832707762718, 2.294045239686966, 2.277855947613716, 2.2229778170585632, 1.8984008207917213, 1.414016880095005, 1.039458766579628, 0.8800711072981358, 0.6949557960033417, 0.6485702954232693, 0.5844302177429199, 0.4715124648064375, 0.47810512594878674, 0.42321216501295567, 0.39105696231126785, 0.3764228820800781, 0.3775607328861952, 0.3202395550906658, 0.2867085374891758, 0.31772669218480587, 0.24571978859603405, 0.2254852713085711, 0.2333039240911603, 0.1910757045261562, 0.1995380986481905, 0.20345332799479365, 0.17758592125028372, 0.16280887369066477, 0.15706902043893933, 0.1449314309284091, 0.1477284599095583, 0.12220217986032367, 0.1200695710722357, 0.12532721424940974, 0.1327009133528918, 0.09149021934717894, 0.10518883168697357, 0.09857958229258657, 0.09738378203473985, 0.07893460046034306, 0.08804935310035944, 0.0792897337814793, 0.08658608980476856, 0.07229086640290916, 0.06446072342805564, 0.07152001850772649, 0.05597215355373919, 0.05216387822292745, 0.05794192326720804, 0.04968656093114987], "acc": [0.0869140625, 0.1162109375, 0.193359375, 0.2353515625, 0.41796875, 0.537109375, 0.65234375, 0.7158203125, 0.7646484375, 0.78125, 0.8037109375, 0.8505859375, 0.833984375, 0.861328125, 0.86328125, 0.87109375, 0.869140625, 0.8857421875, 0.9140625, 0.89453125, 0.9189453125, 0.921875, 0.916015625, 0.9345703125, 0.9365234375, 0.9248046875, 0.9365234375, 0.94140625, 0.9521484375, 0.94921875, 0.953125, 0.966796875, 0.95703125, 0.9541015625, 0.95703125, 0.97265625, 0.9580078125, 0.9697265625, 0.9609375, 0.9765625, 0.9736328125, 0.97265625, 0.9677734375, 0.978515625, 0.9814453125, 0.97265625, 0.98046875, 0.9833984375, 0.982421875, 0.9853515625], "test_loss": 0.23118432734019248, "test_acc": 0.9415804140127388, "sample": "random"}