{"val_loss": [2.296574525772386, 2.287694615163621, 2.2637926211023025, 1.9532198025162812, 1.4235091839626337, 0.9725856091945794, 0.8551939093762901, 0.8030335204616473, 0.9475438556853374, 0.8508621046117916, 0.8878959215180889, 0.896332266034594, 0.878751051179163, 1.1247964623817213, 0.9654095144408523, 1.016307080627247, 1.1627617951980822, 1.170896077493004, 1.1674312907419386, 1.1585993730718163, 1.331234661921574, 1.314910656659846, 1.26568821869838, 1.1973171013935355, 1.3156328398710604, 1.2311065793037415, 1.2871482398384695, 1.375899824557031, 1.3032199498384622, 1.3470156624153922, 1.338042893369866, 1.322215629990693, 1.3700825572962974, 1.3888890408216767, 1.376581760918259, 1.39251202221509, 1.363548275296855, 1.369459705462881, 1.486870751354345, 1.4959416873515792, 1.432798402039868, 1.3975215756874175, 1.4583749180766428, 1.4076520926823282, 1.3646646555821607, 1.481752742390344, 1.4351921356787347, 1.4325757411065374, 1.4911786579782036, 1.4428701382723583], "val_acc": [0.2119824840764331, 0.1070859872611465, 0.12231289808917198, 0.44187898089171973, 0.5799164012738853, 0.6870023885350318, 0.7328821656050956, 0.7484076433121019, 0.7162619426751592, 0.7439291401273885, 0.7634355095541401, 0.7767714968152867, 0.7837380573248408, 0.7627388535031847, 0.7901074840764332, 0.786922770700637, 0.7817476114649682, 0.7847332802547771, 0.7871218152866242, 0.7849323248407644, 0.7778662420382165, 0.7772691082802548, 0.7798566878980892, 0.7867237261146497, 0.7787619426751592, 0.7905055732484076, 0.7875199044585988, 0.7834394904458599, 0.7868232484076433, 0.785828025477707, 0.7866242038216561, 0.789609872611465, 0.7867237261146497, 0.7853304140127388, 0.7879179936305732, 0.7845342356687898, 0.7878184713375797, 0.7881170382165605, 0.7792595541401274, 0.7783638535031847, 0.786922770700637, 0.7876194267515924, 0.7854299363057324, 0.7909036624203821, 0.7937898089171974, 0.7843351910828026, 0.7874203821656051, 0.7900079617834395, 0.7862261146496815, 0.7910031847133758], "loss": [2.2980490773916245, 2.2811637073755264, 2.2404322624206543, 2.107713170349598, 1.6059880554676056, 1.2005622386932373, 0.9762447848916054, 0.7157191336154938, 0.5876073203980923, 0.47423343546688557, 0.2644026540219784, 0.22430651308968663, 0.17691892385482788, 0.09741690382361412, 0.0758544341661036, 0.05248002806911245, 0.03506542538525537, 0.033969506446737796, 0.023904258967377245, 0.03380730241769925, 0.019025633577257395, 0.025417645811103284, 0.01818625716259703, 0.011352531117154285, 0.013383695186348632, 0.017210138437803835, 0.008727685897611082, 0.007873633818235248, 0.010955345067486633, 0.012767892512783874, 0.006376916891895235, 0.007356024500040803, 0.007562826096545905, 0.00562114982312778, 0.009319661221525166, 0.009184231843391899, 0.005307692645146744, 0.003157632381771691, 0.004529932943114545, 0.005791758179839235, 0.004828503602766432, 0.0073402636116952635, 0.0031440056300198194, 0.00394778656118433, 0.0017372490219713654, 0.0033468898218416143, 0.006302310273895273, 0.004394509815028869, 0.0027949974701186875, 0.002011253032833338], "acc": [0.1162109375, 0.21875, 0.181640625, 0.2802734375, 0.501953125, 0.611328125, 0.6708984375, 0.759765625, 0.8037109375, 0.8427734375, 0.91796875, 0.919921875, 0.935546875, 0.9755859375, 0.9755859375, 0.9873046875, 0.994140625, 0.9892578125, 0.9970703125, 0.990234375, 0.9970703125, 0.9921875, 0.9970703125, 0.9970703125, 0.99609375, 0.99609375, 0.9990234375, 0.9990234375, 0.9970703125, 0.9990234375, 0.9990234375, 0.998046875, 0.9990234375, 0.9990234375, 0.9990234375, 0.998046875, 1.0, 1.0, 0.9990234375, 0.9990234375, 1.0, 0.9990234375, 1.0, 0.9990234375, 1.0, 1.0, 0.998046875, 0.998046875, 1.0, 1.0], "test_loss": 1.317110549492441, "test_acc": 0.805234872611465, "sample": "multi-normal-cluster"}