{"val_loss": [2.299852541297864, 2.3475038139683426, 2.5007400117861995, 2.162042043011659, 1.7617830106407215, 1.5502283633894223, 1.4009215402755009, 1.2160496514314298, 1.1068826363344861, 0.9033278667243423, 0.843196830552095, 0.727069402006781, 0.7104397064940945, 0.6577169806904094, 0.5424394164305584, 0.5139881710812544, 0.4994022793071285, 0.5193057773029728, 0.545264713133976, 0.5267643229027462, 0.4607317329497094, 0.41515347807650355, 0.38432647147850624, 0.3866307732833039, 0.44282884516154125, 0.3877885924403075, 0.3705355346938417, 0.3814849997069805, 0.4288908983017229, 0.40125086118176484, 0.3682828799222305, 0.4131659231486784, 0.37537672666085375, 0.3799538642381597, 0.39168704552042066, 0.400270578231971, 0.4006866078088238, 0.398469743134964, 0.3723199903656533, 0.40925770591066524, 0.39074311260086525, 0.3857817833910987, 0.4114100644364953, 0.4079816977724813, 0.4216342297275877, 0.43460490080011877, 0.4065238864095822, 0.40729314727696836, 0.42657699418153355, 0.4483574401516064], "val_acc": [0.16839171974522293, 0.1324641719745223, 0.25149283439490444, 0.26940684713375795, 0.36365445859872614, 0.47880175159235666, 0.5332404458598726, 0.6079816878980892, 0.6302746815286624, 0.6935708598726115, 0.7304936305732485, 0.7708996815286624, 0.7666202229299363, 0.7797571656050956, 0.8260350318471338, 0.8346934713375797, 0.84484474522293, 0.8362858280254777, 0.8187699044585988, 0.82703025477707, 0.8628582802547771, 0.8705214968152867, 0.8840565286624203, 0.879578025477707, 0.8661425159235668, 0.8853503184713376, 0.8940087579617835, 0.89171974522293, 0.8804737261146497, 0.8896297770700637, 0.8969944267515924, 0.8855493630573248, 0.8969944267515924, 0.8964968152866242, 0.8938097133757962, 0.8919187898089171, 0.8971934713375797, 0.8975915605095541, 0.903562898089172, 0.8963972929936306, 0.9028662420382165, 0.9007762738853503, 0.9017714968152867, 0.8993829617834395, 0.9003781847133758, 0.8973925159235668, 0.9019705414012739, 0.9045581210191083, 0.8980891719745223, 0.8932125796178344], "loss": [2.2912600338459015, 2.222165197134018, 2.046527311205864, 1.7544678449630737, 1.4361226186156273, 1.1499017588794231, 1.0681874193251133, 0.8597876504063606, 0.8168504405766726, 0.6868736892938614, 0.6251538246870041, 0.5826207622885704, 0.4957973714917898, 0.44357106275856495, 0.41176508739590645, 0.3649856112897396, 0.3571992851793766, 0.3034028336405754, 0.256848000921309, 0.2638991232961416, 0.2191178584471345, 0.22144271805882454, 0.1857342799194157, 0.1858140486292541, 0.15499287145212293, 0.162155001424253, 0.14679431775584817, 0.133879364002496, 0.11343476176261902, 0.10234288638457656, 0.0954326797509566, 0.09052167693153024, 0.09841580432839692, 0.07251458335667849, 0.06160227779764682, 0.09157759207300842, 0.05628210911527276, 0.0662822948070243, 0.056906433223048225, 0.046468897140584886, 0.06199491408187896, 0.049639017903245986, 0.044127351022325456, 0.03656632889760658, 0.03015011752722785, 0.044963130552787334, 0.051496213185600936, 0.02664605964673683, 0.032314324053004384, 0.04497538896976039], "acc": [0.1826171875, 0.2080078125, 0.283203125, 0.4794921875, 0.5126953125, 0.6181640625, 0.642578125, 0.71875, 0.736328125, 0.7880859375, 0.79296875, 0.80078125, 0.8271484375, 0.845703125, 0.8603515625, 0.8798828125, 0.884765625, 0.90234375, 0.9140625, 0.9091796875, 0.931640625, 0.9248046875, 0.9384765625, 0.9443359375, 0.947265625, 0.9443359375, 0.9521484375, 0.9580078125, 0.96875, 0.96484375, 0.966796875, 0.9697265625, 0.9658203125, 0.9765625, 0.9794921875, 0.9677734375, 0.9833984375, 0.9775390625, 0.984375, 0.990234375, 0.9794921875, 0.984375, 0.986328125, 0.986328125, 0.9912109375, 0.9853515625, 0.984375, 0.9951171875, 0.990234375, 0.984375], "test_loss": 0.46014644029983287, "test_acc": 0.8924164012738853, "sample": "uniform-cluster"}