{"val_loss": [2.295529974494011, 2.286649625012829, 2.2640683514297386, 2.1785833273723627, 1.6124655000723092, 0.995401272728185, 0.9403437618996687, 0.572441027707355, 0.4702175809604347, 0.44367749459899153, 0.4586913107307094, 0.3779463237448103, 0.36027628226075203, 0.3501267449776079, 0.3159117144384202, 0.30225702333649634, 0.29482901956482677, 0.28498111447544805, 0.2821106711034752, 0.2821984888546786, 0.2719849161922362, 0.25093914112550725, 0.27583084234101757, 0.2586721901686945, 0.25141954000232514, 0.2892533187772248, 0.24894901341610368, 0.259778971036386, 0.24217247188678545, 0.25139802969565056, 0.2573425229549835, 0.2866404464432768, 0.24734775544215398, 0.24956646342732156, 0.2455769360872211, 0.25937680075105257, 0.24695461832141136, 0.24315646359293608, 0.24227177611237782, 0.25660633539579286, 0.24723402996826324, 0.23960113552900233, 0.2380783629639276, 0.24527219958769478, 0.2381227293191181, 0.24333535421604088, 0.23868154496055358, 0.2440553751972854, 0.24069082154150886, 0.24920246320102618], "val_acc": [0.20690684713375795, 0.1285828025477707, 0.14112261146496816, 0.11863057324840764, 0.42267117834394907, 0.6704816878980892, 0.6888933121019108, 0.8215565286624203, 0.862062101910828, 0.8619625796178344, 0.8544984076433121, 0.8881369426751592, 0.8931130573248408, 0.897093949044586, 0.9033638535031847, 0.9117237261146497, 0.9115246815286624, 0.9179936305732485, 0.9140127388535032, 0.9139132165605095, 0.9211783439490446, 0.9259554140127388, 0.9178941082802548, 0.924562101910828, 0.9239649681528662, 0.9161027070063694, 0.9304339171974523, 0.9257563694267515, 0.9330214968152867, 0.9274482484076433, 0.9277468152866242, 0.9185907643312102, 0.9320262738853503, 0.9317277070063694, 0.9328224522292994, 0.9285429936305732, 0.9320262738853503, 0.9353105095541401, 0.9335191082802548, 0.931827229299363, 0.9328224522292994, 0.9339171974522293, 0.9358081210191083, 0.934812898089172, 0.9371019108280255, 0.9352109872611465, 0.9374004777070064, 0.93640525477707, 0.9369028662420382, 0.9366042993630573], "loss": [2.298667311668396, 2.291514739394188, 2.27847258746624, 2.23397558927536, 1.9962904453277588, 1.3660290390253067, 0.9281677678227425, 0.761852141469717, 0.6190711781382561, 0.544843316078186, 0.4434566907584667, 0.4167113956063986, 0.40734987799078226, 0.3219326566904783, 0.3187813628464937, 0.2889686832204461, 0.26729322504252195, 0.2434158632531762, 0.22367999283596873, 0.23587142722681165, 0.17025309149175882, 0.1864857506006956, 0.17895548837259412, 0.1219571114052087, 0.15733058797195554, 0.1529371493961662, 0.1338981087319553, 0.11467381031252444, 0.11053585074841976, 0.1279469255823642, 0.10110064409673214, 0.08722429093904793, 0.0871956372866407, 0.0850606900639832, 0.09751543635502458, 0.0887985099107027, 0.07983497646637261, 0.06315325119066983, 0.07580851449165493, 0.06188288622070104, 0.07793513324577361, 0.06864730303641409, 0.06735511496663094, 0.04992777656298131, 0.05423160071950406, 0.051454124331939965, 0.04514597391244024, 0.04818316997261718, 0.04581600858364254, 0.04603533894987777], "acc": [0.1552734375, 0.181640625, 0.166015625, 0.1826171875, 0.3681640625, 0.5751953125, 0.6826171875, 0.7724609375, 0.8076171875, 0.8330078125, 0.8662109375, 0.86328125, 0.875, 0.8916015625, 0.9072265625, 0.9033203125, 0.9150390625, 0.9267578125, 0.9208984375, 0.923828125, 0.9423828125, 0.9453125, 0.9404296875, 0.9619140625, 0.947265625, 0.94140625, 0.953125, 0.96484375, 0.9609375, 0.9580078125, 0.97265625, 0.970703125, 0.9755859375, 0.96875, 0.9638671875, 0.97265625, 0.9755859375, 0.978515625, 0.9736328125, 0.98046875, 0.9775390625, 0.9716796875, 0.97265625, 0.9873046875, 0.9814453125, 0.9853515625, 0.986328125, 0.984375, 0.9853515625, 0.9853515625], "test_loss": 0.25283807983390605, "test_acc": 0.9402866242038217, "sample": "error"}