{"val_loss": [2.3007262831280944, 2.2982922541867397, 2.326778496906256, 2.2657779796867614, 1.749944412024917, 1.3294823750568803, 1.0122141025628253, 0.8504406629474299, 0.7056893937906642, 0.614553134627403, 0.5850049652111758, 0.6092315517413388, 0.665654675050336, 0.9349449060525105, 0.6959716268121057, 0.761255360712671, 0.7228611351530643, 0.7428846686461549, 0.74537602017165, 0.7793442114333439, 0.8019412462213996, 0.8007708909642545, 0.8422676027770255, 0.8394147903201686, 0.8442844657618909, 0.8583977172851183, 0.851099356344551, 0.8492701160157942, 0.8774921467919259, 0.8735947361939652, 0.8653553974856237, 0.8839810469727607, 0.879253595189494, 0.8988141265644389, 0.9263705748376573, 0.9310417975874463, 0.9319632481427709, 0.9503870586016375, 0.9224840691847027, 0.9374342253609638, 0.9273975206788179, 0.9461215058234846, 0.9525375865447293, 0.9328885920298328, 0.9500356452290419, 0.9506997144098874, 0.952437067653533, 0.9679021868546298, 0.9658553745763697, 0.9891853869483349], "val_acc": [0.1262937898089172, 0.1529657643312102, 0.1467953821656051, 0.2431329617834395, 0.4403861464968153, 0.551453025477707, 0.6822253184713376, 0.7231289808917197, 0.78015525477707, 0.8196656050955414, 0.8341958598726115, 0.841062898089172, 0.8401671974522293, 0.7808519108280255, 0.8406648089171974, 0.8316082802547771, 0.8438495222929936, 0.8417595541401274, 0.8481289808917197, 0.839968152866242, 0.8385748407643312, 0.8389729299363057, 0.8350915605095541, 0.8376791401273885, 0.8408638535031847, 0.8402667197452229, 0.8420581210191083, 0.8429538216560509, 0.8373805732484076, 0.8403662420382165, 0.8436504777070064, 0.8407643312101911, 0.8409633757961783, 0.8368829617834395, 0.8349920382165605, 0.8347929936305732, 0.8357882165605095, 0.8342953821656051, 0.839968152866242, 0.8377786624203821, 0.8411624203821656, 0.8382762738853503, 0.8378781847133758, 0.8405652866242038, 0.8404657643312102, 0.8423566878980892, 0.8430533439490446, 0.8404657643312102, 0.8404657643312102, 0.8379777070063694], "loss": [2.297215238213539, 2.279732808470726, 2.222272142767906, 2.1434428840875626, 1.8810011073946953, 1.4499826356768608, 1.0686743706464767, 0.7750817574560642, 0.5566703677177429, 0.32770246732980013, 0.2453075870871544, 0.08219119533896446, 0.06385568412952125, 0.05248270800802857, 0.03018374094972387, 0.012159225210780278, 0.021009289630455896, 0.009859110781690106, 0.007975367014296353, 0.004661218627006747, 0.006172591616632417, 0.007759405983961187, 0.010120338847627863, 0.008170281711500138, 0.004171232707449235, 0.00245012218147167, 0.0032131088810274377, 0.002257767930132104, 0.0023202211887110025, 0.0034791035286616534, 0.001575168269482674, 0.004109152621822432, 0.0033185320426127873, 0.0017182819574372843, 0.0010660903371899622, 0.0040684709456400014, 0.001026529137561738, 0.001629100770514924, 0.0013166909229767043, 0.002132453657395672, 0.0013927948421041947, 0.0017086164707507123, 0.0007679305226702127, 0.0007434156441377127, 0.0009328404175903415, 0.0006940927114555961, 0.000998138721115538, 0.001042420709381986, 0.003499673874102882, 0.0008585049308749149], "acc": [0.1123046875, 0.193359375, 0.2021484375, 0.2333984375, 0.3740234375, 0.509765625, 0.640625, 0.7431640625, 0.82421875, 0.884765625, 0.9287109375, 0.9833984375, 0.984375, 0.9853515625, 0.994140625, 1.0, 0.9970703125, 1.0, 0.9990234375, 1.0, 1.0, 0.998046875, 0.9970703125, 0.9990234375, 1.0, 1.0, 1.0, 1.0, 1.0, 0.9990234375, 1.0, 1.0, 0.998046875, 1.0, 1.0, 0.998046875, 1.0, 1.0, 1.0, 1.0, 1.0, 1.0, 1.0, 1.0, 1.0, 1.0, 1.0, 1.0, 0.9970703125, 1.0], "test_loss": 0.9044561367481947, "test_acc": 0.8500199044585988, "sample": "multi-normal-cluster"}