{"val_loss": [2.30013098838223, 2.300688506691319, 2.3504081136861426, 2.2694524655676194, 1.9454741447594515, 1.8237145698753892, 1.309140806365165, 1.2886844994915518, 1.1789114387931339, 1.1151904006292865, 0.9372866514382089, 1.2017124219305197, 1.07122735954394, 1.1046001965263088, 1.3870406567480913, 1.4240334854004488, 1.2796563443484579, 1.2798690294763844, 1.4429362402979735, 1.3978569699320824, 1.6065470027695796, 1.4565651802120694, 1.4712166552710686, 1.6602683705129442, 1.4613545766681622, 1.6059497469549726, 1.611877847818812, 1.524589119633292, 1.5582364893453136, 1.5693357178739682, 1.630642980337143, 1.6563949036370418, 1.6856387282253071, 1.5915563712074499, 1.6174862865050128, 1.6452397752529497, 1.6398048977942983, 1.6582120768963151, 1.7316701951300262, 1.7095648914006105, 1.7388351966810833, 1.8258334403964365, 1.6828763777283346, 1.7131614633806191, 1.6738366717650632, 1.6913062303688875, 1.722046858281087, 1.7098589839449354, 1.6724864301408173, 1.7164045619736812], "val_acc": [0.12291003184713375, 0.09713375796178345, 0.10429936305732485, 0.1500796178343949, 0.32404458598726116, 0.2805533439490446, 0.5366242038216561, 0.5665804140127388, 0.6264928343949044, 0.6928742038216561, 0.7145700636942676, 0.6914808917197452, 0.7314888535031847, 0.73328025477707, 0.7001393312101911, 0.7039211783439491, 0.7376592356687898, 0.7352707006369427, 0.7199442675159236, 0.7250199044585988, 0.6990445859872612, 0.7270103503184714, 0.7284036624203821, 0.7057125796178344, 0.7349721337579618, 0.7166600318471338, 0.7150676751592356, 0.7259156050955414, 0.7242237261146497, 0.7242237261146497, 0.7184514331210191, 0.7147691082802548, 0.7167595541401274, 0.7259156050955414, 0.7240246815286624, 0.7213375796178344, 0.7220342356687898, 0.7264132165605095, 0.7138734076433121, 0.7210390127388535, 0.7126791401273885, 0.7015326433121019, 0.7253184713375797, 0.7196457006369427, 0.7290007961783439, 0.7291003184713376, 0.7242237261146497, 0.7257165605095541, 0.7294984076433121, 0.7258160828025477], "loss": [2.2956048101186752, 2.262934461236, 2.175779789686203, 2.0772403478622437, 1.8355626463890076, 1.5439220890402794, 1.1886838413774967, 0.8580187447369099, 0.6610434427857399, 0.4096667030826211, 0.3204665705561638, 0.12862275959923863, 0.0914631790947169, 0.06423479481600225, 0.028364738100208342, 0.022833792900200933, 0.015743978146929294, 0.016828729698318057, 0.015772145037772134, 0.009440686364541762, 0.01513265365792904, 0.006769489889848046, 0.006369536837155465, 0.007287794112926349, 0.007638366354512982, 0.006656074227066711, 0.004027765568025643, 0.005467476759804413, 0.002322117448784411, 0.0026184944035776425, 0.00398321981265326, 0.006292621477768989, 0.002819230816385243, 0.006338582141324878, 0.002955365425805212, 0.002388632590736961, 0.004652046034607338, 0.0023653981606912566, 0.001611741306987824, 0.002049721061666787, 0.003393398312255158, 0.002028042363235727, 0.0013784560360363685, 0.0010978814934787806, 0.001420199314452475, 0.0023247139870363753, 0.005118733530252939, 0.0010870305659409496, 0.0021653887879438116, 0.0015336569913415588], "acc": [0.2109375, 0.2001953125, 0.1923828125, 0.2646484375, 0.3603515625, 0.482421875, 0.6181640625, 0.7333984375, 0.7880859375, 0.880859375, 0.8955078125, 0.9658203125, 0.970703125, 0.982421875, 0.994140625, 0.994140625, 0.9970703125, 0.9970703125, 0.998046875, 0.9990234375, 0.9970703125, 1.0, 1.0, 0.9990234375, 0.9990234375, 0.998046875, 1.0, 0.998046875, 1.0, 1.0, 0.9990234375, 0.998046875, 0.9990234375, 0.998046875, 0.9990234375, 1.0, 0.9990234375, 0.9990234375, 1.0, 1.0, 0.9990234375, 1.0, 1.0, 1.0, 1.0, 1.0, 0.9990234375, 1.0, 0.9990234375, 1.0], "test_loss": 1.6063451721410082, "test_acc": 0.7402468152866242, "sample": "normal-cluster"}