{"val_loss": [2.29874057830519, 2.2966778430209795, 2.295053349938362, 2.085676080861669, 1.6804577939829248, 1.793524380702122, 1.459803639323848, 1.340352670402284, 1.3926104527370187, 1.9478850152082503, 1.611880607096253, 1.8039308201735187, 1.998677148181162, 2.2007845549067113, 2.2690371977295847, 2.209943320910642, 2.299018018944248, 2.378963430216358, 2.39864661397448, 2.4585992629361, 2.4258367381278116, 2.5898589894270443, 2.5515581796503373, 2.5128916050218475, 2.684094507603129, 2.651601884775101, 2.7120247631315975, 2.7142237863343235, 2.7261385784786976, 2.8003606078731025, 2.7690459163325607, 2.8294425663674714, 2.8198067116889223, 2.820784308348492, 2.8625789391007395, 2.8673134093072004, 2.8933994530872176, 2.854433976161252, 2.960563914791034, 2.9084700004310364, 2.948492308331143, 2.9226633067343646, 3.038739116328537, 2.986435837236939, 3.0871551105171253, 3.022090725078704, 3.0106836116997298, 3.0475146423099906, 3.090349469974542, 3.123350566359842], "val_acc": [0.10599124203821655, 0.16132563694267515, 0.15416003184713375, 0.32046178343949044, 0.4518312101910828, 0.43212579617834396, 0.5634952229299363, 0.6035031847133758, 0.633359872611465, 0.5563296178343949, 0.646297770700637, 0.6525676751592356, 0.65734474522293, 0.6432125796178344, 0.6547571656050956, 0.660828025477707, 0.6604299363057324, 0.6455015923566879, 0.6602308917197452, 0.6594347133757962, 0.6657046178343949, 0.6547571656050956, 0.6618232484076433, 0.665406050955414, 0.6591361464968153, 0.6618232484076433, 0.6607285031847133, 0.6611265923566879, 0.6631170382165605, 0.6620222929936306, 0.6632165605095541, 0.6594347133757962, 0.6633160828025477, 0.6634156050955414, 0.6648089171974523, 0.6649084394904459, 0.6623208598726115, 0.6623208598726115, 0.6595342356687898, 0.6609275477707006, 0.6629179936305732, 0.6644108280254777, 0.6582404458598726, 0.6620222929936306, 0.658140923566879, 0.6603304140127388, 0.6639132165605095, 0.6613256369426752, 0.6611265923566879, 0.6584394904458599], "loss": [2.2966154515743256, 2.270268425345421, 2.201446384191513, 2.028352804481983, 1.6536612957715988, 1.3184900283813477, 1.0135071575641632, 0.7479798328131437, 0.4905784409493208, 0.3290847083553672, 0.22564971074461937, 0.17207126040011644, 0.08415476814843714, 0.10333980969153345, 0.06300780666060746, 0.04771230241749436, 0.02809597598388791, 0.05119532370008528, 0.026338282943470404, 0.019439227995462716, 0.02252831688383594, 0.014128227048786357, 0.019559351669158787, 0.009622684709029272, 0.012349382726824842, 0.009703602554509416, 0.0077421803725883365, 0.014714557182742283, 0.010303054430551128, 0.00721102932584472, 0.004567930234770756, 0.006823960306064691, 0.007047394225082826, 0.007418386361678131, 0.003917571360943839, 0.006831484257418197, 0.007671900464629289, 0.003152124147163704, 0.0031431784154847264, 0.0033566157580935396, 0.004466526443138719, 0.0028658319133683108, 0.003293777530416264, 0.001796315707906615, 0.0062062435172265396, 0.0034688456216827035, 0.0020242886093910784, 0.003093021543463692, 0.0023035556623653974, 0.0018247686393806362], "acc": [0.15234375, 0.1982421875, 0.2255859375, 0.28515625, 0.4375, 0.552734375, 0.671875, 0.7451171875, 0.8271484375, 0.884765625, 0.9287109375, 0.9423828125, 0.978515625, 0.962890625, 0.986328125, 0.9912109375, 0.9921875, 0.9794921875, 0.9912109375, 0.9970703125, 0.9931640625, 0.998046875, 0.9951171875, 0.9990234375, 0.9970703125, 0.998046875, 1.0, 0.99609375, 0.99609375, 0.9990234375, 1.0, 0.9990234375, 0.9990234375, 0.9970703125, 1.0, 0.998046875, 0.9990234375, 1.0, 1.0, 1.0, 0.9990234375, 1.0, 1.0, 1.0, 0.9970703125, 0.9990234375, 1.0, 1.0, 1.0, 1.0], "test_loss": 2.928196994742011, "test_acc": 0.6665007961783439, "sample": "normal"}