{"val_loss": [2.2998404776214794, 2.2994769879966785, 2.369636292670183, 2.308696736196044, 1.8721797284047315, 1.45518429188212, 1.4028470136557416, 0.9731622231993705, 0.7883179969848342, 0.642645789369656, 0.6777596848595674, 0.6021556097800564, 0.6156644513652583, 0.627530474192018, 0.58005961073432, 0.5968202291780217, 0.5325415780779662, 0.41792844321317735, 0.35938397104478187, 0.3987216650015989, 0.3466499564564152, 0.32687681462544543, 0.333126630942533, 0.29112563889687226, 0.321891909951617, 0.34109995015867195, 0.31792417459284805, 0.3317713461175656, 0.4119233615981166, 0.2819286800126076, 0.33934786432915054, 0.34880871233785415, 0.30453346317313656, 0.2912902741924308, 0.3157476017423638, 0.3208098237515445, 0.4004263470400196, 0.33984572718596195, 0.3626912104286206, 0.3542534328943747, 0.3196202962700823, 0.31867874370721777, 0.31978784788067743, 0.36529493217718356, 0.29201553422797494, 0.34218338436512336, 0.3205546839325837, 0.34033812781066225, 0.3194931257355982, 0.34652710904049905], "val_acc": [0.10380175159235669, 0.10300557324840764, 0.10290605095541401, 0.1545581210191083, 0.3916202229299363, 0.5151273885350318, 0.48835589171974525, 0.6575437898089171, 0.7455214968152867, 0.7842356687898089, 0.7830414012738853, 0.806827229299363, 0.7816480891719745, 0.7718949044585988, 0.8024482484076433, 0.7890127388535032, 0.8250398089171974, 0.866640127388535, 0.8859474522292994, 0.8691281847133758, 0.8920183121019108, 0.8981886942675159, 0.897890127388535, 0.9105294585987261, 0.9017714968152867, 0.8992834394904459, 0.9022691082802548, 0.9012738853503185, 0.8765923566878981, 0.917296974522293, 0.8986863057324841, 0.897093949044586, 0.9099323248407644, 0.9173964968152867, 0.908140923566879, 0.9109275477707006, 0.8902269108280255, 0.9103304140127388, 0.9038614649681529, 0.9063495222929936, 0.9121218152866242, 0.9176950636942676, 0.918093152866242, 0.9101313694267515, 0.9250597133757962, 0.9159036624203821, 0.9224721337579618, 0.9169984076433121, 0.9225716560509554, 0.9188893312101911], "loss": [2.295793369412422, 2.2604237347841263, 2.1536183953285217, 2.069229483604431, 1.8421066626906395, 1.5454953536391258, 1.3128882721066475, 1.0879501551389694, 0.9758951030671597, 0.7884688377380371, 0.8199784643948078, 0.717649320140481, 0.6130955331027508, 0.5398487132042646, 0.4737265557050705, 0.4319614116102457, 0.3928244486451149, 0.35443649627268314, 0.34349080454558134, 0.29642115719616413, 0.24519858229905367, 0.26665604673326015, 0.20247921720147133, 0.22372607374563813, 0.17540325690060854, 0.1763368840329349, 0.16350526548922062, 0.14933166233822703, 0.13799769803881645, 0.1316496329382062, 0.1176287173293531, 0.11343393521383405, 0.08766598650254309, 0.1065425134729594, 0.07852659397758543, 0.06685001426376402, 0.07114861370064318, 0.05164420325309038, 0.04912455129669979, 0.07460689381696284, 0.069523875718005, 0.050502676516771317, 0.03747575788293034, 0.044149292283691466, 0.03790452517569065, 0.039823493629228324, 0.035168815520592034, 0.02829589048633352, 0.04475074738729745, 0.0339014453929849], "acc": [0.1357421875, 0.2001953125, 0.1982421875, 0.2529296875, 0.4140625, 0.4814453125, 0.5712890625, 0.6533203125, 0.6767578125, 0.7470703125, 0.7314453125, 0.7646484375, 0.80859375, 0.81640625, 0.8486328125, 0.8603515625, 0.87890625, 0.8828125, 0.8818359375, 0.896484375, 0.9208984375, 0.916015625, 0.9306640625, 0.923828125, 0.94140625, 0.9365234375, 0.94921875, 0.9521484375, 0.9580078125, 0.9580078125, 0.9599609375, 0.9619140625, 0.966796875, 0.962890625, 0.9765625, 0.984375, 0.9833984375, 0.9833984375, 0.990234375, 0.9814453125, 0.9736328125, 0.9853515625, 0.9892578125, 0.98828125, 0.9873046875, 0.98828125, 0.990234375, 0.9921875, 0.9833984375, 0.990234375], "test_loss": 0.3306127126613383, "test_acc": 0.918093152866242, "sample": "normal-cluster"}