{"val_loss": [2.296951067675451, 2.3347773187479395, 2.3131428250841273, 1.8018581912775709, 1.4767692863561546, 1.1177172934173778, 0.8985982104471535, 0.8440440659690055, 1.1727800331297953, 0.8786933436325401, 0.9296280125713652, 0.9348567720431431, 1.1133664062448367, 1.0646593992117863, 1.0273819207480759, 1.0870619631686789, 1.1585460007190704, 1.133687364020545, 1.2017638904463714, 1.1833694836326465, 1.2098764119444378, 1.2058347380085357, 1.2798647983059002, 1.2490604943150927, 1.2860294308062572, 1.2421347894676171, 1.3028157130832885, 1.288924817067043, 1.2798882375002667, 1.2356819776213093, 1.264861675062377, 1.295975512617333, 1.2899535416038173, 1.2960658871633992, 1.312158490299799, 1.3705802661882844, 1.3558720832417726, 1.3253023224366698, 1.358207880928638, 1.3444897967633929, 1.3348701826895877, 1.3356811498665506, 1.339420964549871, 1.3725463498360033, 1.3854710007928739, 1.35309111395744, 1.4322685694713502, 1.3789991549435694, 1.4607644530048796, 1.3850523730277255], "val_acc": [0.09802945859872611, 0.09783041401273886, 0.23387738853503184, 0.3458399681528662, 0.4925358280254777, 0.616640127388535, 0.7059116242038217, 0.7456210191082803, 0.6663017515923567, 0.7595541401273885, 0.7595541401273885, 0.7736863057324841, 0.7590565286624203, 0.7670183121019108, 0.7794585987261147, 0.7778662420382165, 0.7779657643312102, 0.7829418789808917, 0.7784633757961783, 0.7745820063694268, 0.7824442675159236, 0.7784633757961783, 0.775577229299363, 0.7814490445859873, 0.7792595541401274, 0.7838375796178344, 0.7791600318471338, 0.7792595541401274, 0.7822452229299363, 0.7868232484076433, 0.7854299363057324, 0.783140923566879, 0.7826433121019108, 0.7875199044585988, 0.785828025477707, 0.7817476114649682, 0.7836385350318471, 0.7855294585987261, 0.7852308917197452, 0.7847332802547771, 0.7846337579617835, 0.7851313694267515, 0.788515127388535, 0.7855294585987261, 0.7846337579617835, 0.7883160828025477, 0.7824442675159236, 0.7874203821656051, 0.7777667197452229, 0.7880175159235668], "loss": [2.2912486791610718, 2.2161771804094315, 2.0581330731511116, 1.7281749844551086, 1.2304181531071663, 0.8390135169029236, 0.6310286540538073, 0.39200014621019363, 0.3170377928763628, 0.2563292644917965, 0.13941009622067213, 0.09858969296328723, 0.052586545469239354, 0.08473540120758116, 0.03693444363307208, 0.022050300263799727, 0.017093335394747555, 0.019587577262427658, 0.009699346461275127, 0.024785263609373942, 0.01056711032288149, 0.005241039536485914, 0.00974166549713118, 0.00946163426124258, 0.013448524936393369, 0.009563027168042026, 0.012044384075124981, 0.0036066434913664125, 0.004245477295626188, 0.0090032371081179, 0.002092042450385634, 0.004865372400672641, 0.003923234085959848, 0.003267755681008566, 0.0084087754948996, 0.002701638670259854, 0.004998487180273514, 0.0024819738027872518, 0.0033750883521861397, 0.004169843698036857, 0.0045074097597535, 0.0011895912793988828, 0.0015272458585968707, 0.0013935087135905633, 0.0015268142633431125, 0.0013492229118128307, 0.002548798738644109, 0.007004119746852666, 0.007939184690258116, 0.007196307987214823], "acc": [0.1591796875, 0.16796875, 0.240234375, 0.4755859375, 0.5849609375, 0.7177734375, 0.791015625, 0.8603515625, 0.8896484375, 0.9072265625, 0.95703125, 0.9765625, 0.9912109375, 0.9736328125, 0.9912109375, 0.9970703125, 0.99609375, 0.998046875, 0.9990234375, 0.9921875, 1.0, 0.9990234375, 0.998046875, 0.998046875, 0.99609375, 0.9970703125, 0.9970703125, 1.0, 1.0, 0.9970703125, 1.0, 0.9990234375, 0.9990234375, 1.0, 0.9970703125, 1.0, 0.9990234375, 1.0, 0.9990234375, 0.9990234375, 0.998046875, 1.0, 1.0, 1.0, 1.0, 1.0, 1.0, 0.9970703125, 0.998046875, 0.998046875], "test_loss": 1.3711761496367918, "test_acc": 0.7960788216560509, "sample": "multi-normal-cluster"}