{"val_loss": [2.2997031166295336, 2.29655043182859, 2.2917026698968974, 2.2868915849430547, 2.0488858055916563, 1.850207950658859, 1.3823957424254933, 1.3930488464179311, 1.046952429280919, 1.523902062777501, 1.3966804845317913, 1.476811598440644, 1.6002412597844555, 1.6659183283899999, 1.7803991395197096, 1.7693044199685382, 1.8202707137271856, 1.8449454768827767, 2.0119590372036975, 1.9532389013440745, 2.0320846111911117, 1.9852114524810938, 2.028697984993078, 2.015794875895142, 2.0932302395249627, 2.092077995181843, 2.1828705539369277, 2.091393629077134, 2.1170243742359673, 2.124144588686099, 2.0689173693869525, 2.0702429607415653, 2.1503520793975537, 2.1714518783958097, 2.1652427433402677, 2.190184381737071, 2.1589542521033316, 2.168804823213322, 2.186892761356512, 2.1722212760311783, 2.1895576798991794, 2.2123074421457423, 2.244517014284802, 2.2294718023318394, 2.265007580161854, 2.2602194078788638, 2.2395330449198463, 2.2411300748776477, 2.241194987752635, 2.3117791247216], "val_acc": [0.1035031847133758, 0.13276273885350318, 0.12778662420382167, 0.1080812101910828, 0.2818471337579618, 0.4083399681528662, 0.5709593949044586, 0.6227109872611465, 0.7022292993630573, 0.6257961783439491, 0.693172770700637, 0.6957603503184714, 0.7209394904458599, 0.7166600318471338, 0.7163614649681529, 0.7258160828025477, 0.7213375796178344, 0.7259156050955414, 0.7089968152866242, 0.7226313694267515, 0.7108877388535032, 0.7186504777070064, 0.7145700636942676, 0.7223328025477707, 0.714968152866242, 0.7236265923566879, 0.7074044585987261, 0.7185509554140127, 0.7154657643312102, 0.7162619426751592, 0.7221337579617835, 0.726015127388535, 0.7184514331210191, 0.7242237261146497, 0.7248208598726115, 0.7148686305732485, 0.7195461783439491, 0.7227308917197452, 0.7194466560509554, 0.7229299363057324, 0.7222332802547771, 0.7186504777070064, 0.7171576433121019, 0.71984474522293, 0.7197452229299363, 0.7161624203821656, 0.7210390127388535, 0.7181528662420382, 0.721437101910828, 0.7171576433121019], "loss": [2.30034576356411, 2.2923040091991425, 2.272960677742958, 2.2277670204639435, 2.113400414586067, 1.7207896709442139, 1.3863884471356869, 1.0551233887672424, 0.773728534579277, 0.49055363796651363, 0.2617259272374213, 0.20678114471957088, 0.06368379108607769, 0.06696763751097023, 0.04659852822078392, 0.027074298704974353, 0.013142352836439386, 0.012998726131627336, 0.010066354487207718, 0.010582703063846566, 0.0065966604597633705, 0.009420254275028128, 0.006996920194069389, 0.007700800895690918, 0.0034696386792347766, 0.0028201872555655427, 0.004937291087117046, 0.005136505831615068, 0.005457464070786955, 0.0024410230907960795, 0.0028061654084012844, 0.001947428694620612, 0.0025137131633528043, 0.003968586026530829, 0.0023556160795124015, 0.00398396524542477, 0.0015874981363594998, 0.0036666437772510108, 0.0018174645911130938, 0.0020685374329332262, 0.0044645917805610225, 0.002829350869433256, 0.0018815801358869066, 0.0010432265871713753, 0.0020321927795521333, 0.00145241463678758, 0.0014662514549854677, 0.001442728092570178, 0.0015079983759278548, 0.0010450478607708646], "acc": [0.11328125, 0.1640625, 0.2099609375, 0.1806640625, 0.2822265625, 0.3955078125, 0.53125, 0.640625, 0.7412109375, 0.83203125, 0.9267578125, 0.9365234375, 0.9853515625, 0.982421875, 0.9873046875, 0.9931640625, 0.9990234375, 0.99609375, 1.0, 0.9970703125, 0.9990234375, 0.998046875, 1.0, 0.998046875, 1.0, 0.9990234375, 1.0, 0.9990234375, 0.998046875, 1.0, 1.0, 1.0, 1.0, 0.9990234375, 1.0, 0.9990234375, 1.0, 1.0, 1.0, 1.0, 0.9990234375, 0.9990234375, 1.0, 1.0, 1.0, 1.0, 1.0, 1.0, 1.0, 1.0], "test_loss": 2.1445735894191036, "test_acc": 0.7164609872611465, "sample": "uniform-cluster"}