{"val_loss": [2.300869958415912, 2.296968748615046, 2.293201297711415, 2.2839833854869673, 2.199944086135573, 2.0495282252123403, 1.4537509862025073, 1.273744741063209, 0.9996957133530052, 0.7910337332327655, 0.7175746020048287, 0.7131688468585349, 0.6599105155202234, 0.4574503770015042, 0.4932069842982444, 0.35910684340129234, 0.3709490992793232, 0.3634125958107839, 0.34757482165553766, 0.3486919478768376, 0.3115673805260734, 0.2876702369469556, 0.3378325236640918, 0.29111508631212696, 0.2715315070762566, 0.28687918911077037, 0.29105080409082257, 0.27253730172160895, 0.27564296201108746, 0.286183718236009, 0.25816960468040007, 0.2559265596169243, 0.2916999161006159, 0.3167152366390345, 0.2657049882884143, 0.2876705953608131, 0.26638824364265346, 0.26827805140055716, 0.271474065285793, 0.27703535984638056, 0.2859721366304216, 0.28040150820298393, 0.29051634447224983, 0.30289367110035414, 0.2810959653768712, 0.29965735582677816, 0.2924572065350997, 0.28187346677103076, 0.2711793638018381, 0.27775438438773237], "val_acc": [0.09743232484076433, 0.09713375796178345, 0.09852707006369427, 0.09882563694267515, 0.21984474522292993, 0.29289410828025475, 0.5119426751592356, 0.6145501592356688, 0.6733678343949044, 0.7520899681528662, 0.7684116242038217, 0.765625, 0.7796576433121019, 0.8584792993630573, 0.8354896496815286, 0.8877388535031847, 0.8801751592356688, 0.8805732484076433, 0.8837579617834395, 0.8842555732484076, 0.9032643312101911, 0.9080414012738853, 0.8964968152866242, 0.9090366242038217, 0.9185907643312102, 0.9131170382165605, 0.9088375796178344, 0.9194864649681529, 0.9184912420382165, 0.9168988853503185, 0.9253582802547771, 0.9272492038216561, 0.9140127388535032, 0.9136146496815286, 0.9253582802547771, 0.9235668789808917, 0.9265525477707006, 0.9289410828025477, 0.9277468152866242, 0.9278463375796179, 0.9244625796178344, 0.9282444267515924, 0.925656847133758, 0.9233678343949044, 0.9280453821656051, 0.9227707006369427, 0.9267515923566879, 0.9274482484076433, 0.9320262738853503, 0.9301353503184714], "loss": [2.299662798643112, 2.2900649905204773, 2.2714943885803223, 2.2336359918117523, 2.1554183065891266, 1.9192171692848206, 1.6295120865106583, 1.3925913944840431, 1.18761595338583, 0.9783450216054916, 0.8833999447524548, 0.7790265902876854, 0.7056437097489834, 0.5878715571016073, 0.571019571274519, 0.484290961176157, 0.4355269744992256, 0.37822393234819174, 0.36460971273481846, 0.27847061585634947, 0.29781198827549815, 0.24055341631174088, 0.23418977204710245, 0.17708494793623686, 0.1747730120550841, 0.1669506416656077, 0.15305555262602866, 0.12969537521712482, 0.10658950009383261, 0.09248926397413015, 0.11269983055535704, 0.07896326575428247, 0.07183845259714872, 0.06715482659637928, 0.06389250536449254, 0.06753970345016569, 0.057344339322298765, 0.04983716062270105, 0.04589663364458829, 0.04370639915578067, 0.03308184863999486, 0.03896099823759869, 0.027648487652186304, 0.04212702551740222, 0.032771333353593946, 0.03508296306245029, 0.03138956055045128, 0.046516046044416726, 0.035764527041465044, 0.021548818796873093], "acc": [0.140625, 0.140625, 0.1357421875, 0.1552734375, 0.177734375, 0.361328125, 0.474609375, 0.5556640625, 0.619140625, 0.6630859375, 0.7236328125, 0.7421875, 0.7578125, 0.81640625, 0.802734375, 0.849609375, 0.8515625, 0.8828125, 0.87890625, 0.90234375, 0.904296875, 0.923828125, 0.9189453125, 0.9443359375, 0.939453125, 0.94140625, 0.953125, 0.9599609375, 0.9677734375, 0.9716796875, 0.9619140625, 0.9765625, 0.9814453125, 0.978515625, 0.9765625, 0.9794921875, 0.9794921875, 0.982421875, 0.9833984375, 0.98828125, 0.994140625, 0.990234375, 0.9931640625, 0.9873046875, 0.98828125, 0.98828125, 0.9931640625, 0.984375, 0.9892578125, 0.9951171875], "test_loss": 0.26804396587240087, "test_acc": 0.934812898089172, "sample": "uniform-cluster"}