{"val_loss": [2.299123291756697, 2.291291973393434, 2.296120576797777, 2.165273772683113, 1.5415712648136601, 1.1683359992731908, 0.959494674661357, 0.7108473119082724, 0.6573489452623258, 0.63736253521245, 0.6264671632059061, 0.48905659182246325, 0.4307813222051426, 0.48127066766380505, 0.39759474947668944, 0.3870583818928831, 0.3897445975642675, 0.35303466031505804, 0.3356190063415249, 0.37685315664501706, 0.3786633613691398, 0.3351960136750891, 0.3009755834877776, 0.31505997858609364, 0.3060551120152187, 0.3486684278828228, 0.29090030847864734, 0.3172662320967977, 0.29108823813901397, 0.31293978615942747, 0.28199832654813195, 0.28156153538566864, 0.29968551865476334, 0.2881870274758263, 0.3120420410929568, 0.2938124334000668, 0.2804907314556467, 0.2872504510614238, 0.2813318685449031, 0.30964034051889444, 0.3065022133041624, 0.29303402026149794, 0.30352041985176703, 0.29145994821450655, 0.28664866246128823, 0.30510542097658655, 0.31376696823559297, 0.2927648196505549, 0.29030756742373154, 0.30551123865887486], "val_acc": [0.17963773885350318, 0.15625, 0.21238057324840764, 0.28363853503184716, 0.5839968152866242, 0.6016122611464968, 0.6588375796178344, 0.7716958598726115, 0.7964769108280255, 0.7986664012738853, 0.7940883757961783, 0.8471337579617835, 0.871218152866242, 0.8507165605095541, 0.8808718152866242, 0.8783837579617835, 0.8763933121019108, 0.8892316878980892, 0.8958001592356688, 0.8824641719745223, 0.8877388535031847, 0.8976910828025477, 0.9075437898089171, 0.9083399681528662, 0.9106289808917197, 0.8985867834394905, 0.9118232484076433, 0.9083399681528662, 0.9150079617834395, 0.9106289808917197, 0.9181926751592356, 0.9213773885350318, 0.9128184713375797, 0.9186902866242038, 0.9148089171974523, 0.9192874203821656, 0.92296974522293, 0.921875, 0.926453025477707, 0.9178941082802548, 0.9205812101910829, 0.9220740445859873, 0.9240644904458599, 0.9243630573248408, 0.9242635350318471, 0.9240644904458599, 0.9225716560509554, 0.9277468152866242, 0.9276472929936306, 0.9258558917197452], "loss": [2.2986613363027573, 2.2785581201314926, 2.209245875477791, 2.105454869568348, 1.7890898436307907, 1.3391613364219666, 1.0187986604869366, 0.8488995619118214, 0.7299324721097946, 0.6143569611012936, 0.5184755250811577, 0.4945376608520746, 0.46119569055736065, 0.42386750504374504, 0.357936161570251, 0.3684118837118149, 0.32024121284484863, 0.31001437455415726, 0.2645598901435733, 0.26783229783177376, 0.25523363519459963, 0.1974313547834754, 0.26373107731342316, 0.18633818766102195, 0.14786277804523706, 0.18153897812590003, 0.1564769707620144, 0.1551756022963673, 0.1701942605432123, 0.11357886740006506, 0.14970344817265868, 0.12921592872589827, 0.11653829016722739, 0.10105990362353623, 0.10216800426132977, 0.08993959426879883, 0.10156991751864552, 0.07457705587148666, 0.09317182330414653, 0.08076768135651946, 0.08268718072213233, 0.09965459565864876, 0.07650764286518097, 0.06343291653320193, 0.07918377267196774, 0.05403593566734344, 0.05505034455563873, 0.05661420291289687, 0.05367757339263335, 0.04006934794597328], "acc": [0.1435546875, 0.2177734375, 0.2177734375, 0.291015625, 0.4072265625, 0.5625, 0.6669921875, 0.7275390625, 0.7724609375, 0.8037109375, 0.830078125, 0.8330078125, 0.8505859375, 0.8515625, 0.89453125, 0.8837890625, 0.8876953125, 0.8876953125, 0.9111328125, 0.90234375, 0.9111328125, 0.9287109375, 0.9052734375, 0.939453125, 0.9521484375, 0.9296875, 0.9501953125, 0.947265625, 0.94140625, 0.958984375, 0.9482421875, 0.9580078125, 0.9638671875, 0.962890625, 0.9658203125, 0.9677734375, 0.96484375, 0.9814453125, 0.966796875, 0.974609375, 0.9736328125, 0.9658203125, 0.9755859375, 0.9814453125, 0.9697265625, 0.982421875, 0.982421875, 0.98046875, 0.9794921875, 0.9892578125], "test_loss": 0.3075025356196721, "test_acc": 0.9248606687898089, "sample": "random"}