{"val_loss": [2.296343877816656, 2.359958525675877, 2.298420004024627, 1.9423753767256524, 1.305467613563416, 1.323057697457113, 0.9513665244078181, 0.9615613518247179, 1.373488779660243, 1.0108358085535134, 1.4447983736824836, 1.2585765930118076, 1.2912338030566075, 1.4219491297652007, 1.3715733290667746, 1.4502094152626719, 1.5047201156426386, 1.5505736925799376, 1.5572948138804952, 1.6279388770555994, 1.6386968784841003, 1.7028860464027733, 1.8391006495922235, 1.7157357783074592, 1.7990868055516747, 1.7500845960276141, 1.7833969056796117, 1.7475436288080397, 1.8119260491269409, 1.7973649281605033, 1.9693246786571612, 1.8691944766576123, 1.9419464591392286, 1.7820228914356535, 1.9405100469946102, 1.851420971997984, 1.8844614443695469, 1.9246552007593167, 1.9589238947933647, 1.9947938643823004, 2.003242263558564, 2.007644424867478, 2.101320468506236, 2.023894460148113, 2.101009039837084, 1.932888758410314, 2.001269282049434, 2.000362860928675, 2.0266014988634997, 1.9994086926909769], "val_acc": [0.18212579617834396, 0.16152468152866242, 0.265625, 0.32663216560509556, 0.5711584394904459, 0.5262738853503185, 0.7018312101910829, 0.6940684713375797, 0.6474920382165605, 0.7358678343949044, 0.6770501592356688, 0.7347730891719745, 0.7434315286624203, 0.7283041401273885, 0.7422372611464968, 0.7430334394904459, 0.7482085987261147, 0.7442277070063694, 0.7500995222929936, 0.7457205414012739, 0.7491042993630573, 0.7457205414012739, 0.7383558917197452, 0.7483081210191083, 0.7449243630573248, 0.7515923566878981, 0.7494028662420382, 0.7531847133757962, 0.7511942675159236, 0.7513933121019108, 0.7361664012738853, 0.7477109872611465, 0.7475119426751592, 0.7576632165605095, 0.7444267515923567, 0.7531847133757962, 0.7503980891719745, 0.7488057324840764, 0.7497014331210191, 0.7463176751592356, 0.7465167197452229, 0.7457205414012739, 0.7358678343949044, 0.7469148089171974, 0.7407444267515924, 0.7546775477707006, 0.7478105095541401, 0.7520899681528662, 0.74890525477707, 0.751890923566879], "loss": [2.2869240939617157, 2.1839709132909775, 2.020874373614788, 1.6514772772789001, 1.3170486688613892, 0.9993295967578888, 0.7296889275312424, 0.5464911945164204, 0.37672519125044346, 0.30773276928812265, 0.23731062095612288, 0.12156484508886933, 0.11997157987207174, 0.1012381159234792, 0.06389052898157388, 0.055031484458595514, 0.027208572602830827, 0.0403288088273257, 0.027525352488737553, 0.0245259603834711, 0.014732038587681018, 0.021650600421708077, 0.01372371957404539, 0.019121555233141407, 0.015503898699535057, 0.01736538443947211, 0.01060245677945204, 0.007190334654296748, 0.011512144381413236, 0.010639748157700524, 0.007694260813877918, 0.007550144415290561, 0.00735829517361708, 0.010489407082786784, 0.012727391171210911, 0.009615790408133762, 0.0074431695029488765, 0.0060743878420908, 0.006829945989011321, 0.0032012085139285773, 0.005622776512609562, 0.004779625691298861, 0.012663225305004744, 0.005165266109543154, 0.0041998424458142836, 0.005970617221464636, 0.0023206471705634613, 0.004538389530353015, 0.0036128935680608265, 0.001382472564728232], "acc": [0.181640625, 0.2158203125, 0.3251953125, 0.4697265625, 0.54296875, 0.66015625, 0.7587890625, 0.8037109375, 0.880859375, 0.8935546875, 0.9345703125, 0.9599609375, 0.966796875, 0.9638671875, 0.9833984375, 0.9873046875, 0.9951171875, 0.9912109375, 0.98828125, 0.9951171875, 0.998046875, 0.9931640625, 0.9970703125, 0.9951171875, 0.994140625, 0.99609375, 0.9990234375, 0.9990234375, 0.9970703125, 0.998046875, 0.9990234375, 0.9990234375, 0.9990234375, 0.9990234375, 0.9970703125, 0.9970703125, 0.9990234375, 0.9970703125, 0.998046875, 1.0, 1.0, 0.9990234375, 0.99609375, 1.0, 0.9990234375, 0.9970703125, 1.0, 0.998046875, 1.0, 1.0], "test_loss": 1.944053943085063, "test_acc": 0.7593550955414012, "sample": "multi-normal-cluster"}