{"val_loss": [2.301324621127669, 2.2987587679723265, 2.293030164803669, 2.2744555913718645, 2.1953875654062647, 1.7917453741571705, 1.36387120158809, 1.155363017586386, 0.8903757371720235, 0.8009551613573815, 0.7120828750027213, 0.6393364480916103, 0.591562659260194, 0.5437506775187838, 0.5424346376186723, 0.5115688198311313, 0.45561552123658977, 0.40678276852437645, 0.3745959480975274, 0.403097692355039, 0.3457497702614897, 0.3505733486288672, 0.3624283463344168, 0.365406634950429, 0.3583956719227847, 0.3343433117031292, 0.3770274609493412, 0.3435285732411085, 0.3430946091023885, 0.3931260249180019, 0.36284683057504474, 0.38619381292562954, 0.36371098350804704, 0.3559818669418051, 0.34749412728817597, 0.3314265940682429, 0.32734429908050283, 0.33652681057121914, 0.32012140915497755, 0.3419143847504239, 0.3403075401594115, 0.34448026357349126, 0.34082969054757695, 0.3535298728739997, 0.3507949736734532, 0.35144077956818853, 0.35497745408551995, 0.34079523293663316, 0.36787399504879476, 0.3688547176243678], "val_acc": [0.12708996815286625, 0.14719347133757962, 0.16003184713375795, 0.2154657643312102, 0.3244426751592357, 0.3572850318471338, 0.5431926751592356, 0.6819267515923567, 0.7303941082802548, 0.7621417197452229, 0.7595541401273885, 0.8064291401273885, 0.8115047770700637, 0.8218550955414012, 0.8288216560509554, 0.8358877388535032, 0.856687898089172, 0.8726114649681529, 0.8855493630573248, 0.8741042993630573, 0.8964968152866242, 0.8943073248407644, 0.8930135350318471, 0.8921178343949044, 0.8939092356687898, 0.9021695859872612, 0.895203025477707, 0.9019705414012739, 0.9013734076433121, 0.8930135350318471, 0.898984872611465, 0.8960987261146497, 0.8993829617834395, 0.9015724522292994, 0.9054538216560509, 0.9115246815286624, 0.9187898089171974, 0.910031847133758, 0.9188893312101911, 0.9139132165605095, 0.9141122611464968, 0.9106289808917197, 0.9161027070063694, 0.9141122611464968, 0.9113256369426752, 0.9133160828025477, 0.9168988853503185, 0.9175955414012739, 0.9124203821656051, 0.9122213375796179], "loss": [2.3011816293001175, 2.2973158210515976, 2.288366988301277, 2.26978200674057, 2.2033653557300568, 1.9410639107227325, 1.5517788976430893, 1.380567617714405, 1.1196239553391933, 1.0009854063391685, 0.8295453488826752, 0.7726492919027805, 0.6669144947081804, 0.6375889405608177, 0.5786000359803438, 0.46960802003741264, 0.47772545740008354, 0.4028634335845709, 0.38897307962179184, 0.2999195051379502, 0.3236426059156656, 0.26628565322607756, 0.25655126478523016, 0.22581954207271338, 0.22272041719406843, 0.18584526423364878, 0.15397999063134193, 0.17965086130425334, 0.15923296147957444, 0.14346249727532268, 0.10774388001300395, 0.14338926738128066, 0.116943484172225, 0.11475146375596523, 0.1100992492865771, 0.09844803810119629, 0.0840820751618594, 0.10311976599041373, 0.07461990136653185, 0.087513183709234, 0.06808302726130933, 0.07807217980735004, 0.06502891215495765, 0.0668863196624443, 0.05281886667944491, 0.07533023494761437, 0.061581239686347544, 0.05945916724158451, 0.05914306448539719, 0.047491726640146226], "acc": [0.0966796875, 0.1396484375, 0.189453125, 0.2265625, 0.279296875, 0.3603515625, 0.4736328125, 0.5263671875, 0.6357421875, 0.6689453125, 0.73046875, 0.75, 0.783203125, 0.7861328125, 0.8037109375, 0.8408203125, 0.8291015625, 0.8759765625, 0.8671875, 0.8984375, 0.8798828125, 0.9072265625, 0.91015625, 0.916015625, 0.9287109375, 0.9365234375, 0.9482421875, 0.9404296875, 0.9462890625, 0.953125, 0.9638671875, 0.9453125, 0.9599609375, 0.9580078125, 0.9609375, 0.9609375, 0.9755859375, 0.9609375, 0.9755859375, 0.974609375, 0.98046875, 0.9755859375, 0.9775390625, 0.9765625, 0.986328125, 0.974609375, 0.978515625, 0.9814453125, 0.9755859375, 0.984375], "test_loss": 0.3700809441388223, "test_acc": 0.9163017515923567, "sample": "normal"}