{"val_loss": [2.298367869322467, 2.2906984083212105, 2.3018536673989267, 1.9551519823681778, 2.2881396006626686, 1.1663067796427733, 1.0403679713701746, 1.1570373938721457, 1.225608252415991, 1.1529884031813615, 1.266949829497155, 1.2932386366045399, 1.378598705693415, 1.4232490171387697, 1.4438619403417703, 1.5031392888468542, 1.534182395714863, 1.52690838229884, 1.5501671593612547, 1.664124323114468, 1.6057715868684137, 1.6389387764843406, 1.67148466882812, 1.6920175721311266, 1.7244172796701929, 1.69774446757451, 1.6900123751894305, 1.6387129033067425, 1.6549464274363912, 1.6795963101136457, 1.7572917232562781, 1.7365608563658539, 1.7219194257335297, 1.7348688757343658, 1.72398631521471, 1.7475096314765846, 1.695798398392975, 1.8198473255630512, 1.7767522254258774, 1.8402507421886845, 1.7576140598127037, 1.7290223927539625, 1.8017033342105948, 1.7728653869051842, 1.8450489688640948, 1.8016277782761367, 1.760759439485468, 1.7781785782545236, 1.8380144827874603, 1.7903932044935074], "val_acc": [0.13236464968152867, 0.10230891719745223, 0.2275079617834395, 0.31110668789808915, 0.3271297770700637, 0.6137539808917197, 0.6709792993630573, 0.7052149681528662, 0.698546974522293, 0.7570660828025477, 0.7428343949044586, 0.758359872611465, 0.7597531847133758, 0.7603503184713376, 0.7602507961783439, 0.7573646496815286, 0.759156050955414, 0.7627388535031847, 0.7647292993630573, 0.7589570063694268, 0.7630374203821656, 0.7560708598726115, 0.7612460191082803, 0.7598527070063694, 0.7468152866242038, 0.7619426751592356, 0.7568670382165605, 0.7679140127388535, 0.7663216560509554, 0.7609474522292994, 0.7534832802547771, 0.7597531847133758, 0.7627388535031847, 0.7603503184713376, 0.7625398089171974, 0.7674164012738853, 0.7664211783439491, 0.7594546178343949, 0.761046974522293, 0.7517914012738853, 0.7651273885350318, 0.7661226114649682, 0.7672173566878981, 0.7657245222929936, 0.7612460191082803, 0.7621417197452229, 0.7614450636942676, 0.763734076433121, 0.7588574840764332, 0.7642316878980892], "loss": [2.2954497188329697, 2.2660384476184845, 2.165718898177147, 1.9681428372859955, 1.3494622446596622, 0.9764703288674355, 0.5626692119985819, 0.3503761924803257, 0.2638992122374475, 0.10543600399978459, 0.06283059960696846, 0.04584047012031078, 0.022706203279085457, 0.0258131914306432, 0.02669372718082741, 0.016378186002839357, 0.018130990109057166, 0.008088270013104193, 0.006277920852880925, 0.007271179812960327, 0.008421489423199091, 0.00555171501764562, 0.005039285988459596, 0.009633776317059528, 0.004899956329609267, 0.005014321432099678, 0.006822226459917147, 0.0035172326261090348, 0.0024633196590002626, 0.002669513603905216, 0.00499945689807646, 0.003738653853361029, 0.001280723981835763, 0.004653315176256001, 0.0023992893475224264, 0.0023297280731640058, 0.0052616602606576635, 0.0036144671139481943, 0.0021474253298947588, 0.003814054580288939, 0.0025538336358295055, 0.0025760920871107373, 0.004039214463773533, 0.0014388332456292119, 0.0022001998959240154, 0.0023862769367042347, 0.003131693303657812, 0.0009551608445690363, 0.004978113411198137, 0.0017305406736340956], "acc": [0.1318359375, 0.2158203125, 0.2177734375, 0.361328125, 0.5791015625, 0.6982421875, 0.822265625, 0.873046875, 0.921875, 0.974609375, 0.9833984375, 0.9873046875, 0.994140625, 0.9951171875, 0.990234375, 0.99609375, 0.99609375, 0.998046875, 0.9990234375, 1.0, 0.998046875, 0.9990234375, 1.0, 0.9951171875, 1.0, 0.9990234375, 0.9970703125, 1.0, 1.0, 1.0, 0.998046875, 1.0, 1.0, 0.9990234375, 1.0, 1.0, 0.9990234375, 1.0, 1.0, 0.998046875, 0.9990234375, 0.9990234375, 0.9990234375, 1.0, 1.0, 1.0, 0.9990234375, 1.0, 0.9990234375, 1.0], "test_loss": 1.6461082312521662, "test_acc": 0.7741839171974523, "sample": "random"}