{"val_loss": [2.2986885468671274, 2.2940225753055254, 2.3261424887711835, 2.1821042640953308, 1.7894924218487587, 1.276396121948388, 1.0244938260430743, 0.7203213878118309, 0.7815952042865145, 0.6340693564741475, 0.6386619510164686, 0.549444372059813, 0.49505115627862845, 0.41590357320323873, 0.40905916958952404, 0.3876477432478765, 0.4026020008857083, 0.38106116705876625, 0.34218822546588007, 0.3242705379061069, 0.36658666839906173, 0.3407750985033478, 0.4105373924467594, 0.33158440092448027, 0.3288917268691644, 0.3347593509253992, 0.30170341324250977, 0.36303104671418285, 0.3641865253329847, 0.31697930262874885, 0.3207582789858815, 0.31340250519777585, 0.3758402188682252, 0.33274436732872753, 0.33759802159153307, 0.3358310844933104, 0.3289437157281372, 0.338110868762704, 0.3481566924097574, 0.34088819277929555, 0.2928545476733796, 0.3254995426314343, 0.36125534101816453, 0.32455810476583874, 0.31361675562443075, 0.36119113628423305, 0.37133192160510853, 0.3474807118284027, 0.35521120980647425, 0.3275908223638062], "val_acc": [0.13992834394904458, 0.17167595541401273, 0.1744625796178344, 0.287718949044586, 0.4554140127388535, 0.5538415605095541, 0.6482882165605095, 0.7780652866242038, 0.7496019108280255, 0.78234474522293, 0.796875, 0.830015923566879, 0.8459394904458599, 0.8788813694267515, 0.8751990445859873, 0.8821656050955414, 0.8800756369426752, 0.8839570063694268, 0.8940087579617835, 0.90515525477707, 0.8903264331210191, 0.8972929936305732, 0.8743033439490446, 0.9000796178343949, 0.8991839171974523, 0.8998805732484076, 0.9111265923566879, 0.8958996815286624, 0.8909235668789809, 0.910828025477707, 0.9041600318471338, 0.9122213375796179, 0.8963972929936306, 0.9068471337579618, 0.9077428343949044, 0.9098328025477707, 0.9144108280254777, 0.9070461783439491, 0.9072452229299363, 0.9083399681528662, 0.9249601910828026, 0.9148089171974523, 0.9072452229299363, 0.9133160828025477, 0.9222730891719745, 0.9120222929936306, 0.9095342356687898, 0.915406050955414, 0.9166003184713376, 0.9223726114649682], "loss": [2.2961762994527817, 2.2683905214071274, 2.184865489602089, 2.0988901183009148, 1.83085485547781, 1.4062580987811089, 1.1443244069814682, 0.8231504708528519, 0.7383258957415819, 0.5731013063341379, 0.5418413542211056, 0.5034198928624392, 0.43002342246472836, 0.36489331629127264, 0.3437564177438617, 0.34325122088193893, 0.28645448107272387, 0.2960762130096555, 0.21483624493703246, 0.22512464970350266, 0.20490357698872685, 0.19482902018353343, 0.17763945879414678, 0.16708721267059445, 0.17649623891338706, 0.1544310343451798, 0.13978470722213387, 0.12909812992438674, 0.13401670951861888, 0.11993625573813915, 0.10688973008655012, 0.0879290415905416, 0.10064951493404806, 0.09316430962644517, 0.09520074864849448, 0.08642445120494813, 0.073823387385346, 0.0805139533476904, 0.08355910377576947, 0.06633913004770875, 0.055218104273080826, 0.05948254989925772, 0.050415900885127485, 0.05660936888307333, 0.04973091243300587, 0.05220963689498603, 0.041766358946915716, 0.04146179009694606, 0.035384105693083256, 0.042496567708440125], "acc": [0.1435546875, 0.1865234375, 0.216796875, 0.2685546875, 0.400390625, 0.552734375, 0.634765625, 0.744140625, 0.76171875, 0.8251953125, 0.837890625, 0.8359375, 0.865234375, 0.88671875, 0.8818359375, 0.888671875, 0.91015625, 0.91015625, 0.9375, 0.921875, 0.935546875, 0.93359375, 0.9384765625, 0.9423828125, 0.9462890625, 0.9501953125, 0.955078125, 0.9599609375, 0.9609375, 0.9638671875, 0.958984375, 0.9736328125, 0.962890625, 0.9658203125, 0.9658203125, 0.974609375, 0.98046875, 0.9736328125, 0.96875, 0.984375, 0.9833984375, 0.984375, 0.984375, 0.978515625, 0.984375, 0.984375, 0.990234375, 0.9853515625, 0.9912109375, 0.9853515625], "test_loss": 0.31294577397928114, "test_acc": 0.9217754777070064, "sample": "random"}