{"val_loss": [2.298501278944076, 2.3085248045101285, 2.342153769389839, 2.142078245521351, 1.6979497572418991, 1.2653509264539002, 0.980976098282322, 0.7250868076351797, 0.6626483257029466, 0.5913718154855595, 0.6255057391467368, 0.6338882630418061, 0.47993284231348404, 0.532818162612095, 0.4480662021524967, 0.42557536269638946, 0.4454315584746136, 0.378955764043483, 0.5180310962875937, 0.3720982633293814, 0.36689967942085994, 0.35208899572871294, 0.34195579207579424, 0.4421443475564574, 0.35339477475566466, 0.3088063512258469, 0.41410824381242134, 0.308900957820332, 0.3018982782959938, 0.3252309000795814, 0.29295574392304774, 0.2923510179255798, 0.30373363556328475, 0.3312120515687071, 0.28650286619901466, 0.2963308605015468, 0.28186209900245357, 0.3330907460041107, 0.30321593607544517, 0.3153681165188741, 0.3125865446035839, 0.30467513899443444, 0.3015205431017716, 0.32332439076119834, 0.2981727789719678, 0.30164004064455724, 0.330221802025891, 0.3077475115312797, 0.31261559146319984, 0.30422443492860074], "val_acc": [0.10648885350318471, 0.10300557324840764, 0.18929140127388536, 0.3247412420382166, 0.4768113057324841, 0.5822054140127388, 0.6784434713375797, 0.7864251592356688, 0.8032444267515924, 0.8147890127388535, 0.7934912420382165, 0.7938893312101911, 0.8509156050955414, 0.8230493630573248, 0.8580812101910829, 0.8606687898089171, 0.8481289808917197, 0.8761942675159236, 0.8276273885350318, 0.8756966560509554, 0.8815684713375797, 0.8820660828025477, 0.8928144904458599, 0.8538017515923567, 0.8831608280254777, 0.9021695859872612, 0.8687300955414012, 0.9038614649681529, 0.90625, 0.8968949044585988, 0.9103304140127388, 0.9097332802547771, 0.9064490445859873, 0.8965963375796179, 0.9118232484076433, 0.9129179936305732, 0.9147093949044586, 0.8966958598726115, 0.9099323248407644, 0.9074442675159236, 0.9095342356687898, 0.9122213375796179, 0.9138136942675159, 0.9075437898089171, 0.9143113057324841, 0.9128184713375797, 0.908140923566879, 0.914609872611465, 0.913515127388535, 0.9153065286624203], "loss": [2.2940167039632797, 2.248775839805603, 2.135429322719574, 2.0229014977812767, 1.718068890273571, 1.421806313097477, 1.1238441728055477, 0.8942173235118389, 0.7845472507178783, 0.7209818847477436, 0.7083854228258133, 0.5860882326960564, 0.5190254133194685, 0.527487114071846, 0.44414001144468784, 0.4256950430572033, 0.3621847052127123, 0.42483752220869064, 0.32208653818815947, 0.34557669796049595, 0.3297111066058278, 0.2941764434799552, 0.2361289681866765, 0.2405199594795704, 0.20978373615071177, 0.2362764487043023, 0.1771095530129969, 0.1969090667553246, 0.1928028422407806, 0.15904128621332347, 0.16065036971122026, 0.14200655231252313, 0.14076944114640355, 0.14023542520590127, 0.13504070648923516, 0.13031337200663984, 0.09959259699098766, 0.12936450680717826, 0.10592976864427328, 0.09872303530573845, 0.08851530530955642, 0.09177742968313396, 0.09120004915166646, 0.08337626000866294, 0.07282917422708124, 0.06992969091515988, 0.06257354118861258, 0.06710588012356311, 0.05909512913785875, 0.05889436707366258], "acc": [0.1865234375, 0.197265625, 0.1943359375, 0.328125, 0.4189453125, 0.5234375, 0.625, 0.7255859375, 0.740234375, 0.7587890625, 0.7646484375, 0.806640625, 0.833984375, 0.8369140625, 0.8564453125, 0.8583984375, 0.8896484375, 0.8623046875, 0.8876953125, 0.8857421875, 0.8916015625, 0.908203125, 0.921875, 0.9169921875, 0.9326171875, 0.9189453125, 0.94140625, 0.935546875, 0.939453125, 0.94140625, 0.9501953125, 0.9521484375, 0.9501953125, 0.953125, 0.953125, 0.95703125, 0.970703125, 0.9599609375, 0.96875, 0.970703125, 0.9716796875, 0.96484375, 0.974609375, 0.9736328125, 0.9765625, 0.9775390625, 0.9775390625, 0.984375, 0.9873046875, 0.9794921875], "test_loss": 0.31401609716592893, "test_acc": 0.9171974522292994, "sample": "multi-normal"}