{"val_loss": [2.2995213551126468, 2.524115328576155, 2.8927298169227162, 2.9945938906092553, 2.848228885869312, 3.1143702959558768, 3.3519270981952642, 3.6099949277889958, 4.055878253499413, 4.231578327288293, 4.362130245585351, 4.38740109941762, 4.508422019375358, 4.718215005412983, 4.621663010044462, 4.70833603136099, 4.663219066182519, 4.729686497123378, 4.777748780645383, 4.777929035721312, 4.931558944617107, 4.810629814293734, 4.923844010966598, 4.9870987895188055, 4.941824398223003, 5.07569197636501, 5.154300325235743, 5.1211703689235035, 5.06548435369115, 5.054722465527285, 5.165879919270801, 5.131395377930562, 5.0780888165637945, 5.111389260383168, 5.092557967848079, 5.150527853874644, 5.1198990679090945, 5.170735173923954, 5.340832985130844, 5.237801653564356, 5.191229932627101, 5.18636848516525, 5.339002715554207, 5.312545916077438, 5.356174447733885, 5.168145008147902, 5.283801306584838, 5.294301578193713, 5.32832070824447, 5.302448063139703], "val_acc": [0.09802945859872611, 0.09783041401273886, 0.2184514331210191, 0.3046377388535032, 0.43759952229299365, 0.4768113057324841, 0.5048765923566879, 0.4987062101910828, 0.5003980891719745, 0.4967157643312102, 0.5148288216560509, 0.5253781847133758, 0.5190087579617835, 0.5193073248407644, 0.5214968152866242, 0.5251791401273885, 0.5270700636942676, 0.5283638535031847, 0.528562898089172, 0.529359076433121, 0.5303542993630573, 0.5275676751592356, 0.5263734076433121, 0.5291600318471338, 0.5319466560509554, 0.5297571656050956, 0.5263734076433121, 0.5283638535031847, 0.5294585987261147, 0.5297571656050956, 0.5280652866242038, 0.5304538216560509, 0.5328423566878981, 0.5311504777070064, 0.5328423566878981, 0.5338375796178344, 0.5352308917197452, 0.533937101910828, 0.5272691082802548, 0.5308519108280255, 0.5344347133757962, 0.5361265923566879, 0.53125, 0.5328423566878981, 0.5271695859872612, 0.536922770700637, 0.5327428343949044, 0.5342356687898089, 0.5336385350318471, 0.5370222929936306], "loss": [2.289259433746338, 2.125994697213173, 1.703101471066475, 1.1239172630012035, 0.6976673174649477, 0.435311708599329, 0.28080623410642147, 0.1779921273700893, 0.08764521265402436, 0.053421288495883346, 0.024887184699764475, 0.033723052009008825, 0.021210217964835465, 0.011730199650628492, 0.017944635939784348, 0.0074539177876431495, 0.01346323624602519, 0.006173037108965218, 0.006824033378507011, 0.006915742771525402, 0.003221803177439142, 0.0055943245242815465, 0.004588278135997825, 0.005029400494095171, 0.003248014021664858, 0.0036629321875807364, 0.002087415332425735, 0.0019162226326443488, 0.002446267401865043, 0.005582053385296604, 0.006432283549656859, 0.0010747592177722254, 0.003938275109248934, 0.0016140498728418606, 0.002192488274886273, 0.0006386312543327222, 0.0012385505588099477, 0.0015531006956734927, 0.002238670010228816, 0.0011222088305657962, 0.001626417495572241, 0.000652760652883444, 0.0021636941983160796, 0.0007607434854435269, 0.0041696707648952724, 0.0013943605417807703, 0.00076268155771686, 0.002592181614090805, 0.0008618858200861723, 0.0021118446356922504], "acc": [0.248046875, 0.29296875, 0.4091796875, 0.662109375, 0.7626953125, 0.8447265625, 0.9033203125, 0.9501953125, 0.9794921875, 0.9892578125, 0.99609375, 0.9892578125, 0.9951171875, 0.9990234375, 0.9951171875, 0.9990234375, 0.9951171875, 0.9990234375, 1.0, 0.9990234375, 1.0, 0.9990234375, 0.9990234375, 0.9990234375, 1.0, 1.0, 1.0, 1.0, 1.0, 0.998046875, 0.998046875, 1.0, 0.9990234375, 1.0, 1.0, 1.0, 1.0, 1.0, 0.9990234375, 1.0, 1.0, 1.0, 0.9990234375, 1.0, 0.998046875, 1.0, 1.0, 0.9990234375, 1.0, 0.9990234375], "test_loss": 5.333296213939691, "test_acc": 0.5296576433121019, "sample": "uniform"}