{"val_loss": [2.3002827030837913, 2.297659675027155, 2.3286652170169124, 2.2508349934960625, 2.0923767203737977, 1.6311103523157204, 1.0700524054515135, 1.1050375214048251, 0.9648518482590936, 1.0197998066996312, 1.1560148974512792, 1.0252754061844698, 1.167632286336012, 1.272529881186546, 1.3224397466820517, 1.3469902176386233, 1.4669355127462156, 1.4703762760018086, 1.4552240903210487, 1.5754937895923664, 1.547086661029014, 1.5581015456633962, 1.5835850274866554, 1.560599281529712, 1.643486961627462, 1.640810377326361, 1.6291018094226812, 1.69121028074793, 1.648559392637508, 1.7078709316671274, 1.6730238795280457, 1.7007492898376124, 1.7538415863635435, 1.7421391678463882, 1.7258308412163121, 1.7591012769443974, 1.7737637439351173, 1.7636636683515683, 1.8188429687433183, 1.7988424377076944, 1.7995712396445547, 1.7866221530612107, 1.7863369741637236, 1.80618359898306, 1.8302233017933596, 1.80363870730066, 1.831278376518541, 1.8522327063949244, 1.8693957454080035, 1.8511593543989644], "val_acc": [0.12778662420382167, 0.09783041401273886, 0.11216162420382166, 0.29339171974522293, 0.30115445859872614, 0.4525278662420382, 0.6396297770700637, 0.6695859872611465, 0.6914808917197452, 0.6976512738853503, 0.7067078025477707, 0.7256170382165605, 0.7325835987261147, 0.7323845541401274, 0.7319864649681529, 0.7336783439490446, 0.731687898089172, 0.7275079617834395, 0.7366640127388535, 0.727906050955414, 0.7238256369426752, 0.7268113057324841, 0.7376592356687898, 0.7378582802547771, 0.7361664012738853, 0.7342754777070064, 0.7399482484076433, 0.7344745222929936, 0.7331807324840764, 0.7304936305732485, 0.7325835987261147, 0.7378582802547771, 0.7348726114649682, 0.7327826433121019, 0.7337778662420382, 0.7300955414012739, 0.7266122611464968, 0.7312898089171974, 0.7267117834394905, 0.7314888535031847, 0.7309912420382165, 0.7315883757961783, 0.7374601910828026, 0.7330812101910829, 0.7307921974522293, 0.7295979299363057, 0.7317874203821656, 0.73328025477707, 0.7320859872611465, 0.7318869426751592], "loss": [2.297534093260765, 2.27708500623703, 2.199314296245575, 2.0944459438323975, 1.807274378836155, 1.4343651086091995, 1.0997981242835522, 0.7655666060745716, 0.5232091583311558, 0.36128616612404585, 0.2056199968792498, 0.19603987457230687, 0.08208049670793116, 0.042670746450312436, 0.04408081073779613, 0.03481804428156465, 0.0176362507045269, 0.012090004194760695, 0.011644906786386855, 0.008403639090829529, 0.01058507883863058, 0.008219929863116704, 0.006031749850080814, 0.00589303755259607, 0.0057887978764483705, 0.008029531752981711, 0.011228202361962758, 0.004695089330198243, 0.003989321834524162, 0.003775391942326678, 0.004023021399916615, 0.002163683013350237, 0.002970759043819271, 0.002774543154373532, 0.007700462170760147, 0.003659451747807907, 0.0024997735235956497, 0.004118429456866579, 0.0020332790591055527, 0.004399956815177575, 0.0018150513405998936, 0.0015522516587225255, 0.00531283690543205, 0.0016858498129295185, 0.0014508065269183135, 0.0022183544124345644, 0.0022331805594149046, 0.0015361784553533653, 0.002951646274595987, 0.0008433550628978992], "acc": [0.1396484375, 0.1484375, 0.1787109375, 0.265625, 0.4404296875, 0.548828125, 0.6298828125, 0.7412109375, 0.8203125, 0.875, 0.939453125, 0.93359375, 0.986328125, 0.9912109375, 0.9873046875, 0.9912109375, 0.9990234375, 0.9970703125, 0.9990234375, 0.9970703125, 0.9990234375, 0.9990234375, 0.9990234375, 0.9990234375, 1.0, 0.9990234375, 0.99609375, 0.998046875, 1.0, 0.9990234375, 0.9990234375, 1.0, 1.0, 1.0, 0.9970703125, 0.9990234375, 1.0, 0.9990234375, 1.0, 0.9990234375, 1.0, 1.0, 0.9990234375, 1.0, 1.0, 0.9990234375, 1.0, 1.0, 0.9990234375, 1.0], "test_loss": 1.8266183844037875, "test_acc": 0.7369625796178344, "sample": "multi-normal-cluster"}