{"val_loss": [2.306554842906393, 3.636596318263157, 4.51196270383847, 4.478594202904185, 5.260893358546458, 4.989147248541474, 5.675454294605619, 6.0837829857115535, 6.212975468605188, 6.748691947596847, 6.745795899895346, 7.3809095917234, 7.509579886296752, 7.911215135246326, 7.540381379947541, 7.733309827792417, 7.945359548945336, 8.112778080496819, 8.150253204783057, 8.186115468383594, 8.227549719962346, 8.247758628456456, 8.273014211350946, 8.273571123742753, 8.275118062450627, 8.279035455861669, 8.281421081275697, 8.302222710506172, 8.289391055987899, 8.290564546159878, 8.29050307972416, 8.300581625312757, 8.284175781687354, 8.306156055183168, 8.309725852528954, 8.302867992668395, 8.311985650639626, 8.312980518219577, 8.31144564015091, 8.311033440243666, 8.314891560062481, 8.312121691977142, 8.320973311260248, 8.315111166352679, 8.309148199239354, 8.308232747825087, 8.328668214712932, 8.330332871455296, 8.327507186087834, 8.311037248866572], "val_acc": [0.09693471337579618, 0.16610270700636942, 0.17436305732484075, 0.3535031847133758, 0.3400676751592357, 0.41948646496815284, 0.4307324840764331, 0.4007762738853503, 0.43013535031847133, 0.4352109872611465, 0.4421775477707006, 0.44357085987261147, 0.4473527070063694, 0.4505374203821656, 0.453125, 0.4583996815286624, 0.4573049363057325, 0.45879777070063693, 0.45919585987261147, 0.4567078025477707, 0.46009156050955413, 0.4606886942675159, 0.4588972929936306, 0.45949442675159236, 0.4608877388535032, 0.4606886942675159, 0.46108678343949044, 0.4592953821656051, 0.4599920382165605, 0.46108678343949044, 0.4611863057324841, 0.46178343949044587, 0.461484872611465, 0.460390127388535, 0.45919585987261147, 0.4605891719745223, 0.46108678343949044, 0.46078821656050956, 0.46048964968152867, 0.4606886942675159, 0.4592953821656051, 0.4608877388535032, 0.4602906050955414, 0.460390127388535, 0.4616839171974522, 0.46178343949044587, 0.4612858280254777, 0.4619824840764331, 0.46208200636942676, 0.4618829617834395], "loss": [2.2484366595745087, 1.7499210610985756, 1.427013672888279, 1.185885675251484, 0.8981436789035797, 0.7477385774254799, 0.6099974885582924, 0.5126156266778708, 0.457736698910594, 0.36215284187346697, 0.30819074623286724, 0.242741328664124, 0.21845082379877567, 0.13908805884420872, 0.19205056317150593, 0.11677140975371003, 0.06359593942761421, 0.0522839748300612, 0.048865340650081635, 0.03173313447041437, 0.025118468387518078, 0.02490091964136809, 0.020851264940574765, 0.020491405564825982, 0.01594566713902168, 0.015433249704074115, 0.011960504940361716, 0.013588078625616618, 0.01735138315416407, 0.01217289008491207, 0.008265191980171949, 0.0076166421349626034, 0.013776421925285831, 0.009748072632646654, 0.006706439395202324, 0.0049561597988940775, 0.004787239369761664, 0.009744058828800917, 0.004913472788757645, 0.004839580164116342, 0.00579098510206677, 0.0025614695696276613, 0.0051277091370138805, 0.003893931621860247, 0.001831155714171473, 0.0023288954253075644, 0.0029493789588741492, 0.0053073434937687125, 0.0034071464942826424, 0.007841370701498818], "acc": [0.23046875, 0.2822265625, 0.4140625, 0.5576171875, 0.6865234375, 0.7392578125, 0.802734375, 0.82421875, 0.8466796875, 0.873046875, 0.8984375, 0.9150390625, 0.91796875, 0.9541015625, 0.9365234375, 0.9658203125, 0.9833984375, 0.9892578125, 0.990234375, 0.9921875, 0.99609375, 0.9951171875, 0.994140625, 0.99609375, 0.994140625, 0.9970703125, 0.998046875, 0.9970703125, 0.99609375, 0.998046875, 0.998046875, 0.9990234375, 0.994140625, 0.9990234375, 0.998046875, 1.0, 0.9990234375, 0.99609375, 0.9990234375, 0.9990234375, 0.998046875, 1.0, 0.9990234375, 0.9990234375, 1.0, 1.0, 1.0, 0.998046875, 0.9990234375, 0.9970703125], "test_loss": 8.294773262777147, "test_acc": 0.46466958598726116, "sample": "error"}