{"val_loss": [2.299849979437081, 2.3656657744365135, 2.342209697529009, 2.1818381084758007, 2.184776521792078, 1.638921889529866, 1.3756851276774316, 1.0986578836562528, 1.0638900342260955, 1.0531764654976548, 1.0842207910338784, 1.1880766028051923, 1.2872249594159946, 1.151522588767823, 1.3102630023743695, 1.490652880850871, 1.45950199711095, 1.62590975404545, 1.6727869844740364, 1.7456439006480442, 1.639900210366887, 1.7424407104018387, 1.720377128405176, 1.8117003706610126, 1.6803977922269493, 1.8449021505702072, 1.8861365434090802, 1.8214087896286302, 1.878340973406081, 1.8890989324089829, 1.8754889331046183, 1.9206326763341381, 1.8699348872634256, 1.7969044707003672, 1.9469243305124295, 1.9001783345155656, 1.984702520119916, 1.9172447308613236, 1.9544897880523828, 1.9905104580198882, 2.0226551300021494, 2.0018564160842045, 2.0601367916271185, 2.0902444932870803, 1.9752023776245724, 2.1389990839988564, 2.0861878922790478, 2.0785759171103217, 2.1236532489964914, 2.1487757874901887], "val_acc": [0.09693471337579618, 0.09713375796178345, 0.09723328025477707, 0.18123009554140126, 0.21835191082802546, 0.38913216560509556, 0.5116441082802548, 0.632265127388535, 0.6461982484076433, 0.6913813694267515, 0.6902866242038217, 0.713077229299363, 0.6968550955414012, 0.7126791401273885, 0.7102906050955414, 0.7022292993630573, 0.7091958598726115, 0.7063097133757962, 0.6991441082802548, 0.7035230891719745, 0.7148686305732485, 0.711484872611465, 0.7194466560509554, 0.7128781847133758, 0.7249203821656051, 0.7140724522292994, 0.7045183121019108, 0.7186504777070064, 0.709593949044586, 0.7084992038216561, 0.7153662420382165, 0.7084992038216561, 0.7164609872611465, 0.7243232484076433, 0.7104896496815286, 0.7200437898089171, 0.7053144904458599, 0.7192476114649682, 0.7159633757961783, 0.7128781847133758, 0.7083996815286624, 0.7134753184713376, 0.7097929936305732, 0.7072054140127388, 0.7218351910828026, 0.7064092356687898, 0.708797770700637, 0.7135748407643312, 0.7075039808917197, 0.7065087579617835], "loss": [2.289048358798027, 2.200998544692993, 2.089483544230461, 1.9921082705259323, 1.7216991186141968, 1.52168620377779, 1.2445498183369637, 1.0377623550593853, 0.832968570291996, 0.5962424203753471, 0.3674513716250658, 0.24294243659824133, 0.13521679816767573, 0.23546152538619936, 0.061060053296387196, 0.04996219405438751, 0.02995810250286013, 0.020679716835729778, 0.023462443961761892, 0.014936962106730789, 0.025545474491082132, 0.015378979471279308, 0.00954943553369958, 0.00882775774516631, 0.009301806523581035, 0.013124496152158827, 0.013801895387587138, 0.008057797385845333, 0.0040078947495203465, 0.0042919035913655534, 0.0056033497749012895, 0.011182951686350862, 0.0067346925716265105, 0.00662416319391923, 0.0038256753323366866, 0.004163228197285207, 0.005170998021640116, 0.003638207617768785, 0.00412621365103405, 0.00622422352716967, 0.003180835828970885, 0.0035556916300265584, 0.0019032002019230276, 0.0031687151713413186, 0.002357235649469658, 0.00267379978322424, 0.0021259013628878165, 0.003556836609277525, 0.003673141285617021, 0.0011312993283354444], "acc": [0.1943359375, 0.275390625, 0.2783203125, 0.2861328125, 0.4140625, 0.46875, 0.55859375, 0.6416015625, 0.6923828125, 0.7890625, 0.8720703125, 0.9287109375, 0.9609375, 0.935546875, 0.9921875, 0.9873046875, 0.99609375, 0.9970703125, 0.9951171875, 0.998046875, 0.9921875, 0.998046875, 0.9990234375, 0.9990234375, 0.998046875, 0.99609375, 0.994140625, 0.9990234375, 1.0, 1.0, 0.9990234375, 0.998046875, 0.9990234375, 0.9990234375, 0.9990234375, 0.998046875, 0.9990234375, 0.9990234375, 1.0, 0.998046875, 1.0, 1.0, 1.0, 1.0, 1.0, 1.0, 1.0, 0.9990234375, 0.9990234375, 1.0], "test_loss": 2.1300572968402487, "test_acc": 0.7120820063694268, "sample": "normal-cluster"}