{"val_loss": [2.2986533535513907, 2.294064098103031, 2.2847402217281854, 2.2603275715165836, 2.133220888247156, 1.4727415279218345, 0.8227972515449402, 0.6912427356668339, 0.494443023280733, 0.45911081410517357, 0.5084063787559036, 0.359884612262249, 0.3483745261884419, 0.32076320905167205, 0.31578978706317345, 0.29525271139944054, 0.29907938081083024, 0.2816852815449238, 0.26371383923847397, 0.272636337623973, 0.27250294748005593, 0.2525772543291852, 0.2688368224141419, 0.24068170539133107, 0.2507459685817408, 0.23471959200717366, 0.24821578818343723, 0.24705623654621967, 0.23673146494492225, 0.24752460316321842, 0.24447769120744886, 0.23287622417489387, 0.23146494088403785, 0.23209335097292688, 0.227589897025424, 0.23796324329643517, 0.2265499921591217, 0.24815545973529635, 0.22885028606022642, 0.22359320954909062, 0.23343590442921705, 0.24520312856132415, 0.2517914997490129, 0.23591290151916894, 0.23347267594594792, 0.2333265907849648, 0.23724012477968517, 0.2447400574140832, 0.24623848037063115, 0.249512796101322], "val_acc": [0.12261146496815287, 0.2531847133757962, 0.1813296178343949, 0.1819267515923567, 0.5374203821656051, 0.6098726114649682, 0.7398487261146497, 0.7640326433121019, 0.8486265923566879, 0.8569864649681529, 0.8347929936305732, 0.886046974522293, 0.8930135350318471, 0.9011743630573248, 0.903562898089172, 0.9064490445859873, 0.90625, 0.9141122611464968, 0.9190883757961783, 0.9181926751592356, 0.9169984076433121, 0.9226711783439491, 0.9171974522292994, 0.929140127388535, 0.9263535031847133, 0.9315286624203821, 0.9286425159235668, 0.9276472929936306, 0.9322253184713376, 0.9295382165605095, 0.9324243630573248, 0.933718152866242, 0.935609076433121, 0.9357085987261147, 0.9357085987261147, 0.9358081210191083, 0.9372014331210191, 0.9308320063694268, 0.9391918789808917, 0.9405851910828026, 0.939390923566879, 0.9369028662420382, 0.9352109872611465, 0.9380971337579618, 0.9382961783439491, 0.940187101910828, 0.9396894904458599, 0.9392914012738853, 0.9405851910828026, 0.9383957006369427], "loss": [2.3015664368867874, 2.2976677864789963, 2.2915448546409607, 2.27771033346653, 2.2259102761745453, 1.886429838836193, 1.2938024401664734, 0.9690296500921249, 0.7414316050708294, 0.6130664553493261, 0.5187036208808422, 0.47168170008808374, 0.42934167478233576, 0.3480007238686085, 0.3808042937889695, 0.33704787865281105, 0.28734240774065256, 0.2708552833646536, 0.24435806879773736, 0.21270005451515317, 0.1978957331739366, 0.22069073328748345, 0.15294723911210895, 0.16486700624227524, 0.1577563351020217, 0.13871074793860316, 0.13764327578246593, 0.1137539700139314, 0.09241029270924628, 0.128127908334136, 0.08418483205605298, 0.10859052487649024, 0.07789910049177706, 0.09598652692511678, 0.07645433559082448, 0.06861787405796349, 0.061779869720339775, 0.062285450054332614, 0.06723561731632799, 0.054123369976878166, 0.05787232657894492, 0.062355483998544514, 0.04780808667419478, 0.04920026985928416, 0.05037933343555778, 0.038722570752725005, 0.035525451763533056, 0.03328833356499672, 0.04232805036008358, 0.04518135014222935], "acc": [0.0947265625, 0.1572265625, 0.216796875, 0.2412109375, 0.25390625, 0.451171875, 0.5712890625, 0.67578125, 0.7548828125, 0.8076171875, 0.8251953125, 0.8564453125, 0.8623046875, 0.890625, 0.8837890625, 0.8876953125, 0.9072265625, 0.9150390625, 0.923828125, 0.9306640625, 0.939453125, 0.9267578125, 0.94921875, 0.9453125, 0.9580078125, 0.9609375, 0.9501953125, 0.9619140625, 0.974609375, 0.9521484375, 0.9736328125, 0.96484375, 0.974609375, 0.9677734375, 0.9736328125, 0.978515625, 0.98046875, 0.9775390625, 0.982421875, 0.9912109375, 0.9814453125, 0.9814453125, 0.990234375, 0.9853515625, 0.9853515625, 0.9873046875, 0.9912109375, 0.990234375, 0.98828125, 0.98046875], "test_loss": 0.25902443832886896, "test_acc": 0.9377985668789809, "sample": "random"}