{"val_loss": [2.298379430345669, 2.2910564446904855, 2.288876733962138, 2.0129244145314407, 1.4954944507331605, 1.0916308491093338, 0.8748768805318577, 0.8928279451503875, 1.1317402878005034, 0.9706685478520242, 0.9171461325352359, 0.8385510836627074, 0.8531319744837512, 0.9925144649804778, 1.0184786079131114, 1.0662580505013466, 1.055472562362434, 1.151768687709122, 1.2213063564175253, 1.2088053543476542, 1.230673184535306, 1.2479696585114595, 1.236304403869969, 1.2667169585634188, 1.3598228925542466, 1.325445084672445, 1.322679177353716, 1.3509449968292455, 1.2889352315550398, 1.3071013601722232, 1.3252382701749255, 1.4064472667920362, 1.4338339793074661, 1.3875526686193078, 1.4225304582316405, 1.4209360941105587, 1.4254623383853087, 1.429947476573051, 1.447671163803453, 1.500395599396745, 1.475062682655207, 1.4899069793569815, 1.482124630622803, 1.5008895966657407, 1.5166710687291092, 1.4577697806392507, 1.4647482768840092, 1.4586874015486924, 1.452469590553053, 1.4741298665951013], "val_acc": [0.12151671974522293, 0.17436305732484075, 0.19327229299363058, 0.2859275477707006, 0.4837778662420382, 0.6399283439490446, 0.7350716560509554, 0.706906847133758, 0.67296974522293, 0.7115843949044586, 0.7525875796178344, 0.7700039808917197, 0.7723925159235668, 0.758359872611465, 0.7659235668789809, 0.7585589171974523, 0.7717953821656051, 0.7666202229299363, 0.7631369426751592, 0.7678144904458599, 0.7677149681528662, 0.7699044585987261, 0.7718949044585988, 0.7704020700636943, 0.7643312101910829, 0.7652269108280255, 0.7657245222929936, 0.7594546178343949, 0.7743829617834395, 0.7717953821656051, 0.7682125796178344, 0.7589570063694268, 0.7620421974522293, 0.7634355095541401, 0.7638335987261147, 0.7672173566878981, 0.7684116242038217, 0.7692078025477707, 0.7668192675159236, 0.7582603503184714, 0.763734076433121, 0.7613455414012739, 0.7660230891719745, 0.7649283439490446, 0.7643312101910829, 0.7685111464968153, 0.769406847133758, 0.7689092356687898, 0.7698049363057324, 0.7658240445859873], "loss": [2.29448401927948, 2.2637431025505066, 2.1872599571943283, 2.0105958729982376, 1.6412582248449326, 1.2175606675446033, 0.8590115793049335, 0.5711723137646914, 0.44991718605160713, 0.4114952739328146, 0.251751490868628, 0.21249185875058174, 0.18501263484358788, 0.09438042831607163, 0.05641800106968731, 0.0661602751351893, 0.05131766642443836, 0.04580885509494692, 0.020217004872392863, 0.02790131646906957, 0.019160697440383956, 0.019790075180935673, 0.01416233612690121, 0.008445025901892222, 0.013632058398798108, 0.024252303905086592, 0.01184988061140757, 0.014190929170581512, 0.005855570729181636, 0.00677169539994793, 0.007233426294988021, 0.009424904550542124, 0.009290766189224087, 0.006766724793124013, 0.00858844404865522, 0.007693485651543597, 0.00435370810009772, 0.004890978783805622, 0.010240622876153793, 0.0053033764379506465, 0.004298978681617882, 0.0049404501769458875, 0.003044724478968419, 0.0036237906897440553, 0.005468218500027433, 0.006673522228084039, 0.004703989761765115, 0.007909365103841992, 0.007783069409924792, 0.0032085395250760484], "acc": [0.1435546875, 0.181640625, 0.2275390625, 0.326171875, 0.4453125, 0.603515625, 0.6953125, 0.79296875, 0.8447265625, 0.8515625, 0.912109375, 0.927734375, 0.9365234375, 0.9755859375, 0.982421875, 0.978515625, 0.9873046875, 0.9873046875, 0.9970703125, 0.9912109375, 0.9970703125, 0.99609375, 0.998046875, 0.9990234375, 0.998046875, 0.9912109375, 0.998046875, 0.998046875, 1.0, 0.9990234375, 0.9990234375, 0.998046875, 0.9970703125, 0.998046875, 0.998046875, 0.9970703125, 1.0, 0.9990234375, 0.9970703125, 0.9990234375, 0.9990234375, 0.998046875, 1.0, 0.9990234375, 0.9990234375, 0.998046875, 0.9990234375, 0.99609375, 0.99609375, 0.9990234375], "test_loss": 1.3661650415913316, "test_acc": 0.788515127388535, "sample": "random"}