{"val_loss": [2.301290994996478, 2.2992998870315065, 2.3220464029129904, 2.2264507317998605, 1.7274675840025495, 1.3114976195772743, 1.0420156648963879, 0.8648436473813027, 0.7823062329345448, 1.2107802022034955, 0.8698357930228968, 0.9341325135367691, 0.9912501282183228, 1.51775877111277, 1.0243727704332133, 1.1051008331168228, 1.0445045279279637, 1.0904082748920294, 1.1287649568099125, 1.1192472594179166, 1.1760676784120547, 1.1841512018233349, 1.259289292867776, 1.2687669946889208, 1.216401850626727, 1.2642835538098767, 1.246569844378028, 1.3597079312345783, 1.2534473864895523, 1.4157319811119395, 1.3071985302647209, 1.3601732088881693, 1.2223047559997837, 1.3608318460974724, 1.3152663826372972, 1.3145118520897665, 1.328489744739168, 1.3322325879885892, 1.4314144823201902, 1.3977658139292601, 1.2935833396140937, 1.3112294615074327, 1.394240165686911, 1.3578410970557266, 1.465026007431328, 1.4357911466033595, 1.4465692086963897, 1.4646385925210965, 1.453605424921224, 1.4538110137745073], "val_acc": [0.14181926751592358, 0.10410031847133758, 0.10549363057324841, 0.15057722929936307, 0.38037420382165604, 0.5383160828025477, 0.6668988853503185, 0.7267117834394905, 0.759156050955414, 0.6824243630573248, 0.7630374203821656, 0.7523885350318471, 0.7580613057324841, 0.7124800955414012, 0.7699044585987261, 0.7644307324840764, 0.7799562101910829, 0.7703025477707006, 0.7708001592356688, 0.7762738853503185, 0.7741839171974523, 0.7750796178343949, 0.7664211783439491, 0.7653264331210191, 0.7734872611464968, 0.7706011146496815, 0.7734872611464968, 0.7615445859872612, 0.777468152866242, 0.7573646496815286, 0.7689092356687898, 0.761843152866242, 0.7841361464968153, 0.7663216560509554, 0.7735867834394905, 0.7760748407643312, 0.7726910828025477, 0.772890127388535, 0.7622412420382165, 0.7660230891719745, 0.7814490445859873, 0.7775676751592356, 0.7708001592356688, 0.7736863057324841, 0.7617436305732485, 0.7681130573248408, 0.7678144904458599, 0.7676154458598726, 0.7695063694267515, 0.7695063694267515], "loss": [2.2974767237901688, 2.2767814099788666, 2.212933838367462, 2.1404768377542496, 1.8806901797652245, 1.4304437711834908, 0.9608889222145081, 0.6527005322277546, 0.38326327688992023, 0.22425755858421326, 0.16051406762562692, 0.1132636102847755, 0.05116500495932996, 0.04380368546117097, 0.04542091803159565, 0.029566925310064107, 0.015535671671386808, 0.015522525209235027, 0.02399499059538357, 0.016579761751927435, 0.00912042215350084, 0.005366409415728413, 0.010317279811715707, 0.005388333735027118, 0.008965665379946586, 0.007793471188051626, 0.004946332759573124, 0.0066429491416784, 0.00682884494017344, 0.006945417124370579, 0.008043799971346743, 0.008806875463051256, 0.004946432205542806, 0.0040861837260308675, 0.002587433762528235, 0.003353280724695651, 0.007080770890752319, 0.0034262514345755335, 0.005602904791885521, 0.0033797996420616983, 0.0029597818866022862, 0.004457321516383672, 0.0015418106377182994, 0.001611550769666792, 0.002595954945718404, 0.0033865504919958767, 0.0030396401962207165, 0.0014233907768357312, 0.0009627297022234416, 0.0020538778881018516], "acc": [0.1279296875, 0.1806640625, 0.1865234375, 0.2177734375, 0.3251953125, 0.515625, 0.67578125, 0.7890625, 0.8681640625, 0.9208984375, 0.943359375, 0.9599609375, 0.9873046875, 0.9912109375, 0.984375, 0.9931640625, 1.0, 0.9970703125, 0.9921875, 0.9951171875, 0.998046875, 1.0, 0.9990234375, 1.0, 0.9970703125, 0.998046875, 0.9990234375, 0.9990234375, 0.998046875, 0.998046875, 0.9990234375, 0.9970703125, 0.9970703125, 0.9990234375, 1.0, 1.0, 0.998046875, 1.0, 0.9970703125, 1.0, 0.9990234375, 0.9990234375, 1.0, 1.0, 0.9990234375, 0.998046875, 0.9990234375, 1.0, 1.0, 1.0], "test_loss": 1.381793427144646, "test_acc": 0.7795581210191083, "sample": "normal"}