{"val_loss": [2.3009468187951736, 2.299155788057169, 2.2961333709157956, 2.290576570352931, 2.2765607742746923, 2.2311480546453195, 1.8481155003711676, 1.3350892177053317, 0.781189709711986, 0.6233386891852518, 0.7704264800639669, 0.48664047849026454, 0.41988626094001114, 0.4296461158687142, 0.3955167780161663, 0.3371878971055055, 0.3173716149654738, 0.34332718662205775, 0.33040077514519356, 0.29720299327923994, 0.2861222651828626, 0.27065895369074716, 0.26599140302723, 0.26630604219664433, 0.2648434547446431, 0.2599411432328782, 0.2512390843509536, 0.27262242528117575, 0.2637561972113623, 0.2647903030634425, 0.2810529917063322, 0.26041739915236595, 0.2859311181945121, 0.25805963381270697, 0.25960286533620186, 0.2713618526638598, 0.2742176143879628, 0.25606418680103055, 0.24934121176832547, 0.2830819052000453, 0.25765521910670364, 0.25342468504503274, 0.2600890417814264, 0.25842226835399285, 0.26592565330255563, 0.2591012149180173, 0.2642629985177777, 0.2648485366073007, 0.2558082473474691, 0.26143246940759773], "val_acc": [0.20650875796178345, 0.2662221337579618, 0.36415207006369427, 0.27716958598726116, 0.283140923566879, 0.2532842356687898, 0.4528264331210191, 0.5298566878980892, 0.7711982484076433, 0.8005573248407644, 0.7770700636942676, 0.8461385350318471, 0.8630573248407644, 0.8525079617834395, 0.8724124203821656, 0.89171974522293, 0.901671974522293, 0.888734076433121, 0.897093949044586, 0.9055533439490446, 0.911922770700637, 0.9161027070063694, 0.9176950636942676, 0.9184912420382165, 0.9203821656050956, 0.9239649681528662, 0.9250597133757962, 0.9197850318471338, 0.923765923566879, 0.9261544585987261, 0.9171974522292994, 0.9263535031847133, 0.9222730891719745, 0.9270501592356688, 0.9286425159235668, 0.9267515923566879, 0.9261544585987261, 0.9327229299363057, 0.9330214968152867, 0.9266520700636943, 0.9308320063694268, 0.9345143312101911, 0.9335191082802548, 0.9358081210191083, 0.9353105095541401, 0.9350119426751592, 0.9338176751592356, 0.9372014331210191, 0.9383957006369427, 0.9351114649681529], "loss": [2.3019425868988037, 2.29974265396595, 2.2974986135959625, 2.2925023287534714, 2.281599745154381, 2.2567871809005737, 2.1076579988002777, 1.4663852155208588, 1.1351610720157623, 0.8851326927542686, 0.6781091820448637, 0.5931691750884056, 0.5169335883110762, 0.44277542643249035, 0.44523322954773903, 0.3238994339480996, 0.3129668151959777, 0.2927531097084284, 0.23622072581201792, 0.23263664729893208, 0.2528493576683104, 0.22114970441907644, 0.20253325812518597, 0.1928560184314847, 0.14311867440119386, 0.15320290043018758, 0.14156658900901675, 0.11931921727955341, 0.10676024854183197, 0.11437892948742956, 0.10766383865848184, 0.09692043869290501, 0.07977106445468962, 0.09752298216335475, 0.08739090571179986, 0.07923833909444511, 0.05860075692180544, 0.06741603623959236, 0.08028662181459367, 0.05204336775932461, 0.06463329109828919, 0.055208508449140936, 0.04856253747129813, 0.055619065766222775, 0.04118323721922934, 0.041208770358935, 0.043020097189582884, 0.03502159466734156, 0.04688380949664861, 0.0337417985429056], "acc": [0.1220703125, 0.1806640625, 0.2333984375, 0.306640625, 0.27734375, 0.3125, 0.3544921875, 0.525390625, 0.6171875, 0.703125, 0.775390625, 0.8046875, 0.8173828125, 0.8515625, 0.84375, 0.88671875, 0.8984375, 0.904296875, 0.921875, 0.9287109375, 0.91796875, 0.92578125, 0.9296875, 0.923828125, 0.9560546875, 0.9482421875, 0.9501953125, 0.958984375, 0.9677734375, 0.9599609375, 0.9609375, 0.970703125, 0.9697265625, 0.966796875, 0.96484375, 0.9716796875, 0.9794921875, 0.97265625, 0.97265625, 0.978515625, 0.978515625, 0.9814453125, 0.986328125, 0.982421875, 0.9892578125, 0.9853515625, 0.98828125, 0.9892578125, 0.9853515625, 0.9912109375], "test_loss": 0.2915881094849034, "test_acc": 0.932921974522293, "sample": "multi-normal-cluster"}