{"val_loss": [2.296216714154383, 2.3102912462441023, 2.2859708290950507, 2.114248261330234, 1.6301262902606064, 1.1329435816236362, 1.0495288690943627, 0.6998205408928501, 0.7881584738849834, 0.5506457399790454, 0.6649904801587391, 0.4579282714303132, 0.5052262048717517, 0.4587428017881266, 0.4003431798451266, 0.43283465369396906, 0.4361082687499417, 0.360008233054808, 0.35351342233313116, 0.31732613028614387, 0.35610351310509025, 0.3114104098907322, 0.33606527763519695, 0.32342214465354846, 0.32270157633788266, 0.32440893412538013, 0.3035686603943064, 0.27896281370335513, 0.32191847206633184, 0.28958675761819835, 0.26977066410064793, 0.3093576063224037, 0.26623749280953485, 0.3374042639176652, 0.2691420009685977, 0.3088767723014258, 0.2793382651552226, 0.287556524447812, 0.27260766823473537, 0.285122468790253, 0.26167906009870917, 0.2747310089291471, 0.277010359477317, 0.2700450963067828, 0.27663854269049826, 0.26597200102650315, 0.2560155052220105, 0.2545253012883981, 0.2667284794263008, 0.2621093246178215], "val_acc": [0.09564092356687898, 0.11265923566878981, 0.23099124203821655, 0.36365445859872614, 0.3664410828025478, 0.6418192675159236, 0.6289808917197452, 0.787718949044586, 0.7386544585987261, 0.8227507961783439, 0.7753781847133758, 0.8590764331210191, 0.8387738853503185, 0.8524084394904459, 0.8766918789808917, 0.8634554140127388, 0.8616640127388535, 0.8943073248407644, 0.8834593949044586, 0.9020700636942676, 0.8901273885350318, 0.9040605095541401, 0.8911226114649682, 0.9047571656050956, 0.8943073248407644, 0.904359076433121, 0.9104299363057324, 0.9197850318471338, 0.9052547770700637, 0.9174960191082803, 0.9217754777070064, 0.9107285031847133, 0.9227707006369427, 0.9076433121019108, 0.9231687898089171, 0.9137141719745223, 0.9210788216560509, 0.9215764331210191, 0.9254578025477707, 0.9222730891719745, 0.9292396496815286, 0.9260549363057324, 0.9280453821656051, 0.9271496815286624, 0.9253582802547771, 0.9290406050955414, 0.9335191082802548, 0.9335191082802548, 0.9309315286624203, 0.9320262738853503], "loss": [2.2876415699720383, 2.2328206449747086, 2.158328741788864, 2.0541372671723366, 1.7224124819040298, 1.2998339086771011, 1.0045262090861797, 0.8750849291682243, 0.6699331142008305, 0.637458685785532, 0.5754294041544199, 0.5238963048905134, 0.4815063429996371, 0.43499755300581455, 0.40434956178069115, 0.3803402241319418, 0.3110245745629072, 0.35075478348881006, 0.31201430875808, 0.27060146164149046, 0.26386911049485207, 0.24790990725159645, 0.24113818909972906, 0.24992724042385817, 0.2019301876425743, 0.19708710256963968, 0.16748138796538115, 0.16149029042571783, 0.16672434168867767, 0.1395196090452373, 0.1371310125105083, 0.1581149040721357, 0.1303489797282964, 0.10800905048381537, 0.13024492282420397, 0.09937440440990031, 0.1093682637438178, 0.0924320004414767, 0.0992461796849966, 0.08067478681914508, 0.08903499902226031, 0.06761418434325606, 0.06649030273547396, 0.06672286277171224, 0.07336116558872163, 0.0771565709146671, 0.07208475028164685, 0.06688025617040694, 0.05297123419586569, 0.06019729434046894], "acc": [0.138671875, 0.1591796875, 0.2158203125, 0.3408203125, 0.44921875, 0.5673828125, 0.671875, 0.716796875, 0.7822265625, 0.796875, 0.8115234375, 0.8349609375, 0.859375, 0.8515625, 0.8671875, 0.880859375, 0.89453125, 0.888671875, 0.8955078125, 0.9140625, 0.9140625, 0.9189453125, 0.9287109375, 0.9130859375, 0.931640625, 0.9345703125, 0.951171875, 0.94921875, 0.947265625, 0.9560546875, 0.9580078125, 0.943359375, 0.9580078125, 0.9697265625, 0.9521484375, 0.96875, 0.9677734375, 0.9677734375, 0.97265625, 0.9755859375, 0.970703125, 0.9814453125, 0.978515625, 0.982421875, 0.9814453125, 0.97265625, 0.98046875, 0.98046875, 0.9853515625, 0.9833984375], "test_loss": 0.2757109751343537, "test_acc": 0.9272492038216561, "sample": "random"}