{"val_loss": [2.2957285513543777, 2.32401077306954, 2.135996571012363, 1.6415588536839576, 1.2174561828564687, 1.2031300842382346, 1.0178910423615934, 0.9961762564956762, 1.3984706625816927, 1.202075960909485, 1.2998936485712695, 1.283617848233812, 1.4690947078975143, 1.4669483934238459, 1.5376764729524115, 1.7382136689629524, 1.663261570178779, 1.659093763038611, 1.8020601536437963, 1.9901151087633364, 1.8243460869713195, 1.8741124839919387, 1.919393967291352, 1.9194498109589717, 1.9766956539290725, 2.077505135801947, 2.0764086240795767, 1.9908309941458855, 2.0309559661112013, 2.0918073779458455, 2.1555142979713002, 2.221630195143876, 2.2280560982455113, 2.215179385083496, 2.2174379810406144, 2.1758176245886807, 2.160032870283552, 2.1113330740837535, 2.1489409027965207, 2.1519316404488436, 2.279424955131142, 2.2549538329528396, 2.2727608935088868, 2.222417393497601, 2.313841006558412, 2.3174017831018774, 2.1525843431995173, 2.254578055469853, 2.2739806668773577, 2.317001236851808], "val_acc": [0.15386146496815287, 0.1520700636942675, 0.29150079617834396, 0.444765127388535, 0.6095740445859873, 0.6060907643312102, 0.6515724522292994, 0.6814291401273885, 0.6098726114649682, 0.6851114649681529, 0.6929737261146497, 0.70203025477707, 0.690187101910828, 0.7082006369426752, 0.7055135350318471, 0.6942675159235668, 0.7021297770700637, 0.7056130573248408, 0.696656050955414, 0.681031050955414, 0.7039211783439491, 0.6987460191082803, 0.6967555732484076, 0.7036226114649682, 0.7018312101910829, 0.6953622611464968, 0.697452229299363, 0.707703025477707, 0.7048168789808917, 0.7013335987261147, 0.6960589171974523, 0.6924761146496815, 0.6957603503184714, 0.6980493630573248, 0.7019307324840764, 0.7070063694267515, 0.7048168789808917, 0.7107882165605095, 0.7083996815286624, 0.7101910828025477, 0.6980493630573248, 0.7036226114649682, 0.7035230891719745, 0.7090963375796179, 0.7017316878980892, 0.7001393312101911, 0.7124800955414012, 0.7049164012738853, 0.7029259554140127, 0.701234076433121], "loss": [2.2898472994565964, 2.2069176584482193, 1.980461724102497, 1.4506420344114304, 1.1523856110870838, 0.8482980541884899, 0.6501233018934727, 0.5203098319470882, 0.367176597006619, 0.2586714159697294, 0.15493619302287698, 0.13809508900158107, 0.0727672716602683, 0.07807878206949681, 0.03897436277475208, 0.033801002020481974, 0.04537845926824957, 0.02090648005832918, 0.02008322614710778, 0.017921090475283563, 0.020517370649031363, 0.011496765640913509, 0.007764370398945175, 0.011055065406253561, 0.007284393170266412, 0.0057080656188190915, 0.004354501128545962, 0.005817437137011439, 0.010564386648184154, 0.005782688756880816, 0.004188333303318359, 0.0032895971089601517, 0.0024226931054727174, 0.004286611230782, 0.005433803773485124, 0.008174644324753899, 0.0025704758500069147, 0.004093142211786471, 0.0021295434999046847, 0.0018487946217646822, 0.004685213851189474, 0.0028070641037629684, 0.004953265153744724, 0.0018804964893206488, 0.0024346180107386317, 0.0015421760926983552, 0.005479410667248885, 0.005107015902467538, 0.001762628831784241, 0.00275010488985572], "acc": [0.2265625, 0.3193359375, 0.404296875, 0.5458984375, 0.6240234375, 0.716796875, 0.7763671875, 0.814453125, 0.8681640625, 0.9130859375, 0.9462890625, 0.9599609375, 0.984375, 0.9677734375, 0.9951171875, 0.9921875, 0.98828125, 0.9951171875, 0.994140625, 0.994140625, 0.9931640625, 0.9990234375, 1.0, 0.99609375, 0.9990234375, 1.0, 1.0, 0.9990234375, 0.99609375, 0.9990234375, 1.0, 1.0, 1.0, 1.0, 0.9990234375, 0.9990234375, 1.0, 0.9990234375, 1.0, 1.0, 0.9990234375, 1.0, 0.9970703125, 0.9990234375, 1.0, 1.0, 0.9970703125, 0.9990234375, 1.0, 0.9990234375], "test_loss": 2.231306699051219, "test_acc": 0.7032245222929936, "sample": "multi-normal"}