{"val_loss": [2.300449880065432, 2.3088701075049722, 2.4053403769329096, 2.2750304694388324, 1.899384228287229, 1.720450047474758, 1.582970072509377, 1.2474998490066285, 1.0667004592859062, 1.0325461823469515, 0.9892563144112848, 0.9247163583518593, 0.8910898357439953, 0.7316949657953469, 0.7948297769021077, 0.7627305695965032, 0.6606172429528206, 0.6556647221563728, 0.5856275227229306, 0.5488223575387791, 0.6389000902699816, 0.5098880826477792, 0.5192362668502862, 0.49746743694042705, 0.54316533869429, 0.5118847764126814, 0.48477790571132284, 0.5158647725916212, 0.5142491540996132, 0.48669344267457915, 0.4979798689864244, 0.47372233075131276, 0.496803664121848, 0.5773050972990169, 0.47980419273494157, 0.48328718827788236, 0.4916182288745786, 0.5239838648373913, 0.5081777069599006, 0.4866829608466215, 0.527284883472855, 0.5790957658771118, 0.522286563791382, 0.5745157980994814, 0.5559053352090774, 0.5115041315887764, 0.5513141905758411, 0.5038722019618863, 0.5649104374609176, 0.5620540626062329], "val_acc": [0.09842754777070063, 0.09783041401273886, 0.09783041401273886, 0.28304140127388533, 0.44546178343949044, 0.4684514331210191, 0.49761146496815284, 0.606687898089172, 0.6714769108280255, 0.6666003184713376, 0.7041202229299363, 0.6735668789808917, 0.6863057324840764, 0.7559713375796179, 0.7101910828025477, 0.7474124203821656, 0.7740843949044586, 0.7738853503184714, 0.8024482484076433, 0.8200636942675159, 0.791202229299363, 0.8407643312101911, 0.8318073248407644, 0.8392714968152867, 0.8273288216560509, 0.8402667197452229, 0.8500199044585988, 0.8427547770700637, 0.8385748407643312, 0.8531050955414012, 0.8509156050955414, 0.857484076433121, 0.8544984076433121, 0.8402667197452229, 0.8665406050955414, 0.8657444267515924, 0.8645501592356688, 0.8523089171974523, 0.859375, 0.8690286624203821, 0.86046974522293, 0.8519108280254777, 0.8622611464968153, 0.8539012738853503, 0.8594745222929936, 0.8662420382165605, 0.8629578025477707, 0.8673367834394905, 0.8607683121019108, 0.8585788216560509], "loss": [2.295037254691124, 2.2445040494203568, 2.1184186190366745, 1.9968129694461823, 1.7650991305708885, 1.5742829367518425, 1.3095524236559868, 1.1760020889341831, 0.9822045415639877, 0.9177032262086868, 0.8040126264095306, 0.7122688125818968, 0.6762359514832497, 0.5935156475752592, 0.5242225639522076, 0.47204309701919556, 0.4450067924335599, 0.3979587573558092, 0.3862408557906747, 0.31087523978203535, 0.2915020231157541, 0.28770639188587666, 0.3104849746450782, 0.25130786187946796, 0.22836428182199597, 0.16654027253389359, 0.20997852319851518, 0.18261561053805053, 0.16994672664441168, 0.14323858357965946, 0.14203309966251254, 0.09969862271100283, 0.10978742653969675, 0.08693570992909372, 0.10127950087189674, 0.08701877621933818, 0.07300175447016954, 0.09341394854709506, 0.06183372810482979, 0.08329971064813435, 0.07204589527100325, 0.059037308499682695, 0.05004783580079675, 0.0796229169354774, 0.06728921760804951, 0.05732903559692204, 0.0439644594443962, 0.04510304518043995, 0.04523470706772059, 0.03793511079857126], "acc": [0.12109375, 0.1845703125, 0.1923828125, 0.255859375, 0.3994140625, 0.466796875, 0.5625, 0.62109375, 0.673828125, 0.70703125, 0.732421875, 0.7666015625, 0.7666015625, 0.818359375, 0.8291015625, 0.853515625, 0.84375, 0.876953125, 0.873046875, 0.8994140625, 0.9052734375, 0.9052734375, 0.9013671875, 0.90625, 0.923828125, 0.951171875, 0.9296875, 0.9375, 0.939453125, 0.9560546875, 0.9501953125, 0.9716796875, 0.9716796875, 0.974609375, 0.9658203125, 0.97265625, 0.974609375, 0.9697265625, 0.984375, 0.9697265625, 0.974609375, 0.9765625, 0.986328125, 0.970703125, 0.978515625, 0.978515625, 0.9833984375, 0.986328125, 0.9873046875, 0.9873046875], "test_loss": 0.5369841032157279, "test_acc": 0.868531050955414, "sample": "uniform-cluster"}