{"val_loss": [2.3095522306527303, 3.3905455671298275, 3.037415984329904, 3.141752932481705, 3.1067691244137516, 2.5049687373410365, 2.551407091177193, 2.3195413100491664, 2.3012609656449334, 2.1092430003889047, 2.331194952035406, 2.2244058961321596, 1.9535454329411694, 2.1992893530305024, 1.9819942234428065, 2.0859718899817983, 1.939308645618949, 1.8528161982821811, 1.9781886969402338, 2.0904116258499728, 2.366817850975474, 1.8991710141206244, 2.2130768002977796, 2.167001813839955, 1.98914091830041, 2.2415657871088404, 1.984920217732715, 2.01712811372842, 2.0562913577268076, 1.939227449666163, 1.8980352969685936, 2.103838464257064, 1.9165779902676867, 2.0658601617357535, 2.233780425824937, 2.048927808263499, 2.059156522629367, 2.2349417391856004, 2.2794049613794702, 2.2151446714522733, 2.5260023508861567, 2.263467462199509, 2.212778972212676, 2.319623873491955, 2.280168094452779, 2.389772788734193, 2.134431838229963, 2.2184998746130877, 2.1338721547916437, 2.259240549840745], "val_acc": [0.17894108280254778, 0.1982484076433121, 0.1982484076433121, 0.23616640127388536, 0.2418391719745223, 0.31886942675159236, 0.3474323248407643, 0.3505175159235669, 0.3486265923566879, 0.37798566878980894, 0.37091958598726116, 0.4225716560509554, 0.46596337579617836, 0.43710191082802546, 0.5020899681528662, 0.4937300955414013, 0.4833797770700637, 0.5050756369426752, 0.527468152866242, 0.5186106687898089, 0.5022890127388535, 0.5489649681528662, 0.5240843949044586, 0.5460788216560509, 0.5695660828025477, 0.5500597133757962, 0.5687699044585988, 0.5833996815286624, 0.5869824840764332, 0.5841958598726115, 0.5746417197452229, 0.5925557324840764, 0.600218949044586, 0.6069864649681529, 0.5669785031847133, 0.5873805732484076, 0.6042993630573248, 0.5954418789808917, 0.5897691082802548, 0.5971337579617835, 0.5616042993630573, 0.5951433121019108, 0.6108678343949044, 0.6106687898089171, 0.5986265923566879, 0.6000199044585988, 0.6181329617834395, 0.6152468152866242, 0.6122611464968153, 0.602109872611465], "loss": [2.2495972961187363, 1.6949144750833511, 1.2126403339207172, 0.8643885441124439, 0.6929989513009787, 0.5816001109778881, 0.4864398166537285, 0.4473745208233595, 0.4585468955338001, 0.3755612401291728, 0.3622912550345063, 0.30294952541589737, 0.33123910799622536, 0.25658662151545286, 0.28800506237894297, 0.2266830112785101, 0.2587049095891416, 0.2033911570906639, 0.16603829222731292, 0.21096740663051605, 0.1459362143650651, 0.16538012027740479, 0.14313371060416102, 0.15268424805253744, 0.14353704312816262, 0.10490888683125377, 0.1537930639460683, 0.10173426032997668, 0.1188066981267184, 0.0920403958298266, 0.11649707797914743, 0.09281303291209042, 0.10694838617928326, 0.08305995201226324, 0.06918840110301971, 0.07711596577428281, 0.06807780684903264, 0.08429954224266112, 0.061402313061989844, 0.06242720491718501, 0.06186374562093988, 0.059982632054015994, 0.061242057941854, 0.05351588665507734, 0.047091075393836945, 0.0621749801794067, 0.05488715460523963, 0.03912222490180284, 0.05358860356500372, 0.048262903015711345], "acc": [0.3896484375, 0.5732421875, 0.701171875, 0.7451171875, 0.7880859375, 0.83984375, 0.857421875, 0.8681640625, 0.873046875, 0.900390625, 0.8984375, 0.912109375, 0.9033203125, 0.919921875, 0.9130859375, 0.9326171875, 0.92578125, 0.94140625, 0.9462890625, 0.93359375, 0.9521484375, 0.94921875, 0.947265625, 0.9423828125, 0.958984375, 0.966796875, 0.9462890625, 0.96875, 0.9580078125, 0.9755859375, 0.9609375, 0.9716796875, 0.9599609375, 0.9736328125, 0.974609375, 0.9755859375, 0.9755859375, 0.9697265625, 0.9814453125, 0.978515625, 0.9833984375, 0.9755859375, 0.978515625, 0.982421875, 0.9833984375, 0.9814453125, 0.982421875, 0.9873046875, 0.9814453125, 0.986328125], "test_loss": 2.2475163815127814, "test_acc": 0.604796974522293, "sample": "uniform"}