{"val_loss": [2.2996272645938167, 2.464441756533969, 2.442894009268208, 2.33083549046972, 2.16306502272369, 1.528555103168366, 1.3600683337563921, 1.9717877586935735, 1.5158959779010457, 1.8053449434079942, 1.8867588255815446, 2.0466502813776586, 2.1280533576467233, 2.180174018926681, 2.2391785637588257, 2.4351352043212597, 2.5001500123625346, 2.520270084119906, 2.633254523489885, 2.4934357803338654, 2.659139811612998, 2.711802513736069, 2.891089934452324, 2.901872114770731, 2.9678932253722174, 2.871091344933601, 2.8993711775275552, 3.0249934067392044, 3.0879224478059513, 3.0977560243788798, 3.0609998217054235, 3.0976519121485913, 3.0792719983750847, 3.138124358122516, 3.1177307564741485, 3.146892068492379, 3.0895915745170255, 3.119401703974244, 3.100588387744442, 3.1784690793152826, 3.1648867661785927, 3.171249354720875, 3.19743915044578, 3.27576224591322, 3.3399687975075594, 3.226279865404603, 3.392645132769445, 3.3001890288796396, 3.376938223838806, 3.297373417076791], "val_acc": [0.09802945859872611, 0.09783041401273886, 0.0999203821656051, 0.2541799363057325, 0.36415207006369427, 0.5034832802547771, 0.5833996815286624, 0.4495421974522293, 0.6099721337579618, 0.6061902866242038, 0.626890923566879, 0.6202229299363057, 0.6293789808917197, 0.6250995222929936, 0.6286823248407644, 0.6277866242038217, 0.6301751592356688, 0.62390525477707, 0.62390525477707, 0.6331608280254777, 0.6279856687898089, 0.6251990445859873, 0.6234076433121019, 0.6215167197452229, 0.6197253184713376, 0.6291799363057324, 0.6294785031847133, 0.6228105095541401, 0.6201234076433121, 0.6191281847133758, 0.6286823248407644, 0.6235071656050956, 0.6255971337579618, 0.628781847133758, 0.6267914012738853, 0.6232085987261147, 0.627687101910828, 0.6266918789808917, 0.6297770700636943, 0.6262937898089171, 0.6247014331210191, 0.6248009554140127, 0.623109076433121, 0.6247014331210191, 0.6198248407643312, 0.6247014331210191, 0.6188296178343949, 0.62390525477707, 0.6142515923566879, 0.621218152866242], "loss": [2.289766862988472, 2.1573996543884277, 1.9843947663903236, 1.7516892477869987, 1.481487512588501, 1.20885219424963, 0.9643348790705204, 0.6721416711807251, 0.5995485484600067, 0.4092689072713256, 0.2639154829084873, 0.16950940527021885, 0.10905887605622411, 0.09497938072308898, 0.07205598661676049, 0.03767603263258934, 0.029606735857669264, 0.04375263745896518, 0.025439938355702907, 0.022927851852728054, 0.014496105839498341, 0.01911601326719392, 0.01170436543179676, 0.012830486099119298, 0.007679522270336747, 0.006791657622670755, 0.005799405349534936, 0.010021443911682582, 0.003828360546322074, 0.006261828631977551, 0.007256037202751031, 0.005375521788664628, 0.003468443032943469, 0.002138503536116332, 0.0032832336946739815, 0.007762754932628013, 0.0036130726293777116, 0.0027173112248419784, 0.005085583643449354, 0.0045874885327066295, 0.004747227576444857, 0.0038199599330255296, 0.005335550624295138, 0.0017067663065972738, 0.004311639686420676, 0.0024257590139313834, 0.003422352034249343, 0.003137722129395115, 0.006000106515784864, 0.0032663465681253], "acc": [0.162109375, 0.2392578125, 0.2431640625, 0.388671875, 0.5009765625, 0.6025390625, 0.6806640625, 0.80078125, 0.806640625, 0.8798828125, 0.9130859375, 0.953125, 0.9697265625, 0.9794921875, 0.982421875, 0.9912109375, 0.994140625, 0.9912109375, 0.9951171875, 0.9921875, 0.99609375, 0.9951171875, 0.9990234375, 0.9951171875, 0.9990234375, 1.0, 1.0, 0.998046875, 1.0, 0.9990234375, 0.9990234375, 0.998046875, 1.0, 1.0, 1.0, 0.9970703125, 1.0, 0.9990234375, 0.9970703125, 0.998046875, 0.9990234375, 0.998046875, 0.9990234375, 1.0, 0.9990234375, 0.9990234375, 0.9990234375, 0.9990234375, 0.998046875, 1.0], "test_loss": 3.1764869469745904, "test_acc": 0.6348527070063694, "sample": "uniform-cluster"}