{"val_loss": [2.298957572621145, 2.358252523811, 2.3151470415151802, 1.8154610258758448, 1.6776506703370695, 1.345412772552223, 1.0748953428238062, 1.1142859513972216, 1.306895754899189, 1.590365036847485, 1.3276919834553056, 1.2921649771890822, 1.3628710028092572, 1.6051080812504337, 1.4528885245513006, 1.5282622611826393, 1.674669116260899, 1.6380138340269683, 1.7133197848014772, 1.6929444272047396, 1.7276363287382066, 1.883298577396733, 1.797725112574875, 1.7676256046553327, 1.8475206222883456, 1.8061550226371, 1.834693581530243, 1.8751181784518964, 1.8839573808916055, 1.9016721921551758, 1.8755092929313137, 1.87379478990652, 1.9049231715642723, 1.895486970236347, 1.8742424843797258, 1.9003450342804005, 1.9037039483049114, 1.9982151430883226, 1.9457959485281804, 1.9547801562555276, 2.075521106363102, 2.0388234927775755, 2.0157717495777043, 1.9764705402835918, 1.9474632436302817, 1.98514908817923, 2.0238502301797747, 2.079995699559048, 2.008137029542285, 1.978986858752123], "val_acc": [0.13425557324840764, 0.1044984076433121, 0.1877985668789809, 0.3913216560509554, 0.43799761146496813, 0.5623009554140127, 0.6922770700636943, 0.6821257961783439, 0.6723726114649682, 0.6365445859872612, 0.6984474522292994, 0.7441281847133758, 0.7420382165605095, 0.7169585987261147, 0.7428343949044586, 0.7434315286624203, 0.7288017515923567, 0.7426353503184714, 0.740047770700637, 0.7428343949044586, 0.7421377388535032, 0.7243232484076433, 0.7388535031847133, 0.7475119426751592, 0.7419386942675159, 0.747312898089172, 0.7441281847133758, 0.7460191082802548, 0.7442277070063694, 0.7440286624203821, 0.746218152866242, 0.7472133757961783, 0.7455214968152867, 0.7504976114649682, 0.7511942675159236, 0.7528861464968153, 0.7497014331210191, 0.7442277070063694, 0.748109076433121, 0.7485071656050956, 0.7349721337579618, 0.7424363057324841, 0.7453224522292994, 0.7484076433121019, 0.7506966560509554, 0.7499004777070064, 0.7486066878980892, 0.7446257961783439, 0.7500995222929936, 0.756468949044586], "loss": [2.2894436717033386, 2.192764163017273, 2.0347380712628365, 1.741121083498001, 1.3999391421675682, 1.1441942229866982, 0.8281509391963482, 0.6747808903455734, 0.4902591612190008, 0.29449875373393297, 0.23613990424200892, 0.09805207280442119, 0.0796185159124434, 0.06621330638881773, 0.0698072403902188, 0.02513202728005126, 0.03159842255990952, 0.01714314124546945, 0.011187352560227737, 0.011407334299292415, 0.013685686848475598, 0.013765748299192637, 0.01636913359106984, 0.012860026166890748, 0.012507540945080109, 0.0073587213846622035, 0.007124462565116119, 0.004851707722991705, 0.005283339865854941, 0.00796837991947541, 0.005441527222501463, 0.0067298479116288945, 0.003951460526877781, 0.005646978890581522, 0.006098028818087187, 0.0026573813847790007, 0.0023578981636092067, 0.0036486157223407645, 0.0024433250073343515, 0.0016574105684412643, 0.003295959901151946, 0.0009507206050329842, 0.0045656802194571355, 0.005544829989958089, 0.004475188647120376, 0.001363996625514119, 0.0012291314142203191, 0.00514214546274161, 0.005465037416797713, 0.0017131448794316384], "acc": [0.21484375, 0.2314453125, 0.306640625, 0.40625, 0.513671875, 0.59375, 0.71484375, 0.7685546875, 0.828125, 0.9111328125, 0.9111328125, 0.9755859375, 0.9716796875, 0.9794921875, 0.9794921875, 0.9951171875, 0.9931640625, 0.9970703125, 1.0, 0.9970703125, 0.9990234375, 0.9970703125, 0.9951171875, 0.9970703125, 0.9970703125, 0.998046875, 1.0, 1.0, 0.9990234375, 0.9990234375, 0.9990234375, 0.998046875, 1.0, 0.9990234375, 0.9970703125, 1.0, 1.0, 0.9990234375, 1.0, 1.0, 1.0, 1.0, 0.9990234375, 0.99609375, 0.9990234375, 1.0, 1.0, 0.998046875, 0.998046875, 1.0], "test_loss": 1.8432172113543104, "test_acc": 0.7697054140127388, "sample": "multi-normal"}