{"val_loss": [2.3005536787069527, 2.7422782828094094, 3.6002576427095256, 5.044043428578954, 3.497040133567373, 2.723010817151161, 2.1174682447105457, 2.602398588399219, 2.229086623829641, 2.3086347762186814, 1.9939744267494055, 2.1725391924001607, 1.8034437632864448, 1.7214502684629647, 1.6332417612622498, 1.712729080467467, 1.6110899345889973, 1.525968624907694, 1.44786433581334, 1.5187899641170624, 1.508293651471472, 1.3746934290144854, 1.566807037326181, 1.6652501597525968, 1.5830252516041896, 1.5761626283074641, 1.5328541834642933, 1.3554827322246163, 1.418849869518523, 1.400009090163905, 1.4044393299111895, 1.4435597517687804, 1.4456611670506228, 1.467137831411544, 1.456645696975623, 1.4718784276087573, 1.520193590669875, 1.4957506561734875, 1.480637989985715, 1.5553703619416352, 1.480645792119822, 1.5019620958786861, 1.5153588937346343, 1.55060279407319, 1.5145493926136357, 1.5381670201280315, 1.4743046587819506, 1.5814160917215287, 1.5659935294063227, 1.544975231597378], "val_acc": [0.15376194267515925, 0.09783041401273886, 0.16261942675159236, 0.21964570063694266, 0.29289410828025475, 0.35857882165605093, 0.38813694267515925, 0.3870421974522293, 0.4104299363057325, 0.4312300955414013, 0.4573049363057325, 0.46695859872611467, 0.49721337579617836, 0.5327428343949044, 0.5265724522292994, 0.5308519108280255, 0.5518511146496815, 0.5673765923566879, 0.5980294585987261, 0.5744426751592356, 0.5811106687898089, 0.619327229299363, 0.589171974522293, 0.589171974522293, 0.6103702229299363, 0.611265923566879, 0.6304737261146497, 0.6704816878980892, 0.658937101910828, 0.6642117834394905, 0.6778463375796179, 0.6700835987261147, 0.6679936305732485, 0.6666998407643312, 0.6624203821656051, 0.6633160828025477, 0.6696855095541401, 0.6692874203821656, 0.6803343949044586, 0.6761544585987261, 0.6867038216560509, 0.6762539808917197, 0.6797372611464968, 0.6750597133757962, 0.6887937898089171, 0.6983479299363057, 0.6953622611464968, 0.6824243630573248, 0.6776472929936306, 0.6846138535031847], "loss": [2.2799324095249176, 2.0891693085432053, 1.5907755643129349, 0.9880425706505775, 0.7213666886091232, 0.5264941044151783, 0.44636931642889977, 0.36225229036062956, 0.33513660077005625, 0.27936532720923424, 0.25032846443355083, 0.2391030229628086, 0.21798811573535204, 0.2013614447787404, 0.19966399250552058, 0.16584983188658953, 0.16408810624852777, 0.16529984818771482, 0.10795948887243867, 0.15164803341031075, 0.12270128377713263, 0.11959538015071303, 0.1026446798350662, 0.10003593401052058, 0.08684863441158086, 0.07646302855573595, 0.07905909814871848, 0.0859374850988388, 0.06531104166060686, 0.06924856908153743, 0.06679849873762578, 0.06322945631109178, 0.05678913404699415, 0.05564600590150803, 0.05628663545940071, 0.04206808708840981, 0.04842055356130004, 0.04384919913718477, 0.05016827362123877, 0.030177738866768777, 0.04003711708355695, 0.04049728118116036, 0.03558486982365139, 0.03629763363278471, 0.03033584967488423, 0.035813523980323225, 0.03255326411454007, 0.028172617821837775, 0.024998509034048766, 0.028246737987501547], "acc": [0.2734375, 0.2978515625, 0.4873046875, 0.7001953125, 0.7998046875, 0.853515625, 0.8896484375, 0.904296875, 0.912109375, 0.9345703125, 0.9375, 0.94140625, 0.9443359375, 0.935546875, 0.943359375, 0.9501953125, 0.951171875, 0.9521484375, 0.96875, 0.95703125, 0.966796875, 0.9658203125, 0.970703125, 0.970703125, 0.9716796875, 0.974609375, 0.9736328125, 0.9736328125, 0.982421875, 0.978515625, 0.98046875, 0.978515625, 0.9853515625, 0.9892578125, 0.98046875, 0.98828125, 0.9853515625, 0.9833984375, 0.9853515625, 0.9912109375, 0.9853515625, 0.98828125, 0.9921875, 0.98828125, 0.9921875, 0.984375, 0.990234375, 0.9912109375, 0.990234375, 0.9912109375], "test_loss": 1.4418392625583965, "test_acc": 0.6933718152866242, "sample": "uniform"}