{"val_loss": [2.2995943081606725, 2.2962965084488984, 2.2940969011586185, 2.2745782888619, 2.017919566221298, 1.4000415247716722, 1.0176472046952338, 0.8377020541270068, 0.7557717902929919, 1.0491697979960473, 0.9564605603931816, 0.7978975288332648, 1.0439850442633507, 0.8890509557477229, 0.9691806177424777, 0.9432760835358291, 1.0593531805618552, 1.040553558819518, 1.0736557953178314, 1.086223827710577, 1.0889549115257469, 1.1361580374383717, 1.1176881684453055, 1.1143658915949854, 1.1316268389724242, 1.204057641962104, 1.180901273396934, 1.1770354858391983, 1.208092026436215, 1.1963668420768467, 1.2167706986189268, 1.1874342256101074, 1.204373127644419, 1.2184027703716211, 1.2282767743109517, 1.2295026708228194, 1.258575947658651, 1.270620131657524, 1.2401585744065085, 1.2701151173941458, 1.2824265725412376, 1.24772197362866, 1.2303386491480146, 1.2948650694481887, 1.249567254333739, 1.2669291923142922, 1.2408225748237152, 1.2644524880014598, 1.2297896456186939, 1.244235634103797], "val_acc": [0.09564092356687898, 0.09653662420382166, 0.1311703821656051, 0.14958200636942676, 0.39311305732484075, 0.49492436305732485, 0.6512738853503185, 0.7364649681528662, 0.7806528662420382, 0.738953025477707, 0.7679140127388535, 0.8168789808917197, 0.7870222929936306, 0.8159832802547771, 0.8102109872611465, 0.8202627388535032, 0.8094148089171974, 0.8174761146496815, 0.8120023885350318, 0.8142914012738853, 0.8144904458598726, 0.8111066878980892, 0.8139928343949044, 0.816281847133758, 0.8187699044585988, 0.8116042993630573, 0.8144904458598726, 0.815187101910828, 0.8155851910828026, 0.8142914012738853, 0.8109076433121019, 0.819765127388535, 0.8178742038216561, 0.8173765923566879, 0.8171775477707006, 0.818172770700637, 0.8147890127388535, 0.8136942675159236, 0.8196656050955414, 0.8168789808917197, 0.8136942675159236, 0.8149880573248408, 0.8183718152866242, 0.8124004777070064, 0.8159832802547771, 0.8194665605095541, 0.8187699044585988, 0.8163813694267515, 0.8203622611464968, 0.8183718152866242], "loss": [2.2967059314250946, 2.2850105315446854, 2.2592662274837494, 2.2141646295785904, 2.0959998071193695, 1.641831211745739, 1.1416657119989395, 0.7696256451308727, 0.5141866952180862, 0.34203556180000305, 0.19199917279183865, 0.13425818365067244, 0.07062376593239605, 0.06416536867618561, 0.034788765013217926, 0.0188163198181428, 0.031353839207440615, 0.02029633487109095, 0.020152200653683394, 0.012413588221534155, 0.014501828787615523, 0.012615820247447118, 0.004891846270766109, 0.00694159551494522, 0.004911437121336348, 0.00702937608002685, 0.005610979496850632, 0.0045363857643678784, 0.005755878075433429, 0.0075209448477835394, 0.004711284404038452, 0.005676563814631663, 0.002871224913178594, 0.003702704438182991, 0.0030667413520859554, 0.003067412591917673, 0.003303516788946581, 0.0037895010245847516, 0.0018004016928898636, 0.004171858372501447, 0.006626698253967334, 0.005170551345145213, 0.0022465458678198047, 0.004250291553034913, 0.002076168999337824, 0.003350106336256431, 0.0028168683984404197, 0.004370219470729353, 0.002583761375717586, 0.0014807085390202701], "acc": [0.1337890625, 0.138671875, 0.15234375, 0.21875, 0.2763671875, 0.4658203125, 0.6103515625, 0.7255859375, 0.8173828125, 0.888671875, 0.9296875, 0.9580078125, 0.9794921875, 0.984375, 0.98828125, 0.99609375, 0.9892578125, 0.99609375, 0.9951171875, 0.998046875, 0.9951171875, 0.9970703125, 1.0, 0.9990234375, 0.9990234375, 0.9990234375, 1.0, 1.0, 0.9990234375, 0.998046875, 1.0, 0.9990234375, 1.0, 0.9990234375, 1.0, 1.0, 0.998046875, 1.0, 1.0, 1.0, 0.998046875, 0.998046875, 1.0, 0.9990234375, 0.9990234375, 0.9990234375, 0.9990234375, 0.998046875, 1.0, 1.0], "test_loss": 1.1810710866739795, "test_acc": 0.8227507961783439, "sample": "multi-normal"}