{"val_loss": [2.3002963810210018, 2.2958809205680897, 2.302759664073871, 2.2208896609628277, 2.0095936804060726, 1.5484208574720248, 1.4576460601417882, 1.3973597686761503, 1.124308025191544, 1.1908363090578917, 1.2072619091553294, 1.3409327879832809, 1.46521817005364, 1.7204692771859988, 1.6127665133992577, 1.7210621656790661, 1.7615750955927902, 1.7881767353054825, 2.013896834318805, 1.8497853517342524, 1.9028906703564772, 1.9335869323865624, 1.8828850848849412, 1.9732727117029725, 2.027050858660109, 2.029309479294309, 2.0530031398413287, 1.9622922201350237, 2.010551012720272, 2.076857340183987, 1.977851068755244, 2.0554887797849575, 2.0496555976806934, 2.14861758679721, 2.102291531006622, 2.1159045441182935, 2.182182468806103, 2.1285136148428463, 2.0884932505002447, 2.138462580123525, 2.1424466572749385, 2.1314909812181617, 2.1500205866470457, 2.170764522662588, 2.1893703111797382, 2.177885109831573, 2.236370772028425, 2.2655021067542633, 2.2883569594401463, 2.2765410794004515], "val_acc": [0.11226114649681529, 0.12320859872611464, 0.18172770700636942, 0.19556130573248406, 0.2594546178343949, 0.4974124203821656, 0.5152269108280255, 0.5810111464968153, 0.6541600318471338, 0.6826234076433121, 0.6839171974522293, 0.68859474522293, 0.7099920382165605, 0.698546974522293, 0.7291003184713376, 0.7215366242038217, 0.7270103503184714, 0.7277070063694268, 0.7136743630573248, 0.7303941082802548, 0.7228304140127388, 0.7254179936305732, 0.732484076433121, 0.7277070063694268, 0.727109872611465, 0.727906050955414, 0.7240246815286624, 0.7331807324840764, 0.7294984076433121, 0.7256170382165605, 0.732484076433121, 0.7253184713375797, 0.7283041401273885, 0.7211385350318471, 0.7291998407643312, 0.7292993630573248, 0.7234275477707006, 0.7280055732484076, 0.7310907643312102, 0.7296974522292994, 0.7289012738853503, 0.7307921974522293, 0.7309912420382165, 0.7295979299363057, 0.7293988853503185, 0.7307921974522293, 0.7291998407643312, 0.7258160828025477, 0.7235270700636943, 0.725218949044586], "loss": [2.3002972453832626, 2.280129536986351, 2.2273103296756744, 2.147825300693512, 1.9072050526738167, 1.5593616962432861, 1.253068245947361, 0.882541511207819, 0.7513349689543247, 0.5301292687654495, 0.3863811828196049, 0.26130463369190693, 0.1617075284011662, 0.10955746774561703, 0.052458880469202995, 0.08120076055638492, 0.03490412433166057, 0.027255147811956704, 0.023393758630845696, 0.01604970422340557, 0.019481837283819914, 0.011033225076971576, 0.011563553678570315, 0.010058022919110954, 0.008417529083089903, 0.008988828281871974, 0.010747816049843095, 0.01200622039323207, 0.003903061744495062, 0.005644289136398584, 0.01105469023968908, 0.006101673738157842, 0.003567969615687616, 0.00583473557344405, 0.004133873917453457, 0.0038784447388025, 0.0034812092344509438, 0.007106792119884631, 0.003928230613382766, 0.0027732613089028746, 0.00387597057124367, 0.00268032178064459, 0.0020617571790353395, 0.0013048600412730593, 0.001972895619474002, 0.004347504876932362, 0.0021224737974989694, 0.0021750789164798334, 0.003344703507536906, 0.003168263212501188], "acc": [0.11328125, 0.1982421875, 0.2353515625, 0.2685546875, 0.33203125, 0.4638671875, 0.578125, 0.7216796875, 0.7646484375, 0.8212890625, 0.8603515625, 0.92578125, 0.9453125, 0.970703125, 0.9873046875, 0.98046875, 0.9931640625, 0.9970703125, 0.9931640625, 0.9990234375, 0.99609375, 0.998046875, 0.9970703125, 0.998046875, 0.9990234375, 0.9970703125, 0.998046875, 0.99609375, 1.0, 0.9990234375, 0.998046875, 0.9990234375, 1.0, 0.9990234375, 1.0, 1.0, 1.0, 0.9970703125, 0.9990234375, 1.0, 0.9990234375, 0.9990234375, 1.0, 1.0, 1.0, 0.9990234375, 1.0, 1.0, 0.9990234375, 0.9990234375], "test_loss": 2.0931077929818707, "test_acc": 0.7406449044585988, "sample": "normal-cluster"}