{"val_loss": [2.2992849365161483, 2.2958952970565503, 2.3497313040836603, 2.0174669338639375, 1.8580884622160796, 1.8713725410449278, 1.8408319942510811, 1.7804938911632369, 1.8546662254697959, 1.9889782462150427, 2.0438003995615963, 2.5351705862458345, 2.584430250392598, 2.523455554892303, 2.826084992688173, 2.8505612497876403, 3.0173323480946244, 3.1401913758296116, 3.0681414315654973, 3.076223017303807, 3.0976105351356944, 3.1365922970376956, 3.102953297317408, 3.190186468658933, 3.223761252536895, 3.269231161494164, 3.3480375131983666, 3.312029790726437, 3.3461244485940145, 3.3223849527395455, 3.565758983800366, 3.1915361866070207, 3.3102869129484627, 3.3320820172121572, 3.3245878022187836, 3.866684500578862, 3.6122133192742707, 3.616163786049861, 3.6070674657821655, 3.7015107566383993, 3.763945771630403, 3.7091012790704228, 3.5883991027333932, 3.5223918758380184, 3.5565604229641568, 3.641519946657169, 3.664843568376675, 3.5682226024615535, 3.78175254308494, 3.7954701876184744], "val_acc": [0.15833996815286625, 0.12639331210191082, 0.2204418789808917, 0.33061305732484075, 0.43351910828025475, 0.37768710191082805, 0.46476910828025475, 0.48656449044585987, 0.5258757961783439, 0.5306528662420382, 0.5634952229299363, 0.5384156050955414, 0.5464769108280255, 0.5725517515923567, 0.5480692675159236, 0.5573248407643312, 0.5567277070063694, 0.5450835987261147, 0.5538415605095541, 0.5453821656050956, 0.556827229299363, 0.5519506369426752, 0.558718152866242, 0.5602109872611465, 0.5546377388535032, 0.5532444267515924, 0.5555334394904459, 0.5629976114649682, 0.5589171974522293, 0.556827229299363, 0.5486664012738853, 0.5654856687898089, 0.5691679936305732, 0.567078025477707, 0.5694665605095541, 0.5298566878980892, 0.553343949044586, 0.5493630573248408, 0.5512539808917197, 0.5493630573248408, 0.550656847133758, 0.5486664012738853, 0.5608081210191083, 0.5654856687898089, 0.5596138535031847, 0.5548367834394905, 0.5609076433121019, 0.5668789808917197, 0.5557324840764332, 0.5569267515923567], "loss": [2.2979128658771515, 2.2678607404232025, 2.1583681404590607, 1.8059067502617836, 1.357662282884121, 1.1219115108251572, 0.7837941274046898, 0.5379042401909828, 0.31788648944348097, 0.2161828586831689, 0.14511687704361975, 0.045115934452041984, 0.0269235986052081, 0.029451864887960255, 0.024571501067839563, 0.01617927395273, 0.007006319210631773, 0.009265719825634733, 0.010614679507852998, 0.008865692645485979, 0.0033142846368718892, 0.00781499435834121, 0.005094626128993696, 0.0027740398872992955, 0.006094287542509846, 0.0020376080501591787, 0.0021107237716933014, 0.0023547359814983793, 0.001258869069715729, 0.001793059856936452, 0.003667852550279349, 0.0032735554359533126, 0.0012908120042993687, 0.0012662026356338174, 0.0014551697431670618, 0.004699518953202642, 0.0012651844745050767, 0.001359536418931384, 0.0010208899511781055, 0.0037957510985506815, 0.0024988473114717635, 0.0008763113673921907, 0.001226599537403672, 0.0011257925407335279, 0.0006248329100344563, 0.0011050837988477724, 0.0008413299810854369, 0.001062698512669158, 0.0015749098120068084, 0.0007757125158605049], "acc": [0.1318359375, 0.236328125, 0.2666015625, 0.421875, 0.578125, 0.634765625, 0.75390625, 0.83203125, 0.90234375, 0.931640625, 0.958984375, 0.9931640625, 0.9970703125, 0.9912109375, 0.994140625, 0.9970703125, 1.0, 0.998046875, 0.9990234375, 0.99609375, 1.0, 0.9970703125, 1.0, 1.0, 0.9990234375, 1.0, 1.0, 1.0, 1.0, 1.0, 0.998046875, 0.9990234375, 1.0, 1.0, 1.0, 0.9970703125, 1.0, 1.0, 1.0, 0.9970703125, 0.9990234375, 1.0, 1.0, 1.0, 1.0, 1.0, 1.0, 1.0, 1.0, 1.0], "test_loss": 3.621305559850802, "test_acc": 0.5706608280254777, "sample": "uniform-cluster"}