{"val_loss": [2.3042888125036933, 2.448266887361077, 2.387787506079218, 2.404526030182079, 2.3209011858435953, 2.167465225906129, 1.8678468420247363, 1.3031468110479367, 1.2863700222817196, 0.9803280173593266, 1.0139966891829375, 0.7521739583106557, 0.7535217673915207, 0.6157237041717881, 0.5641023454962263, 0.5355226933291763, 0.4972577442409127, 0.4389130463171157, 0.4581312768303665, 0.3837937398748413, 0.46003474598857247, 0.3875641657668314, 0.4221546213694249, 0.3917404879240473, 0.32624345561074225, 0.35632244888455816, 0.35772802095243317, 0.3676864044728932, 0.33707662842052566, 0.333714198327036, 0.32516386781694595, 0.33852734984414784, 0.3574205289363481, 0.32575624522747126, 0.32870130592684266, 0.3471345085840506, 0.3471717817507162, 0.315328457508426, 0.3359298877400245, 0.3264346856528976, 0.3425630946335187, 0.32640555767627183, 0.33671169847570315, 0.3725054433753204, 0.33317210508071504, 0.3670862111348991, 0.3273033988054035, 0.3545423779150198, 0.3257408331350014, 0.35845664877942796], "val_acc": [0.09693471337579618, 0.09713375796178345, 0.09802945859872611, 0.1507762738853503, 0.1477906050955414, 0.25437898089171973, 0.3242436305732484, 0.5557324840764332, 0.5381170382165605, 0.6727707006369427, 0.6453025477707006, 0.7495023885350318, 0.7423367834394905, 0.8028463375796179, 0.801453025477707, 0.8320063694267515, 0.8455414012738853, 0.8591759554140127, 0.8481289808917197, 0.879578025477707, 0.8495222929936306, 0.8765923566878981, 0.8681329617834395, 0.8789808917197452, 0.9023686305732485, 0.8908240445859873, 0.89171974522293, 0.890625, 0.8983877388535032, 0.9019705414012739, 0.9056528662420382, 0.9006767515923567, 0.8961982484076433, 0.9075437898089171, 0.9064490445859873, 0.9033638535031847, 0.9038614649681529, 0.9129179936305732, 0.9087380573248408, 0.9107285031847133, 0.9082404458598726, 0.9130175159235668, 0.910031847133758, 0.9033638535031847, 0.9155055732484076, 0.9036624203821656, 0.9143113057324841, 0.9092356687898089, 0.9163017515923567, 0.9087380573248408], "loss": [2.2807454764842987, 2.15802301466465, 2.0838499143719673, 2.0209480226039886, 1.9627426639199257, 1.7860142067074776, 1.6220952868461609, 1.453556314110756, 1.1133002005517483, 1.097561877220869, 0.8621539361774921, 0.8388277553021908, 0.7219147048890591, 0.5794934462755919, 0.5404094140976667, 0.5326508302241564, 0.40125853195786476, 0.4538238011300564, 0.3628956563770771, 0.31284556072205305, 0.2958667380735278, 0.2856296170502901, 0.25550600653514266, 0.2420502370223403, 0.17484928434714675, 0.18106632493436337, 0.15757345175370574, 0.17385888285934925, 0.1405129050835967, 0.13840888626873493, 0.11274424870498478, 0.12529373914003372, 0.0825833547860384, 0.10130182560533285, 0.08063596661668271, 0.0740253139520064, 0.08135301689617336, 0.07826652913354337, 0.06479120650328696, 0.06527273741085082, 0.07172109617386013, 0.05595729895867407, 0.05766210914589465, 0.05660057486966252, 0.04727043799357489, 0.04594994895160198, 0.03588561597280204, 0.05700631288345903, 0.04055030003655702, 0.030438003479503095], "acc": [0.24609375, 0.2578125, 0.2451171875, 0.2685546875, 0.3134765625, 0.392578125, 0.4375, 0.4873046875, 0.642578125, 0.6337890625, 0.7177734375, 0.7177734375, 0.7646484375, 0.818359375, 0.8251953125, 0.8212890625, 0.869140625, 0.85546875, 0.89453125, 0.89453125, 0.900390625, 0.9072265625, 0.9228515625, 0.9267578125, 0.9404296875, 0.94140625, 0.9443359375, 0.9384765625, 0.9580078125, 0.95703125, 0.9638671875, 0.962890625, 0.978515625, 0.96484375, 0.9775390625, 0.9794921875, 0.9736328125, 0.9794921875, 0.9755859375, 0.978515625, 0.9716796875, 0.984375, 0.982421875, 0.982421875, 0.9814453125, 0.986328125, 0.9892578125, 0.978515625, 0.9873046875, 0.9912109375], "test_loss": 0.35886981469952756, "test_acc": 0.9079418789808917, "sample": "normal-cluster"}