{"val_loss": [2.3003739202098483, 2.3122006844563088, 2.4386727141726547, 2.325674960567693, 2.0899218654936287, 2.1251237734108215, 1.972427023444206, 2.36165529375623, 1.805376609799209, 2.067585545360662, 2.3453624635745007, 2.3437414100974987, 2.3514435830389617, 2.4802468403889115, 2.4191502928733826, 2.6177936336796757, 2.833173271956717, 2.8272753486967392, 2.937129358577121, 3.008153178889281, 2.9582218501218565, 2.9852965386809815, 2.9747266974418785, 3.057636012696916, 3.0717973944487844, 3.021241443552029, 3.143237805670234, 3.11210745838797, 3.1655937053595378, 3.1425683187071685, 3.1772528985503374, 3.2094445099496536, 3.2768081707559573, 3.2736625857413952, 3.297455678320235, 3.307919056552231, 3.2529280747577642, 3.288508926227594, 3.442528359449593, 3.612092217062689, 3.4588630905576574, 3.459971970053995, 3.303924116359395, 3.324754735466781, 3.3650283426236194, 3.4133128694667936, 3.4467271460089712, 3.57241863429926, 3.371809036868393, 3.4837189107943494], "val_acc": [0.15435907643312102, 0.18093152866242038, 0.2386544585987261, 0.27567675159235666, 0.3361863057324841, 0.3893312101910828, 0.4372014331210191, 0.43192675159235666, 0.5367237261146497, 0.5563296178343949, 0.5482683121019108, 0.5392117834394905, 0.5631966560509554, 0.5696656050955414, 0.5773288216560509, 0.5729498407643312, 0.5627985668789809, 0.5717555732484076, 0.5645899681528662, 0.5629976114649682, 0.5690684713375797, 0.5720541401273885, 0.5758359872611465, 0.5756369426751592, 0.5765326433121019, 0.5810111464968153, 0.571656050955414, 0.57703025477707, 0.5779259554140127, 0.5804140127388535, 0.5773288216560509, 0.5773288216560509, 0.5779259554140127, 0.5775278662420382, 0.5752388535031847, 0.573546974522293, 0.5793192675159236, 0.5783240445859873, 0.5665804140127388, 0.56140525477707, 0.5703622611464968, 0.5727507961783439, 0.5840963375796179, 0.5814092356687898, 0.5786226114649682, 0.5795183121019108, 0.5801154458598726, 0.5706608280254777, 0.5871815286624203, 0.575437898089172], "loss": [2.29398974776268, 2.24108549952507, 1.9879324287176132, 1.4873384982347488, 1.0642185620963573, 0.8255524076521397, 0.6054438762366772, 0.44109958969056606, 0.367235878482461, 0.1422097347676754, 0.09549781098030508, 0.12863307958468795, 0.050042768591083586, 0.028224375215359032, 0.03734575939597562, 0.013812803314067423, 0.0093088477733545, 0.007909732885309495, 0.010259264177875593, 0.010041784335044213, 0.013947150102467276, 0.00826639546721708, 0.007857100361434277, 0.00396551573794568, 0.005462248507683398, 0.007361421710811555, 0.0032250103686237708, 0.003729378804564476, 0.003822955255600391, 0.008033867394260596, 0.00193804989248747, 0.00151364124394604, 0.002992832132804324, 0.0015816870218259282, 0.0022023862511559855, 0.007844190680771135, 0.001748971721099224, 0.0009357097133033676, 0.0018998981522599934, 0.0042108387206099, 0.0015256527622113936, 0.003287523257313296, 0.0028513661618490005, 0.000891985987436783, 0.0018962086378451204, 0.001399704151936021, 0.0017659778677625582, 0.001637214907532325, 0.0020577804580170778, 0.008995528294690303], "acc": [0.1826171875, 0.3984375, 0.40625, 0.564453125, 0.669921875, 0.7451171875, 0.802734375, 0.8564453125, 0.873046875, 0.9609375, 0.974609375, 0.955078125, 0.9892578125, 0.994140625, 0.98828125, 1.0, 1.0, 1.0, 0.9990234375, 0.998046875, 0.99609375, 0.9990234375, 1.0, 1.0, 0.9990234375, 0.998046875, 1.0, 1.0, 0.9990234375, 0.998046875, 1.0, 1.0, 0.9990234375, 1.0, 1.0, 0.9970703125, 1.0, 1.0, 0.9990234375, 0.998046875, 1.0, 0.9990234375, 1.0, 1.0, 1.0, 1.0, 1.0, 1.0, 1.0, 0.998046875], "test_loss": 3.43959859298293, "test_acc": 0.5660828025477707, "sample": "uniform"}