{"val_loss": [2.31028638675714, 3.6518129573506153, 4.487706236019256, 4.060006434750405, 3.978517624982603, 5.142663143243, 4.716481257396139, 5.28264668792676, 5.4321099056559765, 6.053010676317154, 5.684408306316206, 6.390369640034475, 6.695809048452195, 7.024192308924, 6.877363791131669, 6.856762785820445, 6.952561147653373, 7.369756091172528, 7.1209604421238994, 7.267346743565456, 7.23823787604168, 7.175821522998202, 7.397317127057701, 7.3744716917633255, 7.472483507387198, 7.5302053439389365, 7.736206674272088, 7.67572752229727, 7.5917061635643055, 7.628362200062746, 7.620162377691573, 7.67354768097021, 7.751339271569708, 7.6641097858453255, 7.742764069016572, 7.743414086141404, 7.819726770850504, 7.80014382198358, 7.8357382458486375, 7.865877916858454, 7.79404504132119, 7.842821485677343, 7.8260057716612605, 7.806684624617267, 7.908799535909276, 8.047508382493524, 7.967263586202245, 7.92669677734375, 8.047150271713354, 8.017237699715196], "val_acc": [0.09802945859872611, 0.2041202229299363, 0.19814888535031847, 0.21884952229299362, 0.3080214968152866, 0.2765724522292994, 0.31757563694267515, 0.3093152866242038, 0.33379777070063693, 0.29130175159235666, 0.3307125796178344, 0.3249402866242038, 0.3288216560509554, 0.303343949044586, 0.332703025477707, 0.3390724522292994, 0.3489251592356688, 0.33061305732484075, 0.34912420382165604, 0.34653662420382164, 0.34802945859872614, 0.3512141719745223, 0.34514331210191085, 0.34852707006369427, 0.34802945859872614, 0.34773089171974525, 0.341859076433121, 0.34912420382165604, 0.3486265923566879, 0.3505175159235669, 0.34982085987261147, 0.3487261146496815, 0.34235668789808915, 0.3492237261146497, 0.3543988853503185, 0.3556926751592357, 0.35111464968152867, 0.3506170382165605, 0.352109872611465, 0.3476313694267516, 0.3536027070063694, 0.35459792993630573, 0.35400079617834396, 0.3596735668789809, 0.3523089171974522, 0.34623805732484075, 0.3506170382165605, 0.35758359872611467, 0.3531050955414013, 0.3513136942675159], "loss": [2.239637464284897, 1.4712798073887825, 0.8906927816569805, 0.591746436432004, 0.43696882389485836, 0.33219518326222897, 0.28684049379080534, 0.26314832363277674, 0.17741930484771729, 0.14506269432604313, 0.14093694416806102, 0.08428954426199198, 0.08235089061781764, 0.0559161213459447, 0.04331498051760718, 0.0439482043730095, 0.038707211904693395, 0.01981079118559137, 0.029438862518873066, 0.023566970819956623, 0.021196113419136964, 0.015909152920357883, 0.00949587755894754, 0.012941649329150096, 0.013480501540470868, 0.0069553284120047465, 0.007880192868469749, 0.010612132544338237, 0.007221065097837709, 0.007957035682920832, 0.014138380211079493, 0.0029341330118768383, 0.003044448501896113, 0.00463621024027816, 0.009279283853175002, 0.004530858182988595, 0.004463227560336236, 0.0067249171261209995, 0.00688434994299314, 0.00789876524140709, 0.00834113115342916, 0.004571342436975101, 0.002772234089206904, 0.0023955566066433676, 0.0019695753580890596, 0.0026003156945080264, 0.006661535371677019, 0.0034084713843185455, 0.002512447568733478, 0.014491452311631292], "acc": [0.3828125, 0.552734375, 0.7744140625, 0.8173828125, 0.8642578125, 0.8935546875, 0.908203125, 0.9130859375, 0.9462890625, 0.9580078125, 0.9521484375, 0.9755859375, 0.9755859375, 0.984375, 0.986328125, 0.98828125, 0.9921875, 0.9951171875, 0.990234375, 0.9931640625, 0.9951171875, 0.994140625, 1.0, 0.99609375, 0.9970703125, 0.998046875, 0.9990234375, 0.998046875, 0.998046875, 0.9970703125, 0.9970703125, 1.0, 1.0, 1.0, 0.998046875, 0.9990234375, 1.0, 0.998046875, 0.9990234375, 0.99609375, 0.998046875, 0.9990234375, 0.9990234375, 1.0, 1.0, 0.9990234375, 0.9970703125, 0.9990234375, 1.0, 0.9951171875], "test_loss": 8.100023795085349, "test_acc": 0.35300557324840764, "sample": "uniform"}