{"val_loss": [2.3019503028529464, 2.3709871586720657, 2.416602329084068, 2.222526348320542, 1.8883032054658149, 1.362218301007702, 1.1751626507871469, 1.1501151484668635, 1.2732445333793665, 1.5379667547857685, 1.3887216285535484, 1.6304485909878068, 1.549727171469646, 1.6642137593144823, 1.6775812364307938, 1.863873719030125, 1.7479688305004386, 1.7781479311217168, 1.8376062206781594, 1.9394494185022488, 1.979846148164409, 1.941734428048893, 1.9898299331877642, 2.087720497208796, 2.003858602160861, 1.8845526849388317, 2.039207328087205, 2.0744137291316016, 2.024707332917839, 2.07295765068121, 2.1165691946342493, 2.069239322926588, 2.061667041983574, 2.1555176665828486, 2.124212595877374, 2.256792521400816, 2.163656516439596, 2.177218728004747, 2.187432705976401, 2.220411528447631, 2.2192578727652315, 2.2009610911463477, 2.189870390163106, 2.1921823091188055, 2.3193668301697747, 2.2923619969255604, 2.241790130639532, 2.353195921630616, 2.2413276705392606, 2.3299959491772255], "val_acc": [0.1129578025477707, 0.1979498407643312, 0.2633359872611465, 0.3369824840764331, 0.3671377388535032, 0.5860867834394905, 0.6321656050955414, 0.6744625796178344, 0.6826234076433121, 0.6621218152866242, 0.7053144904458599, 0.6822253184713376, 0.6824243630573248, 0.68640525477707, 0.6998407643312102, 0.6865047770700637, 0.6965565286624203, 0.6936703821656051, 0.6999402866242038, 0.6917794585987261, 0.6904856687898089, 0.6991441082802548, 0.6987460191082803, 0.6896894904458599, 0.7011345541401274, 0.7117834394904459, 0.6964570063694268, 0.6945660828025477, 0.7011345541401274, 0.6968550955414012, 0.6908837579617835, 0.6975517515923567, 0.6996417197452229, 0.6986464968152867, 0.7018312101910829, 0.6894904458598726, 0.6996417197452229, 0.7007364649681529, 0.699343152866242, 0.6991441082802548, 0.6926751592356688, 0.7000398089171974, 0.7005374203821656, 0.7040207006369427, 0.6924761146496815, 0.7008359872611465, 0.7003383757961783, 0.6902866242038217, 0.6984474522292994, 0.6998407643312102], "loss": [2.290795549750328, 2.212833449244499, 2.029728055000305, 1.6348140463232994, 1.1394185200333595, 0.77709118463099, 0.48580580949783325, 0.359225794672966, 0.19554586242884398, 0.12750749848783016, 0.07471872470341623, 0.06109391478821635, 0.06829568324610591, 0.020667339558713138, 0.025306262134108692, 0.012363393674604595, 0.013685956146218814, 0.014187878899974748, 0.007361361902439967, 0.008202750294003636, 0.00806993518199306, 0.007514223325415514, 0.005418698056018911, 0.005362021838664077, 0.011414199288992677, 0.0055189246631925926, 0.005266791595204268, 0.005443588575872127, 0.004237123175698798, 0.0037394755345303565, 0.004046957783430116, 0.0051397779097897, 0.0026496872123971116, 0.0033282229851465672, 0.002055404513157555, 0.006124428578914376, 0.0013831034011673182, 0.0015756580396555364, 0.003322161803225754, 0.0022898304305272177, 0.0012338197366261738, 0.0015209994944598293, 0.0014780299079575343, 0.0012358176072666538, 0.001523608285424416, 0.0013594483680208214, 0.004059873132973735, 0.002967498588077433, 0.0016919417948884075, 0.0032904436829994665], "acc": [0.1611328125, 0.265625, 0.408203125, 0.53515625, 0.64453125, 0.759765625, 0.8388671875, 0.888671875, 0.943359375, 0.9599609375, 0.9775390625, 0.986328125, 0.984375, 0.9951171875, 0.9931640625, 0.998046875, 0.9970703125, 0.9951171875, 0.9990234375, 0.998046875, 0.9990234375, 0.9990234375, 1.0, 0.9990234375, 0.9970703125, 0.9990234375, 1.0, 0.9990234375, 0.9990234375, 0.9990234375, 0.9990234375, 0.998046875, 1.0, 1.0, 1.0, 0.998046875, 1.0, 1.0, 0.9990234375, 1.0, 1.0, 0.9990234375, 1.0, 1.0, 1.0, 1.0, 0.998046875, 0.9990234375, 0.9990234375, 0.998046875], "test_loss": 2.311819612979889, "test_acc": 0.7016321656050956, "sample": "normal"}