{"val_loss": [2.298606116300935, 2.291565125155601, 2.277689907960831, 2.1951158912318527, 1.7041110073684886, 1.3527467269806346, 0.948885442155182, 0.8477897962946801, 0.8055065107668281, 0.8059857266059347, 0.7725001180627543, 0.9080188715723669, 0.8733938913911011, 0.9143487373307632, 0.9717038497803318, 0.9884599864150688, 0.9947110747171056, 1.0609725008060218, 1.0884165965068113, 1.1624573529431015, 1.1324224632921491, 1.1021954029039214, 1.1249719707734267, 1.1773074883848997, 1.1515484705424992, 1.1676635143293697, 1.219731716379808, 1.2265568028921914, 1.22058922057129, 1.2471520960995346, 1.2304592542587571, 1.2542275953207427, 1.2392541676237705, 1.2332967692025147, 1.2616317457976236, 1.2701483040478578, 1.3361558619127343, 1.3168248153131479, 1.2945792977075288, 1.29000909170907, 1.2825239314490062, 1.2986367687725338, 1.3215802550837872, 1.320187925224661, 1.3399436968099918, 1.3219977372153928, 1.34664876296357, 1.36987786094664, 1.303468980488314, 1.3745754521079123], "val_acc": [0.13594745222929935, 0.15893710191082802, 0.1032046178343949, 0.16062898089171976, 0.4117237261146497, 0.5362261146496815, 0.6881966560509554, 0.7339769108280255, 0.7677149681528662, 0.7787619426751592, 0.7961783439490446, 0.7868232484076433, 0.7936902866242038, 0.7971735668789809, 0.7915007961783439, 0.7909036624203821, 0.7967754777070064, 0.7923964968152867, 0.7925955414012739, 0.7844347133757962, 0.7902070063694268, 0.7984673566878981, 0.7933917197452229, 0.794187898089172, 0.7969745222929936, 0.7940883757961783, 0.7881170382165605, 0.7937898089171974, 0.7923964968152867, 0.7915007961783439, 0.7916998407643312, 0.7915007961783439, 0.7925955414012739, 0.7960788216560509, 0.7946855095541401, 0.7959792993630573, 0.7916003184713376, 0.7910031847133758, 0.7961783439490446, 0.7973726114649682, 0.798765923566879, 0.7980692675159236, 0.7951831210191083, 0.7966759554140127, 0.7942874203821656, 0.796875, 0.7976711783439491, 0.791202229299363, 0.7990644904458599, 0.7973726114649682], "loss": [2.298840582370758, 2.2873658388853073, 2.2610055208206177, 2.195337325334549, 1.8654599785804749, 1.220993634313345, 0.7881829366087914, 0.4695068560540676, 0.29335855785757303, 0.18401417136192322, 0.13725051237270236, 0.07300540688447654, 0.10075018403586, 0.035023468430154026, 0.02558709867298603, 0.042252331593772396, 0.01967962214257568, 0.013804032598272897, 0.01749407811439596, 0.01062477845698595, 0.009415614142199047, 0.024311246612342075, 0.009419802110642195, 0.007564063955214806, 0.00748543654117384, 0.005115040683449479, 0.00731184973847121, 0.008132380113238469, 0.005014318936446216, 0.003636576857388718, 0.005833057526615448, 0.005045953392254887, 0.00368445703497855, 0.002714290876610903, 0.007919090476207202, 0.0034177032866864465, 0.004505293734837323, 0.003553180933522526, 0.0030787612849962898, 0.005015779759560246, 0.0031349055971077178, 0.0032336097247025464, 0.002620104463858297, 0.003177885057084495, 0.002570363158156397, 0.002439936601149384, 0.0020636493454730953, 0.003906367688614409, 0.005416878751930199, 0.002699242658309231], "acc": [0.1181640625, 0.1923828125, 0.154296875, 0.1552734375, 0.4140625, 0.6298828125, 0.75390625, 0.8466796875, 0.8984375, 0.9462890625, 0.951171875, 0.9833984375, 0.962890625, 0.9931640625, 0.9951171875, 0.986328125, 0.9951171875, 0.9970703125, 0.9951171875, 0.998046875, 1.0, 0.994140625, 0.9970703125, 0.998046875, 0.998046875, 0.9990234375, 0.9970703125, 0.998046875, 1.0, 0.9990234375, 0.9990234375, 0.9990234375, 0.9990234375, 1.0, 0.9990234375, 0.9990234375, 1.0, 0.9990234375, 1.0, 0.9990234375, 0.9990234375, 1.0, 0.9990234375, 1.0, 0.9990234375, 1.0, 1.0, 0.9990234375, 0.9970703125, 1.0], "test_loss": 1.3182893825849151, "test_acc": 0.8034434713375797, "sample": "random"}