{"val_loss": [2.296274214033868, 2.2826426241807876, 2.2365535733046804, 1.8251689793957266, 1.4361869278986743, 1.0796887891687406, 1.0549970487500453, 1.022443814926846, 0.9666662546479778, 0.897890125395386, 1.0614358945067521, 1.1168724549044469, 1.1645496186746913, 1.4507083456227734, 1.2036322492892575, 1.2874156422675795, 1.3139509282484176, 1.4158836005219988, 1.4011991352412352, 1.3925154317336477, 1.4290064821957023, 1.4816780695869665, 1.561166447059364, 1.4549719486266943, 1.4874822989960386, 1.5157701056094686, 1.5231279427078879, 1.497631515192378, 1.6883610982424135, 1.6452107924944277, 1.5966234930381653, 1.6043896037302199, 1.6316202747973667, 1.6361667156978776, 1.6526470651292497, 1.6576815137437955, 1.5540399917751362, 1.6108485895926785, 1.655178442027918, 1.6499974699157058, 1.6355194494033316, 1.6686601824821181, 1.6757322813674902, 1.7207365392879317, 1.69061312098412, 1.6726443937439828, 1.6766663951099299, 1.674577527554931, 1.656336923503572, 1.7086222221137612], "val_acc": [0.10310509554140128, 0.09713375796178345, 0.09783041401273886, 0.5006966560509554, 0.4651671974522293, 0.6427149681528662, 0.6556528662420382, 0.6937699044585988, 0.7355692675159236, 0.768312101910828, 0.7604498407643312, 0.7506966560509554, 0.7604498407643312, 0.7210390127388535, 0.7639331210191083, 0.7611464968152867, 0.7678144904458599, 0.7606488853503185, 0.7625398089171974, 0.7679140127388535, 0.7639331210191083, 0.7584593949044586, 0.7519904458598726, 0.7700039808917197, 0.765625, 0.767515923566879, 0.7654259554140127, 0.7700039808917197, 0.7501990445859873, 0.7552746815286624, 0.7642316878980892, 0.7652269108280255, 0.7635350318471338, 0.7646297770700637, 0.7653264331210191, 0.7639331210191083, 0.7768710191082803, 0.7743829617834395, 0.7653264331210191, 0.7687101910828026, 0.7701035031847133, 0.7657245222929936, 0.767515923566879, 0.7616441082802548, 0.7654259554140127, 0.7657245222929936, 0.7657245222929936, 0.7682125796178344, 0.771297770700637, 0.7677149681528662], "loss": [2.297451928257942, 2.27523335814476, 2.2280525267124176, 2.049997977912426, 1.4855077490210533, 0.9781284220516682, 0.6518844049423933, 0.42481069080531597, 0.29818601813167334, 0.1913677603006363, 0.1094719732645899, 0.10773808439262211, 0.07851611590012908, 0.0422351605957374, 0.051257641171105206, 0.026390066894236952, 0.019854899554047734, 0.018754817603621632, 0.022044677796657197, 0.016832332155900076, 0.021318066719686612, 0.01113711591460742, 0.010790862666908652, 0.008088958122243639, 0.008229015569668263, 0.007676063556573354, 0.0062884600993129425, 0.005094642270705663, 0.012788708503649104, 0.004960291895258706, 0.003167775063047884, 0.004908911869279109, 0.0032897722121560946, 0.002973451842990471, 0.005006056671845727, 0.0031186058222374413, 0.0028393368447723333, 0.004510663235123502, 0.006785874336856068, 0.007037029747152701, 0.003216418404917931, 0.0016334090387317701, 0.0033542398050485644, 0.009560801736370195, 0.0023593967052875087, 0.0062247164714790415, 0.00240393298008712, 0.002877865088521503, 0.0023044915978971403, 0.001689691422143369], "acc": [0.1396484375, 0.154296875, 0.1474609375, 0.26171875, 0.5341796875, 0.6796875, 0.7802734375, 0.8671875, 0.892578125, 0.9404296875, 0.970703125, 0.96484375, 0.9775390625, 0.9921875, 0.984375, 0.994140625, 0.99609375, 0.9970703125, 0.9912109375, 0.9970703125, 0.9951171875, 0.9990234375, 0.9970703125, 0.998046875, 0.9990234375, 1.0, 1.0, 0.998046875, 0.994140625, 1.0, 1.0, 1.0, 1.0, 1.0, 1.0, 1.0, 1.0, 0.9990234375, 0.998046875, 0.9970703125, 1.0, 1.0, 0.9990234375, 0.99609375, 1.0, 0.998046875, 1.0, 1.0, 0.9990234375, 1.0], "test_loss": 1.749576257957015, "test_acc": 0.7660230891719745, "sample": "error"}