{"val_loss": [2.2999521638177765, 2.386603978029482, 2.6204731919962887, 2.327603493526483, 1.8135229151719694, 1.6803323971997401, 1.6004899049260815, 1.5217128308715335, 1.4330717002510265, 1.0620735409153494, 0.9751532013249246, 0.9482737745449041, 1.0353147488111143, 0.8932092427068455, 0.7826389320147266, 0.8039628105938055, 0.7808545270733013, 0.9664226996291215, 0.6558143561053428, 0.7416064588792005, 0.7533514962834158, 0.7126798811516944, 0.8109137627539361, 0.654719833545624, 0.6567944005179177, 0.6782533267311229, 0.7320637618470344, 0.7952480149591804, 0.7562139124437502, 0.7121526699062366, 0.7022966496219301, 0.7364241881829918, 0.7191091636373739, 0.684501783056244, 0.6886495638662463, 0.7503784902061627, 0.8077712401652791, 0.8072909957189469, 0.7449254055572733, 0.7479797144699248, 0.70259054285136, 0.7648671685842572, 0.7428014981945988, 0.7838594419466463, 0.8064668967513142, 0.8131974182406049, 0.7918837619648808, 0.7698059280634306, 0.8228650882270685, 0.7859248148787553], "val_acc": [0.09802945859872611, 0.09783041401273886, 0.23497213375796178, 0.36803343949044587, 0.404359076433121, 0.432921974522293, 0.5103503184713376, 0.5291600318471338, 0.5173168789808917, 0.6507762738853503, 0.6860071656050956, 0.7079020700636943, 0.6910828025477707, 0.732484076433121, 0.7559713375796179, 0.7809514331210191, 0.7757762738853503, 0.7241242038216561, 0.819765127388535, 0.7980692675159236, 0.7889132165605095, 0.816281847133758, 0.7817476114649682, 0.8368829617834395, 0.8293192675159236, 0.8238455414012739, 0.8203622611464968, 0.7931926751592356, 0.8315087579617835, 0.8329020700636943, 0.8360867834394905, 0.8318073248407644, 0.8408638535031847, 0.8293192675159236, 0.8474323248407644, 0.8406648089171974, 0.805234872611465, 0.8261345541401274, 0.8495222929936306, 0.8467356687898089, 0.8580812101910829, 0.8517117834394905, 0.8539012738853503, 0.847531847133758, 0.8406648089171974, 0.8413614649681529, 0.8480294585987261, 0.8549960191082803, 0.8470342356687898, 0.8487261146496815], "loss": [2.293115183711052, 2.195389539003372, 1.886214792728424, 1.4808989837765694, 1.121476449072361, 0.9152601212263107, 0.7448264397680759, 0.6596897728741169, 0.6094501242041588, 0.5087976045906544, 0.4570532087236643, 0.43676856346428394, 0.36186904087662697, 0.33508122712373734, 0.3025822136551142, 0.2894636234268546, 0.2615914084017277, 0.21596884122118354, 0.22516236547380686, 0.22817214066162705, 0.15282357344403863, 0.17423855513334274, 0.19064157828688622, 0.16852916404604912, 0.13954346650280058, 0.1422509653493762, 0.10353287984617054, 0.12589234625920653, 0.09086928667966276, 0.11705610528588295, 0.10343586839735508, 0.09430374146904796, 0.10357256443239748, 0.07937815762124956, 0.07476891973055899, 0.08064818475395441, 0.07094825059175491, 0.06205985596170649, 0.0621285242959857, 0.06843536166707054, 0.07092581392498687, 0.054000305477529764, 0.05166127462871373, 0.044274739106185734, 0.046612613601610065, 0.04353663051733747, 0.045251952193211764, 0.035570226435083896, 0.05062304885359481, 0.039834118040744215], "acc": [0.17578125, 0.2724609375, 0.3056640625, 0.5439453125, 0.6630859375, 0.7333984375, 0.763671875, 0.8134765625, 0.814453125, 0.84765625, 0.8515625, 0.8564453125, 0.8857421875, 0.890625, 0.9072265625, 0.9072265625, 0.9169921875, 0.9296875, 0.921875, 0.9287109375, 0.9482421875, 0.943359375, 0.9375, 0.9501953125, 0.9462890625, 0.951171875, 0.9609375, 0.9560546875, 0.9677734375, 0.9619140625, 0.9677734375, 0.9658203125, 0.96484375, 0.97265625, 0.9794921875, 0.96875, 0.9755859375, 0.97265625, 0.9833984375, 0.9765625, 0.9716796875, 0.982421875, 0.9833984375, 0.98828125, 0.9873046875, 0.98828125, 0.9873046875, 0.98828125, 0.9833984375, 0.990234375], "test_loss": 0.7878959079741672, "test_acc": 0.8569864649681529, "sample": "uniform"}