{"val_loss": [2.2979583785792066, 2.2910097252791095, 2.3508216909542203, 2.239867076752292, 1.7787007161766102, 1.3217673977469182, 1.0857024929326051, 1.0870169055689671, 0.6658148340358856, 0.6726281644812055, 0.5597157474061486, 0.4731563957064015, 0.4308226735443826, 0.4504519178988827, 0.3728343532153755, 0.37590144370581696, 0.42779573845635555, 0.40498401846285836, 0.3299631661836319, 0.33301258293591485, 0.29673088325341795, 0.34834604029347943, 0.32715732361053584, 0.280658699127187, 0.3038750578097667, 0.29916039435489544, 0.30342131553241497, 0.2888007623730761, 0.2790333673025772, 0.2869887738636914, 0.31347082408773863, 0.32489297022319336, 0.3127280618568325, 0.2915918044034083, 0.30945880355307487, 0.3026440601861164, 0.294372102523009, 0.29246078601557834, 0.2987673568359879, 0.30261736985957427, 0.2942375446347947, 0.3159323259238984, 0.29984063140537803, 0.3069720103770233, 0.30306793799012854, 0.32550058637561785, 0.3082130534305967, 0.3131948838367833, 0.31071630983085485, 0.3279573129338752], "val_acc": [0.10330414012738853, 0.10300557324840764, 0.10290605095541401, 0.31558519108280253, 0.4651671974522293, 0.6031050955414012, 0.555234872611465, 0.5949442675159236, 0.8325039808917197, 0.7820461783439491, 0.8266321656050956, 0.8568869426751592, 0.8798765923566879, 0.872312898089172, 0.8958996815286624, 0.8869426751592356, 0.8624601910828026, 0.8679339171974523, 0.9031648089171974, 0.8977906050955414, 0.9093351910828026, 0.8979896496815286, 0.9039609872611465, 0.918093152866242, 0.9158041401273885, 0.9151074840764332, 0.9149084394904459, 0.9213773885350318, 0.9217754777070064, 0.9216759554140127, 0.9168988853503185, 0.9155055732484076, 0.9183917197452229, 0.9231687898089171, 0.9225716560509554, 0.9219745222929936, 0.9255573248407644, 0.9238654458598726, 0.9268511146496815, 0.9262539808917197, 0.9276472929936306, 0.9224721337579618, 0.9270501592356688, 0.927547770700637, 0.928343949044586, 0.923765923566879, 0.9270501592356688, 0.9277468152866242, 0.9294386942675159, 0.9258558917197452], "loss": [2.295953795313835, 2.2682956010103226, 2.175637438893318, 2.12342968583107, 1.9193069487810135, 1.5600221902132034, 1.2041929177939892, 1.0712664760649204, 0.9043049812316895, 0.7551969513297081, 0.6472982782870531, 0.6485161781311035, 0.5274657867848873, 0.5399448405951262, 0.43855139799416065, 0.38681890442967415, 0.36868901178240776, 0.3221861310303211, 0.32168139796704054, 0.25537519808858633, 0.27730457950383425, 0.23189569171518087, 0.20037842262536287, 0.20517651503905654, 0.17131634568795562, 0.1415360402315855, 0.15124365827068686, 0.12660499988123775, 0.12292859540320933, 0.10324187949299812, 0.09493428422138095, 0.09081139555200934, 0.1065401304513216, 0.07760314259212464, 0.07752531545702368, 0.06272037990856916, 0.0615334598114714, 0.0739971895236522, 0.06294171558693051, 0.05498764733783901, 0.04857508442364633, 0.05471172003308311, 0.04377768747508526, 0.053566025802865624, 0.05327980266883969, 0.03574152535293251, 0.033535840921103954, 0.031290753511711955, 0.031856703804805875, 0.036734230641741306], "acc": [0.158203125, 0.1748046875, 0.1806640625, 0.2080078125, 0.4033203125, 0.4931640625, 0.587890625, 0.66015625, 0.70703125, 0.7607421875, 0.779296875, 0.78515625, 0.8271484375, 0.8154296875, 0.849609375, 0.873046875, 0.8837890625, 0.8984375, 0.8955078125, 0.9248046875, 0.90625, 0.919921875, 0.9375, 0.9345703125, 0.9482421875, 0.95703125, 0.9541015625, 0.958984375, 0.9580078125, 0.9677734375, 0.966796875, 0.9716796875, 0.966796875, 0.9755859375, 0.978515625, 0.984375, 0.9775390625, 0.9755859375, 0.978515625, 0.9833984375, 0.982421875, 0.9853515625, 0.9892578125, 0.9794921875, 0.9814453125, 0.9892578125, 0.9931640625, 0.990234375, 0.990234375, 0.9892578125], "test_loss": 0.3148853805355111, "test_acc": 0.9277468152866242, "sample": "multi-normal-cluster"}