{"val_loss": [2.2982215775046377, 2.2918716874092246, 2.2803273929911816, 2.1880009842526382, 1.596032616439139, 1.2648984281120785, 1.1419920788449087, 0.7681473894104077, 0.6699055562353438, 0.5821394462873981, 0.4795350156676997, 0.4355712461338681, 0.42770547884854543, 0.3995465919565243, 0.34773203583469814, 0.34012358284490124, 0.34141117061494264, 0.2971629465983552, 0.3092153689640153, 0.317186004250862, 0.26650116854839645, 0.2882767671920881, 0.2602792663891224, 0.2739459210591521, 0.28339406162215647, 0.26045416412685235, 0.25695090333687937, 0.2927336109339432, 0.2784164566309399, 0.2814882358767472, 0.2641385614065228, 0.3154456945444653, 0.2804712580760146, 0.26903015599069985, 0.28006703507416186, 0.26359161059965325, 0.25717570931965095, 0.26215268860594815, 0.27492958678460566, 0.28775449600189357, 0.28212652755248696, 0.28196424904285344, 0.2692472557288856, 0.27071948621605946, 0.27494105477936, 0.26956247214441464, 0.27303725046070093, 0.27281036901519085, 0.28369563304564094, 0.27612675118125135], "val_acc": [0.20123407643312102, 0.14560111464968153, 0.18949044585987262, 0.32384554140127386, 0.49562101910828027, 0.6130573248407644, 0.5930533439490446, 0.7843351910828026, 0.7834394904458599, 0.8160828025477707, 0.8607683121019108, 0.8596735668789809, 0.870421974522293, 0.8810708598726115, 0.8955015923566879, 0.8938097133757962, 0.893312101910828, 0.9053542993630573, 0.901671974522293, 0.8980891719745223, 0.912718949044586, 0.9110270700636943, 0.9169984076433121, 0.9121218152866242, 0.9104299363057324, 0.9152070063694268, 0.9188893312101911, 0.9114251592356688, 0.9171974522292994, 0.916202229299363, 0.9201831210191083, 0.9098328025477707, 0.9169984076433121, 0.9220740445859873, 0.9205812101910829, 0.9227707006369427, 0.9251592356687898, 0.9271496815286624, 0.9247611464968153, 0.9244625796178344, 0.9234673566878981, 0.9225716560509554, 0.9267515923566879, 0.9267515923566879, 0.926453025477707, 0.9276472929936306, 0.9265525477707006, 0.9303343949044586, 0.9269506369426752, 0.9276472929936306], "loss": [2.298322841525078, 2.2818323373794556, 2.24339996278286, 2.160134047269821, 1.8810965791344643, 1.5171145871281624, 1.21469034999609, 1.1032106578350067, 0.8781760931015015, 0.8010785318911076, 0.7179213315248489, 0.6673451196402311, 0.6373174730688334, 0.5694431476294994, 0.4511092621833086, 0.4334894195199013, 0.4188896156847477, 0.334595263004303, 0.35589423030614853, 0.29842296335846186, 0.2970905024558306, 0.25572854187339544, 0.25258943811059, 0.23007581662386656, 0.2029936839826405, 0.2051711119711399, 0.1947704809717834, 0.15518932649865746, 0.1537996269762516, 0.13032959960401058, 0.1613209554925561, 0.13060891721397638, 0.09847376262769103, 0.1358518332708627, 0.10341196181252599, 0.11076511023566127, 0.10674334061332047, 0.0774993326049298, 0.08341822563670576, 0.0639757860917598, 0.07493929215706885, 0.06302277371287346, 0.08332595182582736, 0.04422787798102945, 0.06833610916510224, 0.06125980755314231, 0.06873733078828081, 0.05771126365289092, 0.057242043782025576, 0.048357045045122504], "acc": [0.1533203125, 0.216796875, 0.2431640625, 0.328125, 0.4716796875, 0.48828125, 0.6005859375, 0.646484375, 0.70703125, 0.7392578125, 0.7529296875, 0.7763671875, 0.7705078125, 0.80859375, 0.84765625, 0.8564453125, 0.8544921875, 0.8779296875, 0.890625, 0.8935546875, 0.89453125, 0.9150390625, 0.908203125, 0.9169921875, 0.9345703125, 0.921875, 0.9296875, 0.9423828125, 0.94921875, 0.958984375, 0.9375, 0.9541015625, 0.96484375, 0.9462890625, 0.9638671875, 0.9609375, 0.9638671875, 0.9736328125, 0.970703125, 0.9794921875, 0.9677734375, 0.98046875, 0.978515625, 0.990234375, 0.978515625, 0.98046875, 0.9755859375, 0.9814453125, 0.9814453125, 0.986328125], "test_loss": 0.2729354418226915, "test_acc": 0.9313296178343949, "sample": "normal"}