{"val_loss": [2.303501291639486, 2.8423052623773075, 4.657123898244967, 4.392141642843842, 4.398289003189961, 4.990180380025487, 5.239368696880948, 5.510578817622677, 5.6233750619706075, 5.565078592604133, 6.215173621086558, 6.307391804494675, 6.3358067798007065, 6.377997920771313, 6.563410965500364, 6.4981294073117, 6.5668404633831825, 6.7278564112960915, 6.7582734435986564, 6.820887565612793, 6.8438282711490706, 6.984530682776384, 6.997554013683538, 6.92648261671613, 6.863075875932244, 7.00408635473555, 6.939901397486401, 7.055742351872147, 7.024583679855249, 7.119200020079401, 7.090095034070835, 7.172282753476671, 7.10195892479769, 7.2927743006663714, 7.308733445064277, 7.213329099545813, 7.296141290360955, 7.231190608565215, 7.412151959291689, 7.195651865309211, 7.4192392051599585, 7.344864763272036, 7.269687160564835, 7.354235980161436, 7.405579794744018, 7.419906266935312, 7.425944850702954, 7.574660446993105, 7.454234493765862, 7.494715629869206], "val_acc": [0.09802945859872611, 0.1165406050955414, 0.2559713375796178, 0.3044386942675159, 0.34295382165605093, 0.37679140127388533, 0.3734076433121019, 0.39142117834394907, 0.382265127388535, 0.40545382165605093, 0.39500398089171973, 0.4000796178343949, 0.404359076433121, 0.4020700636942675, 0.40485668789808915, 0.4094347133757962, 0.40873805732484075, 0.4083399681528662, 0.40485668789808915, 0.4013734076433121, 0.4107285031847134, 0.40704617834394907, 0.40704617834394907, 0.41132563694267515, 0.41650079617834396, 0.4160031847133758, 0.4189888535031847, 0.41421178343949044, 0.41451035031847133, 0.4141122611464968, 0.4117237261146497, 0.41291799363057324, 0.4147093949044586, 0.40933519108280253, 0.4130175159235669, 0.41630175159235666, 0.412718949044586, 0.4150079617834395, 0.41162420382165604, 0.4171974522292994, 0.4114251592356688, 0.4133160828025478, 0.41421178343949044, 0.41550557324840764, 0.4148089171974522, 0.40843949044585987, 0.4096337579617834, 0.4094347133757962, 0.4122213375796178, 0.4109275477707006], "loss": [2.262378841638565, 1.902634121477604, 1.1711100228130817, 0.695137482136488, 0.5098288264125586, 0.2967659141868353, 0.2059008744545281, 0.16960355266928673, 0.10127828922122717, 0.15044418536126614, 0.04059805639553815, 0.03133321303175762, 0.04459424194646999, 0.022107840864919126, 0.02665413249633275, 0.013444233030895703, 0.007068616629112512, 0.008897987441741861, 0.006027083261869848, 0.004616411213646643, 0.0038690864748787135, 0.005432041005406063, 0.005629476785543375, 0.005183053683140315, 0.003099446195847122, 0.002875686161132762, 0.002618886221171124, 0.0034207409153168555, 0.0029031543417659122, 0.002133618854713859, 0.0014626128468080424, 0.0021477919508470222, 0.0019013900637219194, 0.0015368944896181347, 0.0020618022590497276, 0.0009726990178933193, 0.0013690148334717378, 0.0010789755961013725, 0.0006840525693405652, 0.002109393642967916, 0.002485585385329614, 0.0006866179519420257, 0.0013074550042802002, 0.000816768059394235, 0.0005591580456894008, 0.0025359446417496656, 0.0012557081654449576, 0.003171994567310321, 0.0019364541572031158, 0.0005583027023021714], "acc": [0.2919921875, 0.2744140625, 0.7021484375, 0.7880859375, 0.837890625, 0.9033203125, 0.9326171875, 0.9482421875, 0.970703125, 0.9580078125, 0.994140625, 0.9921875, 0.98828125, 0.9970703125, 0.9951171875, 0.998046875, 1.0, 0.9990234375, 1.0, 1.0, 1.0, 0.9990234375, 1.0, 0.9990234375, 1.0, 1.0, 1.0, 0.9990234375, 1.0, 1.0, 1.0, 1.0, 1.0, 1.0, 1.0, 1.0, 1.0, 1.0, 1.0, 0.9990234375, 1.0, 1.0, 1.0, 1.0, 1.0, 0.9990234375, 1.0, 0.9990234375, 0.9990234375, 1.0], "test_loss": 7.45155490279957, "test_acc": 0.40605095541401276, "sample": "uniform"}