{"val_loss": [2.300041019536887, 2.4669325533945847, 3.8511580995693326, 4.081994279934342, 4.0634268666528595, 4.191235057867257, 5.389946170673249, 4.915548342808037, 5.5640333701091205, 5.454085675014812, 5.098899031900297, 5.266957196460408, 5.5019820996910145, 5.430743247840055, 5.683278228067289, 5.677577231340347, 5.878179252527322, 5.749597200162851, 5.745658499420069, 6.073439593527727, 6.1394675157632035, 6.125997980688788, 6.136735609382581, 6.309827558553902, 6.246478502917442, 6.198928896788579, 6.251754900452438, 6.301748480766443, 6.313782928855556, 6.299304810299236, 6.317139668069827, 6.30127721379517, 6.338009243558167, 6.38234239323124, 6.354176539524346, 6.375806412119775, 6.370874652437344, 6.398666974085911, 6.377192236055993, 6.39657613729975, 6.388170406317255, 6.386587173316129, 6.4072943614546665, 6.4193467258647745, 6.404109490145544, 6.401943525690942, 6.434153158953236, 6.4441913237237625, 6.4415549411895165, 6.42397506981139], "val_acc": [0.1032046178343949, 0.09713375796178345, 0.25826035031847133, 0.24552149681528662, 0.40714570063694266, 0.431031050955414, 0.4065485668789809, 0.45491640127388533, 0.44904458598726116, 0.4605891719745223, 0.4993033439490446, 0.4773089171974522, 0.4732285031847134, 0.5044785031847133, 0.5098527070063694, 0.5433917197452229, 0.5112460191082803, 0.5621019108280255, 0.566281847133758, 0.555234872611465, 0.5692675159235668, 0.5657842356687898, 0.5711584394904459, 0.551453025477707, 0.5641918789808917, 0.5730493630573248, 0.5750398089171974, 0.5740445859872612, 0.5778264331210191, 0.5767316878980892, 0.5759355095541401, 0.5777269108280255, 0.5826035031847133, 0.5796178343949044, 0.5790207006369427, 0.5796178343949044, 0.5809116242038217, 0.5779259554140127, 0.582703025477707, 0.5812101910828026, 0.5826035031847133, 0.5842953821656051, 0.5810111464968153, 0.5815087579617835, 0.5822054140127388, 0.5852906050955414, 0.57921974522293, 0.5764331210191083, 0.5782245222929936, 0.5796178343949044], "loss": [2.291685715317726, 2.155531294643879, 1.6208258718252182, 1.3776619285345078, 0.9680619277060032, 0.7240137904882431, 0.49622676707804203, 0.5115509424358606, 0.39765386655926704, 0.3828940559178591, 0.35455030389130116, 0.31102249305695295, 0.2585224322974682, 0.27241557464003563, 0.2399834580719471, 0.22438514325767756, 0.23936241678893566, 0.19239209638908505, 0.21181976702064276, 0.15681757358834147, 0.1433504270389676, 0.16139538073912263, 0.1669077486731112, 0.1102320128120482, 0.15283435629680753, 0.1371245034970343, 0.12713873502798378, 0.1000567062292248, 0.11193539435043931, 0.10936094936914742, 0.09980232687667012, 0.11045145231764764, 0.08737804251722991, 0.08193591714370996, 0.10933270561508834, 0.07336805202066898, 0.09069251199252903, 0.0628419496351853, 0.08309698128141463, 0.0729359386023134, 0.07057275390252471, 0.07007793395314366, 0.058354673616122454, 0.05855292431078851, 0.05721594928763807, 0.048340567329432815, 0.05005568132037297, 0.058062667143531144, 0.04552696004975587, 0.055001962231472135], "acc": [0.134765625, 0.2236328125, 0.3115234375, 0.4296875, 0.6591796875, 0.7607421875, 0.8466796875, 0.8486328125, 0.876953125, 0.876953125, 0.8828125, 0.90625, 0.91796875, 0.9208984375, 0.9111328125, 0.9326171875, 0.9306640625, 0.935546875, 0.9345703125, 0.951171875, 0.955078125, 0.955078125, 0.9482421875, 0.9697265625, 0.951171875, 0.9560546875, 0.9658203125, 0.9765625, 0.96484375, 0.9736328125, 0.9755859375, 0.9697265625, 0.97265625, 0.97265625, 0.966796875, 0.978515625, 0.9697265625, 0.978515625, 0.98046875, 0.9765625, 0.9775390625, 0.98046875, 0.9814453125, 0.98046875, 0.9814453125, 0.986328125, 0.98828125, 0.9765625, 0.986328125, 0.9833984375], "test_loss": 6.5337641011377805, "test_acc": 0.5773288216560509, "sample": "error"}