{"val_loss": [2.3000887412174493, 2.296197087901413, 2.28944786794626, 2.2730314367136377, 2.21616736642874, 1.7402225763175139, 1.1650414516212075, 0.8943612218662432, 0.5316177083143763, 0.5475894061812929, 0.45300995985603637, 0.44594300481354354, 0.3759750363411038, 0.3359167437976713, 0.31513568115936724, 0.35193688467524614, 0.3138895585516076, 0.29471275797647656, 0.26694663821654335, 0.2685561983721556, 0.2697218229169631, 0.2746168323881497, 0.2679212094658309, 0.2507851225988358, 0.2568979395351782, 0.2540461196546342, 0.26681642822778906, 0.23234284999572738, 0.2458574078327555, 0.23826647348179938, 0.23608189417274705, 0.23627509370114014, 0.2386762849477885, 0.23732477796240264, 0.23833786798522447, 0.24156373308431714, 0.2402902761404551, 0.2442680688717278, 0.24793191312569057, 0.2381263848751558, 0.25097363211576396, 0.24272752355540966, 0.2522153940235686, 0.22939325641443253, 0.2462314446745915, 0.2501106412078782, 0.24735857469955116, 0.251566445535037, 0.23919483987728704, 0.24631229709466076], "val_acc": [0.10181130573248408, 0.10509554140127389, 0.10071656050955415, 0.10071656050955415, 0.13843550955414013, 0.5970342356687898, 0.6392316878980892, 0.7217356687898089, 0.8395700636942676, 0.82703025477707, 0.862062101910828, 0.8545979299363057, 0.8883359872611465, 0.8961982484076433, 0.9023686305732485, 0.8935111464968153, 0.9007762738853503, 0.9087380573248408, 0.9205812101910829, 0.921875, 0.9195859872611465, 0.9140127388535032, 0.9185907643312102, 0.9215764331210191, 0.9236664012738853, 0.9268511146496815, 0.9197850318471338, 0.9327229299363057, 0.9268511146496815, 0.9320262738853503, 0.9321257961783439, 0.9332205414012739, 0.9311305732484076, 0.9340167197452229, 0.9336186305732485, 0.9316281847133758, 0.9342157643312102, 0.9336186305732485, 0.9330214968152867, 0.9345143312101911, 0.9358081210191083, 0.9350119426751592, 0.931827229299363, 0.9394904458598726, 0.9373009554140127, 0.934812898089172, 0.9375995222929936, 0.9361066878980892, 0.9387937898089171, 0.9381966560509554], "loss": [2.3017035722732544, 2.298572391271591, 2.293472021818161, 2.282623291015625, 2.25583478808403, 2.0898759737610817, 1.4286358952522278, 0.9733078144490719, 0.7805430851876736, 0.6264066081494093, 0.5215237215161324, 0.45598101057112217, 0.44982529431581497, 0.36360668763518333, 0.31390361208468676, 0.3002423895522952, 0.29644124396145344, 0.2698403298854828, 0.2443350893445313, 0.20712979324162006, 0.1997886565513909, 0.1917159976437688, 0.18578206049278378, 0.14974319702014327, 0.14440298127010465, 0.15054810093715787, 0.09740337124094367, 0.1198781686834991, 0.10650298511609435, 0.09814421529881656, 0.1111317581962794, 0.08638370712287724, 0.09762793348636478, 0.08371090411674231, 0.08300838456489146, 0.06781673838850111, 0.065547950216569, 0.06242326425854117, 0.06525341223459691, 0.06342847074847668, 0.05945623910520226, 0.07192587805911899, 0.05383230955339968, 0.04489557957276702, 0.045589403714984655, 0.045849274640204385, 0.032782881578896195, 0.04501491953851655, 0.03967459819978103, 0.03934294037753716], "acc": [0.1015625, 0.1220703125, 0.1220703125, 0.123046875, 0.1171875, 0.3369140625, 0.5400390625, 0.6806640625, 0.7548828125, 0.8076171875, 0.828125, 0.8466796875, 0.8515625, 0.888671875, 0.9052734375, 0.9091796875, 0.904296875, 0.9189453125, 0.921875, 0.9267578125, 0.931640625, 0.931640625, 0.9423828125, 0.9521484375, 0.9443359375, 0.939453125, 0.9677734375, 0.9580078125, 0.962890625, 0.9677734375, 0.958984375, 0.96875, 0.9697265625, 0.974609375, 0.974609375, 0.9794921875, 0.978515625, 0.98046875, 0.9794921875, 0.9814453125, 0.9853515625, 0.96875, 0.9853515625, 0.9892578125, 0.984375, 0.9853515625, 0.9912109375, 0.986328125, 0.98828125, 0.9853515625], "test_loss": 0.24891915964259273, "test_acc": 0.9384952229299363, "sample": "error"}