{"val_loss": [2.2998206964723624, 2.291914845727811, 2.305009243594613, 2.087519967631929, 1.4212258469526935, 1.3554223711323585, 1.139073667252899, 1.20662384712772, 1.1492680102396922, 0.9957822503367807, 1.0487116344605283, 1.1140871123903116, 1.2072616758619903, 1.2446870633940788, 1.3462456211352805, 1.4928226933167998, 1.4230377070463387, 1.4437880410700088, 1.3846858315596915, 1.3950480972505679, 1.5727120636944558, 1.4043522519860299, 1.5032361216226202, 1.477453085077796, 1.4765847920422341, 1.689824144741532, 1.6330114075332691, 1.6067650932225452, 1.6034016836980345, 1.6181976258944555, 1.7262228459689268, 1.5853346366981032, 1.664860796017252, 1.6450812182608683, 1.6296978280612617, 1.6982997898842878, 1.7323066389105122, 1.68960944824158, 1.682477541789887, 1.6917009770300737, 1.643994477144472, 1.6201061006564244, 1.693288185604059, 1.616330125719119, 1.61738594165843, 1.7791904900104376, 1.7393670558549796, 1.6744574486829673, 1.6856881114327984, 1.7073817697300273], "val_acc": [0.10589171974522293, 0.12002388535031847, 0.19685509554140126, 0.2776671974522293, 0.4994028662420382, 0.6143511146496815, 0.6548566878980892, 0.6638136942675159, 0.6957603503184714, 0.7367635350318471, 0.7346735668789809, 0.7352707006369427, 0.7331807324840764, 0.7395501592356688, 0.7375597133757962, 0.7350716560509554, 0.7404458598726115, 0.7388535031847133, 0.7483081210191083, 0.7474124203821656, 0.7312898089171974, 0.7520899681528662, 0.7426353503184714, 0.7469148089171974, 0.7480095541401274, 0.7294984076433121, 0.7376592356687898, 0.7414410828025477, 0.7428343949044586, 0.7422372611464968, 0.7341759554140127, 0.7472133757961783, 0.7388535031847133, 0.7415406050955414, 0.7448248407643312, 0.7387539808917197, 0.7351711783439491, 0.7413415605095541, 0.7433320063694268, 0.7409434713375797, 0.7465167197452229, 0.7476114649681529, 0.7441281847133758, 0.7498009554140127, 0.7512937898089171, 0.7396496815286624, 0.7432324840764332, 0.7492038216560509, 0.7477109872611465, 0.7460191082802548], "loss": [2.299648731946945, 2.2839058488607407, 2.211417719721794, 2.0299335345625877, 1.4751840382814407, 0.9394433982670307, 0.6077863071113825, 0.3628784166648984, 0.303696540184319, 0.25065711699426174, 0.10867522959597409, 0.10673270223196596, 0.04593050788389519, 0.027781456476077437, 0.02248004882130772, 0.028107422083849087, 0.01763109798775986, 0.013687165774172172, 0.018607108650030568, 0.018466077308403328, 0.008709972578799352, 0.005861836798430886, 0.0086847824495635, 0.008474977168589248, 0.007624424761161208, 0.006944326116354205, 0.007583218262880109, 0.006561915073689306, 0.001850344822742045, 0.005817845343699446, 0.0066705327335512266, 0.011704204025591025, 0.008153356706316117, 0.004253440936736297, 0.0037034084925835487, 0.005508293143066112, 0.004208157544780988, 0.0024410971891484223, 0.0046774875081609935, 0.0037687424692194327, 0.003420550159717095, 0.003970409585235757, 0.0031879486923571676, 0.00330721061618533, 0.0020621261828637216, 0.0018787904555210844, 0.001308853133195953, 0.0024386448958466644, 0.008167667348971008, 0.005352348842279753], "acc": [0.1162109375, 0.1650390625, 0.2314453125, 0.3369140625, 0.525390625, 0.6962890625, 0.794921875, 0.8828125, 0.904296875, 0.9287109375, 0.96875, 0.9638671875, 0.9892578125, 0.9931640625, 0.998046875, 0.9921875, 0.99609375, 0.9931640625, 0.9931640625, 0.99609375, 0.998046875, 1.0, 0.9990234375, 0.9970703125, 0.998046875, 0.9970703125, 0.9990234375, 0.9970703125, 1.0, 0.9990234375, 0.998046875, 0.9970703125, 0.998046875, 1.0, 0.9990234375, 0.998046875, 0.9990234375, 1.0, 0.998046875, 0.9990234375, 0.9990234375, 0.9990234375, 0.9990234375, 0.9990234375, 1.0, 1.0, 1.0, 0.9990234375, 0.9990234375, 0.998046875], "test_loss": 1.630379497625266, "test_acc": 0.7612460191082803, "sample": "random"}