{"val_loss": [2.299034545376043, 3.1607302920833513, 4.884804390038655, 5.594877604466335, 6.17970042623532, 5.537666135532841, 5.518962942111265, 5.853403884134475, 6.330845301318321, 6.131918248097608, 6.787304395323346, 6.784399554987622, 7.351327076079739, 7.665667433647593, 7.869469020017393, 7.867826613650959, 8.059268881560891, 8.125688859611559, 8.171152862014285, 8.21274864597685, 8.21409006179518, 8.253499386416879, 8.26082875318588, 8.291148908578666, 8.275755016667068, 8.292203578220052, 8.299159839654424, 8.313488146302047, 8.30412572508405, 8.302289804835228, 8.307430546754485, 8.323551925124637, 8.314660755692014, 8.324584459802907, 8.332752488980628, 8.320039147783996, 8.338374153064315, 8.331870996268691, 8.328366179375132, 8.330477565716786, 8.326118675766477, 8.324538042590877, 8.338024491717102, 8.333817275466433, 8.330367522634518, 8.32837672749902, 8.337549066847297, 8.349093039324329, 8.343271431649567, 8.32612264232271], "val_acc": [0.1337579617834395, 0.09892515923566879, 0.23347929936305734, 0.20820063694267515, 0.289609872611465, 0.39619824840764334, 0.42048168789808915, 0.430234872611465, 0.4359076433121019, 0.4440684713375796, 0.4459593949044586, 0.45362261146496813, 0.45043789808917195, 0.44755175159235666, 0.4534235668789809, 0.45193073248407645, 0.45421974522292996, 0.4547173566878981, 0.45451831210191085, 0.4565087579617834, 0.45750398089171973, 0.4585987261146497, 0.4578025477707006, 0.45531449044585987, 0.45750398089171973, 0.4557125796178344, 0.45621019108280253, 0.4563097133757962, 0.4565087579617834, 0.45790207006369427, 0.45740445859872614, 0.45720541401273884, 0.457703025477707, 0.4568073248407643, 0.45581210191082805, 0.4585987261146497, 0.45690684713375795, 0.45919585987261147, 0.4580015923566879, 0.4576035031847134, 0.4580015923566879, 0.4599920382165605, 0.45710589171974525, 0.45720541401273884, 0.4588972929936306, 0.459593949044586, 0.45879777070063693, 0.45710589171974525, 0.45790207006369427, 0.459593949044586], "loss": [2.2790959775447845, 1.955980896949768, 1.47814329713583, 1.3083490654826164, 0.9919809624552727, 0.8103283867239952, 0.6461696941405535, 0.5327492952346802, 0.4268755465745926, 0.41467086039483547, 0.301239637658, 0.26054032053798437, 0.1676411759108305, 0.15295195998623967, 0.08373405714519322, 0.09079906810075045, 0.07002601306885481, 0.05121489427983761, 0.03297562978696078, 0.034521815076004714, 0.03225230163661763, 0.022666649776510894, 0.01396597089478746, 0.012110391282476485, 0.0168076662812382, 0.012992411939194426, 0.00885172066045925, 0.023774561850586906, 0.010114082440850325, 0.008388913469389081, 0.007444174319971353, 0.004613544704625383, 0.008232270396547392, 0.00793655424786266, 0.012349003976851236, 0.0037194090255070478, 0.004484560522541869, 0.007081798197759781, 0.004099290672456846, 0.00593349053451675, 0.0035779281715804245, 0.0034074437062372454, 0.004850502413319191, 0.007566440632217564, 0.006974833235290134, 0.00400173007074045, 0.0027396009681979194, 0.004738755986181786, 0.002465222991304472, 0.002879072773794178], "acc": [0.1826171875, 0.267578125, 0.390625, 0.48828125, 0.6611328125, 0.7255859375, 0.76953125, 0.8134765625, 0.8515625, 0.84765625, 0.8955078125, 0.9033203125, 0.9423828125, 0.9423828125, 0.9775390625, 0.9775390625, 0.9794921875, 0.9853515625, 0.9931640625, 0.990234375, 0.9912109375, 0.99609375, 0.998046875, 0.9970703125, 0.998046875, 0.9990234375, 0.9990234375, 0.9931640625, 0.998046875, 0.998046875, 0.9990234375, 1.0, 0.998046875, 0.998046875, 0.998046875, 1.0, 1.0, 0.998046875, 0.9990234375, 0.998046875, 1.0, 1.0, 0.9990234375, 0.998046875, 0.9970703125, 1.0, 1.0, 0.9990234375, 1.0, 1.0], "test_loss": 8.29995607874196, "test_acc": 0.46437101910828027, "sample": "error"}