{"val_loss": [2.30047452981305, 2.3435007478021515, 2.3749486443343435, 2.3327596749469732, 2.253156436476738, 1.6060930034916872, 1.2674684292951208, 1.1224449352853616, 1.3697886136686726, 1.2530706190759209, 1.292550667645825, 1.1412844974903544, 1.280290448931372, 1.2813702671770837, 1.3667546875157934, 1.390393253344639, 1.4088295299536104, 1.4309560897623657, 1.5263343506557927, 1.5342409853722638, 1.5934840600202038, 1.6020405746189652, 1.5746755565807318, 1.6371896039148806, 1.7040701937523617, 1.769345025158232, 1.7459470519594327, 1.6788436413570573, 1.6760007086073516, 1.689394310021856, 1.728964165517479, 1.7484436984274798, 1.7722801216848336, 1.819754643804708, 1.7824467058014717, 1.7628625380765102, 1.7567329311826427, 1.7684513579128653, 1.7726162835291237, 1.8004953650532254, 1.810903314572231, 1.8176453417273843, 1.896361751920858, 1.79386002508698, 1.7923899152476317, 1.832413668085815, 1.8748950776021192, 1.8707927522385956, 1.873159478424461, 1.9588134292584316], "val_acc": [0.1032046178343949, 0.10300557324840764, 0.10290605095541401, 0.1032046178343949, 0.15346337579617833, 0.46875, 0.5860867834394905, 0.6568471337579618, 0.6157444267515924, 0.6584394904458599, 0.7047173566878981, 0.7403463375796179, 0.7008359872611465, 0.7301950636942676, 0.7257165605095541, 0.7321855095541401, 0.740843949044586, 0.7398487261146497, 0.7307921974522293, 0.7357683121019108, 0.7281050955414012, 0.7367635350318471, 0.7387539808917197, 0.7371616242038217, 0.7229299363057324, 0.7319864649681529, 0.736265923566879, 0.7358678343949044, 0.7379578025477707, 0.7410429936305732, 0.7372611464968153, 0.7340764331210191, 0.7330812101910829, 0.7338773885350318, 0.7368630573248408, 0.7359673566878981, 0.7442277070063694, 0.7453224522292994, 0.7434315286624203, 0.7409434713375797, 0.7430334394904459, 0.7426353503184714, 0.73546974522293, 0.747312898089172, 0.7442277070063694, 0.7409434713375797, 0.7402468152866242, 0.7419386942675159, 0.7379578025477707, 0.7337778662420382], "loss": [2.289862349629402, 2.2213036119937897, 2.113486960530281, 2.0562210753560066, 1.9157581478357315, 1.594094417989254, 1.2038735263049603, 0.8342266902327538, 0.5226902849972248, 0.37093964871019125, 0.19929011072963476, 0.12735360767692327, 0.09744544792920351, 0.08082244510296732, 0.04098260629689321, 0.02119685657089576, 0.025229348218999803, 0.016589442879194394, 0.01658150261209812, 0.01230912200117018, 0.00871845798974391, 0.00857136957347393, 0.004898786646663211, 0.00451152358436957, 0.006433064423617907, 0.0055435419926652685, 0.004395087526063435, 0.008916330018109875, 0.005438226271508029, 0.0030053226655581966, 0.002019206789555028, 0.005536779532121727, 0.0038506230230268557, 0.0036937031145498622, 0.0013931040484749246, 0.0017032780997396912, 0.002405349488981301, 0.005636479467284516, 0.0033679489279165864, 0.002506395205273293, 0.0022037426970200613, 0.002888170691221603, 0.007389341004000016, 0.0019395802191866096, 0.003247679362175404, 0.0018106130519299768, 0.001707095694655436, 0.0014551543517882237, 0.0031999351776903495, 0.0015506889194512041], "acc": [0.2392578125, 0.2685546875, 0.267578125, 0.2724609375, 0.2900390625, 0.4697265625, 0.603515625, 0.75390625, 0.83984375, 0.896484375, 0.943359375, 0.95703125, 0.9765625, 0.974609375, 0.9912109375, 0.9970703125, 0.9931640625, 0.9951171875, 0.9951171875, 0.998046875, 0.9990234375, 0.998046875, 1.0, 1.0, 0.9970703125, 0.9990234375, 1.0, 0.998046875, 0.9990234375, 1.0, 1.0, 0.9990234375, 1.0, 0.9990234375, 1.0, 1.0, 1.0, 0.998046875, 0.9990234375, 0.9990234375, 1.0, 0.9990234375, 0.998046875, 1.0, 0.9990234375, 1.0, 1.0, 1.0, 0.9990234375, 0.9990234375], "test_loss": 1.8128740622359476, "test_acc": 0.7470143312101911, "sample": "normal"}