{"val_loss": [2.2992069888266786, 2.376717944054087, 2.4732183863402932, 2.3544364241278095, 1.9131172804316139, 1.5577268873810008, 1.728893359755255, 1.701841794761123, 1.6757770769155709, 1.7861183813423107, 1.7644623536972484, 1.7439249002250137, 1.9538115232613436, 2.32043803725273, 2.1308519103724484, 2.324110586931751, 2.626231735678995, 2.8733704553288257, 2.788762608151527, 2.7899737578288764, 2.78026088331915, 3.133053132682849, 3.0217418404901104, 2.9712219124387023, 2.9713250907363404, 2.952291048256455, 3.107220238940731, 3.0618239124869087, 3.0075654201446826, 2.934394927541162, 3.023973472558769, 3.143951426645753, 3.1753852876128663, 3.2887966921375056, 3.2763262227842005, 3.1576596346630414, 3.4020617122103456, 3.2505692456178603, 3.3072071773990706, 3.338961068991643, 3.2719456959681907, 3.3083723920166115, 3.3416845783306535, 3.23337717117018, 3.273109152058887, 3.37723717568027, 3.291001019963793, 3.281120843188778, 3.350578356700338, 3.3198443818244203], "val_acc": [0.09564092356687898, 0.09593949044585988, 0.11285828025477707, 0.3118033439490446, 0.38654458598726116, 0.5597133757961783, 0.5620023885350318, 0.5889729299363057, 0.6072850318471338, 0.6161425159235668, 0.6351512738853503, 0.6449044585987261, 0.6439092356687898, 0.5946457006369427, 0.6490843949044586, 0.6281847133757962, 0.6203224522292994, 0.5991242038216561, 0.626890923566879, 0.6228105095541401, 0.6458996815286624, 0.6026074840764332, 0.627687101910828, 0.6346536624203821, 0.6394307324840764, 0.643312101910828, 0.6340565286624203, 0.6414211783439491, 0.6460987261146497, 0.6604299363057324, 0.6479896496815286, 0.6385350318471338, 0.6428144904458599, 0.6303742038216561, 0.6383359872611465, 0.6520700636942676, 0.6284832802547771, 0.6448049363057324, 0.6377388535031847, 0.6338574840764332, 0.64171974522293, 0.6359474522292994, 0.6335589171974523, 0.6435111464968153, 0.6418192675159236, 0.6348527070063694, 0.6469944267515924, 0.6483877388535032, 0.6409235668789809, 0.6435111464968153], "loss": [2.290950044989586, 2.1876158267259598, 1.983053594827652, 1.6794777736067772, 1.3815435320138931, 1.1108617521822453, 0.8367268890142441, 0.6960785947740078, 0.5792463943362236, 0.5088128969073296, 0.3723099436610937, 0.34675150737166405, 0.23185229394584894, 0.19109037425369024, 0.12145451945252717, 0.10600330797024071, 0.06197465234436095, 0.07239470118656754, 0.053383287449833006, 0.042128434986807406, 0.027047258568927646, 0.042751838045660406, 0.028698293986963108, 0.013117413269355893, 0.01605177519377321, 0.01434701748075895, 0.016921744536375627, 0.015085247956449166, 0.014549905230524018, 0.012655505444854498, 0.019774983666138723, 0.00791021712939255, 0.006599318956432398, 0.008335968377650715, 0.0053901246246823575, 0.007361870171735063, 0.00641249352338491, 0.0097495077898202, 0.003878984964103438, 0.005358036039979197, 0.005935417371802032, 0.013088290055748075, 0.004295204715162981, 0.005684550607838901, 0.004271131751011126, 0.003159765459713526, 0.0055206783072208054, 0.012980435298231896, 0.002211255246947985, 0.003393704155314481], "acc": [0.1796875, 0.23046875, 0.2431640625, 0.416015625, 0.5419921875, 0.619140625, 0.7265625, 0.7685546875, 0.8212890625, 0.841796875, 0.884765625, 0.8974609375, 0.931640625, 0.931640625, 0.9619140625, 0.9716796875, 0.982421875, 0.978515625, 0.986328125, 0.986328125, 0.9931640625, 0.9853515625, 0.994140625, 0.998046875, 0.998046875, 0.998046875, 0.99609375, 0.99609375, 0.998046875, 0.9970703125, 0.9970703125, 0.9990234375, 0.9990234375, 0.998046875, 0.9990234375, 0.998046875, 0.9990234375, 0.9970703125, 0.9990234375, 0.9990234375, 0.998046875, 0.99609375, 0.9990234375, 0.9990234375, 0.9990234375, 1.0, 0.998046875, 0.9970703125, 1.0, 1.0], "test_loss": 3.3535488562978757, "test_acc": 0.6457006369426752, "sample": "normal-cluster"}