{"val_loss": [2.310524269274086, 2.872898394894448, 4.004859230320925, 3.6510018072310526, 3.5567883427735345, 3.1870527221898364, 3.575272311070922, 3.0706677087552987, 2.9089009427720574, 2.799161958087022, 2.608243943020037, 2.3583889121462587, 2.8306113428370967, 2.421330053335542, 2.1092300506154444, 2.2855058483257413, 2.180012551082927, 1.856303184655062, 1.8033911308665185, 2.012861393439542, 1.8698348141020271, 1.769100240461386, 1.6725487997577448, 1.9080042858032664, 1.8685494380392087, 1.7165589461660689, 1.9997348933462884, 1.8428455367209806, 1.8374788905404935, 1.94601766015314, 1.9538380139192957, 1.5972285234624413, 1.7760689884993681, 1.8699697352898348, 1.9527723641152595, 1.902883206203485, 1.9240260513345147, 1.9343856554122487, 1.8864512975048866, 1.9080891381403444, 1.9984010812962891, 1.9647390933553124, 1.9898267187130678, 1.886294088166231, 2.113839979764003, 1.7640244826010079, 1.9340150212026705, 1.8778619508075107, 2.111175484338384, 1.9663294428473066], "val_acc": [0.09802945859872611, 0.09783041401273886, 0.22959792993630573, 0.26343550955414013, 0.31468949044585987, 0.36206210191082805, 0.3206608280254777, 0.3737062101910828, 0.4159036624203822, 0.42854299363057324, 0.446656050955414, 0.4684514331210191, 0.4281449044585987, 0.46367436305732485, 0.5009952229299363, 0.4785031847133758, 0.513734076433121, 0.538515127388535, 0.5463773885350318, 0.5111464968152867, 0.540406050955414, 0.5589171974522293, 0.5618033439490446, 0.5550358280254777, 0.558718152866242, 0.5673765923566879, 0.5461783439490446, 0.5720541401273885, 0.5798168789808917, 0.5723527070063694, 0.5802149681528662, 0.6070859872611465, 0.5867834394904459, 0.5756369426751592, 0.578125, 0.5913614649681529, 0.5879777070063694, 0.5836982484076433, 0.5941480891719745, 0.5998208598726115, 0.5874800955414012, 0.5946457006369427, 0.6022093949044586, 0.605593152866242, 0.5877786624203821, 0.6206210191082803, 0.6101711783439491, 0.6141520700636943, 0.602906050955414, 0.6097730891719745], "loss": [2.254117861390114, 1.8893966525793076, 1.4495186880230904, 1.0521413907408714, 0.7265718095004559, 0.6030323915183544, 0.48561842553317547, 0.42014823108911514, 0.3577843140810728, 0.2725804718211293, 0.2981012146919966, 0.23120600963011384, 0.24630044726654887, 0.1832685205154121, 0.17346528731286526, 0.17413683631457388, 0.1584322138223797, 0.1579133968334645, 0.13732425472699106, 0.1314355214126408, 0.11370690888725221, 0.10322531359270215, 0.11919490655418485, 0.09504322102293372, 0.09362002136185765, 0.09860483487136662, 0.07849414343945682, 0.07170340488664806, 0.07014512387104332, 0.08325584704289213, 0.0832714035641402, 0.07641286542639136, 0.043446999858133495, 0.06631336599821225, 0.04960777872474864, 0.05870105227222666, 0.04638848529430106, 0.043769089330453426, 0.04866695200325921, 0.0460548670089338, 0.04678954975679517, 0.0468803922412917, 0.04017978167394176, 0.03648365824483335, 0.03715419105719775, 0.03821329746278934, 0.03648795804474503, 0.02688470031716861, 0.03835392149630934, 0.030074123031226918], "acc": [0.265625, 0.3017578125, 0.533203125, 0.6953125, 0.767578125, 0.818359375, 0.859375, 0.8857421875, 0.900390625, 0.9296875, 0.9208984375, 0.9384765625, 0.9306640625, 0.9501953125, 0.9560546875, 0.9501953125, 0.955078125, 0.9521484375, 0.951171875, 0.962890625, 0.9677734375, 0.970703125, 0.9609375, 0.9736328125, 0.974609375, 0.96484375, 0.97265625, 0.9755859375, 0.9765625, 0.970703125, 0.970703125, 0.9765625, 0.9853515625, 0.978515625, 0.9833984375, 0.9833984375, 0.982421875, 0.9853515625, 0.9873046875, 0.9873046875, 0.9833984375, 0.986328125, 0.986328125, 0.9873046875, 0.9873046875, 0.9853515625, 0.986328125, 0.9921875, 0.986328125, 0.98828125], "test_loss": 1.8950313272749542, "test_acc": 0.62390525477707, "sample": "uniform"}