{"val_loss": [2.3004067976763296, 2.296703469221759, 2.2879072237925926, 2.3353260110138327, 2.051547780917708, 1.5529594292306597, 1.2471950403444327, 0.9131102034240771, 0.7785909348612379, 0.7491969291571599, 0.6512554610610768, 0.5420704952850464, 0.6643595282629038, 0.43513867690874514, 0.4890832155942917, 0.36603408292600303, 0.37228384927199903, 0.3847227172487101, 0.34464135210795005, 0.33739207205688876, 0.35040366727929967, 0.34482172107810427, 0.32112996400019544, 0.40866487498163795, 0.31161435419444444, 0.3135067714900253, 0.3263189758731729, 0.3600987628292126, 0.3659961151587925, 0.33497198500854386, 0.3106503405424345, 0.3163417250594231, 0.3692480062793015, 0.3296736744766355, 0.34220040957354436, 0.31813388778145907, 0.3565859452459463, 0.37669895165807504, 0.35783759969773044, 0.35514243859145195, 0.35498455942127927, 0.36027858239616367, 0.36574311572672785, 0.3418492881542629, 0.3457908884705205, 0.3598464802886318, 0.3526341205019397, 0.36759379689780414, 0.3588909552147861, 0.36737773070485585], "val_acc": [0.10390127388535032, 0.10300557324840764, 0.10310509554140128, 0.13037420382165604, 0.3926154458598726, 0.4914410828025478, 0.5949442675159236, 0.6833200636942676, 0.7652269108280255, 0.7452229299363057, 0.7818471337579618, 0.8249402866242038, 0.7852308917197452, 0.8664410828025477, 0.8352906050955414, 0.8839570063694268, 0.8876393312101911, 0.8790804140127388, 0.8954020700636943, 0.8941082802547771, 0.8950039808917197, 0.8999800955414012, 0.90625, 0.877687101910828, 0.9091361464968153, 0.9118232484076433, 0.9068471337579618, 0.8995820063694268, 0.8986863057324841, 0.9068471337579618, 0.9184912420382165, 0.9129179936305732, 0.8993829617834395, 0.9155055732484076, 0.9112261146496815, 0.918093152866242, 0.9074442675159236, 0.9034633757961783, 0.9093351910828026, 0.9144108280254777, 0.9136146496815286, 0.9149084394904459, 0.9125199044585988, 0.9181926751592356, 0.9204816878980892, 0.9182921974522293, 0.916202229299363, 0.9150079617834395, 0.9166003184713376, 0.9149084394904459], "loss": [2.3011790066957474, 2.29153411090374, 2.26412296295166, 2.158385470509529, 2.0128452107310295, 1.63962472230196, 1.3956217020750046, 1.1442258581519127, 1.0433751866221428, 0.8309485614299774, 0.7198026888072491, 0.6634996309876442, 0.5525734852999449, 0.5194606687873602, 0.45713833440095186, 0.4087260765954852, 0.3727511866018176, 0.34031026158481836, 0.3007686147466302, 0.32608975004404783, 0.22119414154440165, 0.21920848404988647, 0.20410676393657923, 0.21232444792985916, 0.1878375350497663, 0.15310276206582785, 0.12934555322863162, 0.14223944675177336, 0.12802834901958704, 0.10559445037506521, 0.12110911449417472, 0.10765006730798632, 0.10522557096555829, 0.08334917714819312, 0.09259830368682742, 0.07145276386290789, 0.07114295719657093, 0.07293466967530549, 0.06496011780109257, 0.04980730637907982, 0.047740310546942055, 0.045914617367088795, 0.052799468336161226, 0.05236038175644353, 0.06162739917635918, 0.03981324227061123, 0.048728284309618175, 0.03244555235141888, 0.04821365367388353, 0.03550423524575308], "acc": [0.1181640625, 0.154296875, 0.15625, 0.185546875, 0.28125, 0.462890625, 0.521484375, 0.625, 0.6416015625, 0.705078125, 0.755859375, 0.767578125, 0.8154296875, 0.828125, 0.841796875, 0.857421875, 0.8798828125, 0.888671875, 0.8974609375, 0.888671875, 0.9248046875, 0.9345703125, 0.9267578125, 0.92578125, 0.939453125, 0.9482421875, 0.9560546875, 0.951171875, 0.9599609375, 0.9619140625, 0.9619140625, 0.966796875, 0.9619140625, 0.9716796875, 0.9697265625, 0.974609375, 0.9755859375, 0.9775390625, 0.9736328125, 0.98828125, 0.984375, 0.98828125, 0.9853515625, 0.984375, 0.974609375, 0.98828125, 0.986328125, 0.9912109375, 0.9853515625, 0.98828125], "test_loss": 0.35824237972984363, "test_acc": 0.9163017515923567, "sample": "uniform-cluster"}