{"val_loss": [2.2990161567736584, 2.306188758011836, 2.3701036568659886, 1.8701844769678297, 1.5882976282933714, 1.2610013868398726, 0.9339838791045414, 1.1531333486745312, 0.9503638759540145, 0.9842013929300247, 1.182854396332601, 1.1479074133049911, 1.1189887644189178, 1.227537924886509, 1.3266546098859446, 1.4473247831794107, 1.4101563527895387, 1.4756297622896304, 1.354408595022882, 1.442639972373938, 1.4440541232277633, 1.4714911302943139, 1.4664094034273913, 1.5109058519837204, 1.5323009793735614, 1.59989738644688, 1.6057883774398998, 1.5825127756140034, 1.571903546714479, 1.580418909431263, 1.6326227835409202, 1.5983560618701254, 1.55321742793557, 1.5116050909658907, 1.619530349874952, 1.5997325986813589, 1.602869064280182, 1.6865376458046542, 1.7692005879180446, 1.712035868957544, 1.6411749171982906, 1.668192198037342, 1.6997933898382127, 1.6908519011773882, 1.659333333847629, 1.6754625454829757, 1.6612875649503842, 1.6741094708822335, 1.6988558154197255, 1.673407659693888], "val_acc": [0.09583996815286625, 0.16451035031847133, 0.2760748407643312, 0.34375, 0.4588972929936306, 0.5798168789808917, 0.7037221337579618, 0.667296974522293, 0.7364649681528662, 0.7552746815286624, 0.7241242038216561, 0.742734872611465, 0.7554737261146497, 0.7532842356687898, 0.7524880573248408, 0.7334792993630573, 0.752687101910828, 0.7488057324840764, 0.7614450636942676, 0.7550756369426752, 0.7561703821656051, 0.7567675159235668, 0.7566679936305732, 0.755672770700637, 0.7507961783439491, 0.7505971337579618, 0.744327229299363, 0.75, 0.7559713375796179, 0.756468949044586, 0.7553742038216561, 0.7582603503184714, 0.759952229299363, 0.7658240445859873, 0.7559713375796179, 0.7616441082802548, 0.7643312101910829, 0.756468949044586, 0.7485071656050956, 0.7542794585987261, 0.7630374203821656, 0.7607484076433121, 0.7549761146496815, 0.7573646496815286, 0.7587579617834395, 0.7587579617834395, 0.7622412420382165, 0.761046974522293, 0.7590565286624203, 0.7605493630573248], "loss": [2.294700488448143, 2.248441219329834, 2.0797108486294746, 1.7638332918286324, 1.3351304084062576, 1.0165743194520473, 0.6963297389447689, 0.4485473372042179, 0.3273585755378008, 0.20142427133396268, 0.12083002226427197, 0.06971452780999243, 0.07408759638201445, 0.025590723496861756, 0.025020640052389354, 0.023218166665174067, 0.018010401166975498, 0.024400671623880044, 0.02952131920028478, 0.008548998608603142, 0.008709549671038985, 0.012736384873278439, 0.005334128305548802, 0.005975340707664145, 0.013007381108764093, 0.00821517068106914, 0.013888769390177913, 0.009461137276957743, 0.006732724636094645, 0.004417752097651828, 0.004570599863654934, 0.003922107553080423, 0.004887991450232221, 0.005138360378623474, 0.002120279856171692, 0.0024172048542823177, 0.0032204264443862485, 0.009199565800372511, 0.003444464731728658, 0.006670502414635848, 0.00473298636279651, 0.006001164265398984, 0.009931440701620886, 0.0035942726080975262, 0.002503949859601562, 0.00227395190995594, 0.0011382499760657083, 0.002001306353122345, 0.005240638385657803, 0.0025284007942900644], "acc": [0.1396484375, 0.166015625, 0.3720703125, 0.4541015625, 0.5419921875, 0.6455078125, 0.7705078125, 0.8447265625, 0.8857421875, 0.9375, 0.95703125, 0.984375, 0.9814453125, 0.9970703125, 0.99609375, 0.9931640625, 0.9951171875, 0.9931640625, 0.990234375, 0.998046875, 0.9990234375, 0.9970703125, 1.0, 0.9990234375, 0.9951171875, 0.9990234375, 0.99609375, 0.998046875, 0.9990234375, 1.0, 0.9990234375, 0.998046875, 0.9990234375, 0.9990234375, 1.0, 1.0, 0.9990234375, 0.9970703125, 1.0, 0.9970703125, 0.998046875, 0.9970703125, 0.9970703125, 0.9990234375, 1.0, 0.9990234375, 1.0, 1.0, 0.998046875, 1.0], "test_loss": 1.680678505521671, "test_acc": 0.7657245222929936, "sample": "uniform-cluster"}