{"val_loss": [2.2980975831390187, 2.2914301468308564, 2.274177598345811, 2.1782615989636462, 1.5521874890965262, 1.086008605114214, 0.9371348376486711, 0.9873124169316262, 1.087868773823331, 0.9632858392918945, 1.1378891378830953, 1.1609067239199475, 1.3062816932322874, 1.2787818763476269, 1.321889688444745, 1.4485018266614076, 1.4347914985031078, 1.4126084472533245, 1.4993340386326905, 1.4877943954650004, 1.5512576051958047, 1.5280172411043933, 1.5567191920842334, 1.5861247652655195, 1.5064403885489057, 1.580816648853053, 1.6211729108527968, 1.6016035150190828, 1.5950285767673686, 1.6020174954727198, 1.6936507059889994, 1.669153867823303, 1.658094797354595, 1.7177070356478357, 1.720648044044045, 1.7073974901703513, 1.7033007687823787, 1.7147394606641904, 1.7791810829168673, 1.779007803102967, 1.7936209516160806, 1.7191875791473754, 1.7726640222938197, 1.8289887451442184, 1.739319900228719, 1.7411919020733255, 1.7457274069451982, 1.7575469184073673, 1.815350310627822, 1.7073939066783639], "val_acc": [0.09812898089171974, 0.09713375796178345, 0.09723328025477707, 0.1380374203821656, 0.5454816878980892, 0.6604299363057324, 0.7008359872611465, 0.7137738853503185, 0.7088972929936306, 0.7549761146496815, 0.7474124203821656, 0.7553742038216561, 0.7434315286624203, 0.7576632165605095, 0.752687101910828, 0.7484076433121019, 0.7539808917197452, 0.7587579617834395, 0.7544785031847133, 0.7558718152866242, 0.7493033439490446, 0.7558718152866242, 0.7551751592356688, 0.7509952229299363, 0.763734076433121, 0.757265127388535, 0.7494028662420382, 0.7552746815286624, 0.7569665605095541, 0.7552746815286624, 0.7495023885350318, 0.7578622611464968, 0.7579617834394905, 0.7512937898089171, 0.7531847133757962, 0.7543789808917197, 0.7530851910828026, 0.7534832802547771, 0.7477109872611465, 0.75109474522293, 0.7492038216560509, 0.7563694267515924, 0.752687101910828, 0.7439291401273885, 0.7551751592356688, 0.7543789808917197, 0.7539808917197452, 0.7547770700636943, 0.7497014331210191, 0.7628383757961783], "loss": [2.298230603337288, 2.287672221660614, 2.2636703103780746, 2.1932626515626907, 1.8180285468697548, 1.1954327821731567, 0.6882471852004528, 0.4603835269808769, 0.3052913760766387, 0.2056204667314887, 0.1070067547261715, 0.06976742297410965, 0.04852272936841473, 0.0338932943996042, 0.03723361773882061, 0.019150839594658464, 0.02232054015621543, 0.019469735882012174, 0.009859303390840068, 0.008889176067896187, 0.01305015517573338, 0.00912641290051397, 0.0056755556288408116, 0.0052411377073440235, 0.007189673044194933, 0.005180809326702729, 0.009394319233251736, 0.003154395515593933, 0.008887815885827877, 0.004296605504350737, 0.005121104659338016, 0.0067005598939431366, 0.005949660553596914, 0.00702073483626009, 0.002030588262641686, 0.00191737714339979, 0.0029007181074121036, 0.005960623269857024, 0.0018499996403988916, 0.002503799580154009, 0.00501389883174852, 0.002040824190771673, 0.0018615157532622106, 0.010598833535368613, 0.0029229631618363783, 0.003082085051573813, 0.0019448185958026443, 0.0019481969211483374, 0.0012852167965320405, 0.003131854198727524], "acc": [0.15234375, 0.15234375, 0.14453125, 0.154296875, 0.388671875, 0.6142578125, 0.7841796875, 0.8544921875, 0.8994140625, 0.93359375, 0.9619140625, 0.98046875, 0.984375, 0.9951171875, 0.98828125, 0.99609375, 0.9931640625, 0.9951171875, 0.9990234375, 0.9990234375, 0.9970703125, 0.9970703125, 1.0, 0.9990234375, 0.998046875, 1.0, 0.998046875, 1.0, 0.9990234375, 1.0, 0.9990234375, 0.998046875, 0.998046875, 0.9990234375, 1.0, 1.0, 1.0, 0.998046875, 1.0, 1.0, 0.9990234375, 1.0, 1.0, 0.99609375, 0.9990234375, 0.9990234375, 1.0, 1.0, 1.0, 0.9990234375], "test_loss": 1.774366359611985, "test_acc": 0.7605493630573248, "sample": "error"}