{"val_loss": [2.300818025686179, 2.297398872436232, 2.2896083388358925, 2.267188421480215, 2.1533342045583543, 1.6075246728909243, 1.124105099280169, 0.7858459662859607, 0.7726058724579538, 0.5496467260798071, 0.47729525250044597, 0.404433055098649, 0.4275320851404196, 0.3252102371756059, 0.3816494856528036, 0.26830946059695854, 0.25845301084837335, 0.25239544873167374, 0.280051228347098, 0.24179841343693104, 0.2388791735017091, 0.22573398207284653, 0.25111339695063556, 0.23123811649834844, 0.21712271674761585, 0.2695580167802656, 0.21097297844281243, 0.2294824526194412, 0.2139839305072299, 0.20864490196509228, 0.21142023256505324, 0.22417106550738547, 0.20741075867598663, 0.2172177053378468, 0.22860731503401235, 0.2386164488891884, 0.2259705240862699, 0.22182885428336685, 0.22968931043087534, 0.22677254932969632, 0.23035911096565448, 0.24032340721345127, 0.2477805496280224, 0.24857894700520322, 0.23561535214610987, 0.24793204481635245, 0.23942871268573188, 0.2484780059500162, 0.2537746329763667, 0.24974609721729318], "val_acc": [0.12639331210191082, 0.12470143312101911, 0.12052149681528662, 0.14122213375796178, 0.29150079617834396, 0.39012738853503187, 0.662718949044586, 0.7776671974522293, 0.7161624203821656, 0.8634554140127388, 0.8692277070063694, 0.8909235668789809, 0.8681329617834395, 0.9063495222929936, 0.8807722929936306, 0.9235668789808917, 0.9249601910828026, 0.9252587579617835, 0.9179936305732485, 0.9289410828025477, 0.9296377388535032, 0.9317277070063694, 0.9272492038216561, 0.9327229299363057, 0.9375995222929936, 0.9192874203821656, 0.9423765923566879, 0.9333200636942676, 0.9409832802547771, 0.9414808917197452, 0.942078025477707, 0.93859474522293, 0.944765127388535, 0.9426751592356688, 0.942078025477707, 0.9353105095541401, 0.9426751592356688, 0.943172770700637, 0.943172770700637, 0.9444665605095541, 0.9445660828025477, 0.9433718152866242, 0.9425756369426752, 0.9429737261146497, 0.9450636942675159, 0.9429737261146497, 0.9455613057324841, 0.9450636942675159, 0.9433718152866242, 0.9442675159235668], "loss": [2.3017934560775757, 2.297431707382202, 2.2901856899261475, 2.268153965473175, 2.2065483778715134, 1.9435267746448517, 1.5209017768502235, 1.2711784653365612, 0.9948478490114212, 0.9515154138207436, 0.774996742606163, 0.6658999510109425, 0.6090576257556677, 0.5257026012986898, 0.44048649445176125, 0.47733178548514843, 0.4411129653453827, 0.3273902554064989, 0.32573166862130165, 0.3180235419422388, 0.25355472695082426, 0.22990620229393244, 0.20727767329663038, 0.19524657679721713, 0.1727764680981636, 0.17021868517622352, 0.13895714189857244, 0.1362551162019372, 0.13390435185283422, 0.10244166501797736, 0.09423649474047124, 0.12447674293071032, 0.09196216915734112, 0.06626618350856006, 0.06435393617721274, 0.0891206581145525, 0.06162118384963833, 0.06979871779913083, 0.04658106912393123, 0.06264956702943891, 0.052791280613746494, 0.04279478936223313, 0.03760853660060093, 0.04498702264390886, 0.03114642424043268, 0.03602796921040863, 0.03673302417155355, 0.032272196491248906, 0.03303607413545251, 0.022099978930782527], "acc": [0.09375, 0.169921875, 0.17578125, 0.203125, 0.232421875, 0.3515625, 0.4873046875, 0.591796875, 0.6748046875, 0.693359375, 0.7568359375, 0.7822265625, 0.80859375, 0.8369140625, 0.86328125, 0.853515625, 0.849609375, 0.8955078125, 0.8916015625, 0.8955078125, 0.912109375, 0.931640625, 0.9296875, 0.9306640625, 0.9423828125, 0.9462890625, 0.958984375, 0.953125, 0.9521484375, 0.96484375, 0.970703125, 0.958984375, 0.966796875, 0.978515625, 0.982421875, 0.962890625, 0.984375, 0.9755859375, 0.9892578125, 0.9775390625, 0.98046875, 0.984375, 0.9892578125, 0.982421875, 0.9921875, 0.98828125, 0.98828125, 0.990234375, 0.9921875, 0.99609375], "test_loss": 0.25221745134924484, "test_acc": 0.9418789808917197, "sample": "normal"}