{"val_loss": [2.2985022371741617, 3.115226121465112, 4.477005398197538, 5.092804286130674, 4.72450430985469, 5.04769384329486, 5.031145056341864, 5.397185840424458, 5.624248000466899, 5.39205396251314, 5.508144504705053, 5.559447083503577, 5.83059769679027, 5.43536222360696, 5.753339384771456, 5.530931264731534, 5.901063982848149, 5.83552346259925, 5.891400715348068, 6.145090330937865, 5.96415095572259, 6.185413245182888, 6.226114364186669, 6.059718560261332, 6.0991748108226025, 6.136450541247228, 6.158223768708053, 6.198700306521859, 6.218938220078778, 6.158974936054011, 6.220780518404238, 6.245810991639544, 6.178493293227663, 6.2869899713309705, 6.294832912979612, 6.281320198326354, 6.327051316097283, 6.347670646230126, 6.353608708472768, 6.372750277731829, 6.386726024044547, 6.362031903236535, 6.379987091015858, 6.401245269046467, 6.4102176587293105, 6.386566010250408, 6.392294245920364, 6.398796780094219, 6.428082587612662, 6.383299870096194], "val_acc": [0.19516321656050956, 0.1826234076433121, 0.20133359872611464, 0.3856488853503185, 0.39072452229299365, 0.4410828025477707, 0.44804936305732485, 0.4616839171974522, 0.43312101910828027, 0.46894904458598724, 0.4723328025477707, 0.5046775477707006, 0.48357882165605093, 0.5642914012738853, 0.5590167197452229, 0.5485668789808917, 0.5386146496815286, 0.5692675159235668, 0.5581210191082803, 0.5355294585987261, 0.5755374203821656, 0.5530453821656051, 0.554140127388535, 0.5761345541401274, 0.5740445859872612, 0.5780254777070064, 0.5758359872611465, 0.5767316878980892, 0.5760350318471338, 0.5774283439490446, 0.5788216560509554, 0.5757364649681529, 0.580812101910828, 0.5773288216560509, 0.5772292993630573, 0.581906847133758, 0.5799164012738853, 0.5787221337579618, 0.57921974522293, 0.5755374203821656, 0.5751393312101911, 0.5831011146496815, 0.581906847133758, 0.5796178343949044, 0.5793192675159236, 0.582703025477707, 0.5846934713375797, 0.5833996815286624, 0.5760350318471338, 0.5818073248407644], "loss": [2.2719545662403107, 1.9122148528695107, 1.442392498254776, 1.1197478249669075, 0.8776759095489979, 0.6504900362342596, 0.5160205420106649, 0.4211615677922964, 0.41724446415901184, 0.3847709447145462, 0.33874931558966637, 0.30417813174426556, 0.268704435788095, 0.29567554127424955, 0.22670431714504957, 0.26202699076384306, 0.19702030904591084, 0.21747422870248556, 0.2082794699817896, 0.1544640609063208, 0.16488906950689852, 0.15495545184239745, 0.18307435233145952, 0.13768440764397383, 0.15965327154845, 0.11225062655285001, 0.14490558742545545, 0.1079639638774097, 0.12130563287064433, 0.12273465096950531, 0.13459077943116426, 0.0976282344199717, 0.11591862700879574, 0.08966455678455532, 0.09400714922230691, 0.07981459784787148, 0.0847476925700903, 0.0902261157752946, 0.061370115843601525, 0.08546826150268316, 0.053366565611213446, 0.07043282827362418, 0.064104791614227, 0.05909903405699879, 0.05422342172823846, 0.06809251045342535, 0.056714757112786174, 0.05948503699619323, 0.056963650742545724, 0.058238193625584245], "acc": [0.1923828125, 0.3271484375, 0.4443359375, 0.6201171875, 0.708984375, 0.78515625, 0.8369140625, 0.8662109375, 0.859375, 0.8798828125, 0.8876953125, 0.90625, 0.923828125, 0.900390625, 0.93359375, 0.9150390625, 0.939453125, 0.9287109375, 0.943359375, 0.94921875, 0.9462890625, 0.953125, 0.953125, 0.958984375, 0.9462890625, 0.96875, 0.947265625, 0.9638671875, 0.9599609375, 0.95703125, 0.9619140625, 0.9658203125, 0.9697265625, 0.9716796875, 0.9736328125, 0.98046875, 0.9765625, 0.9775390625, 0.982421875, 0.974609375, 0.98828125, 0.9833984375, 0.986328125, 0.982421875, 0.9814453125, 0.98046875, 0.9853515625, 0.9833984375, 0.9853515625, 0.9833984375], "test_loss": 6.484479679423533, "test_acc": 0.5766321656050956, "sample": "error"}