{"val_loss": [2.2995766818903056, 2.295210735053773, 2.2869171139540945, 2.26375708002953, 2.1545569851140307, 1.5921352114647058, 0.8895361867679912, 0.7324615677071226, 0.5401508946232735, 0.5362622748324826, 0.4623338901408159, 0.41639942647355377, 0.3934003953009274, 0.36580682870973447, 0.34866269167726205, 0.3363226972472895, 0.3282683308052409, 0.2873121439153032, 0.3056878617899433, 0.3068672751319731, 0.2986025807157064, 0.26781006246378086, 0.26260452366961984, 0.27811874808731735, 0.28423931382027023, 0.253259413495992, 0.2582708633309052, 0.2674315063057432, 0.25535952689268504, 0.2486065189223618, 0.26512613674257973, 0.2428713125075884, 0.24197605445648834, 0.24787510779336286, 0.2582608121892164, 0.2534185027774827, 0.26010680564080074, 0.26809700309731965, 0.2530040101735455, 0.2571557145269149, 0.24882874959059487, 0.2629969610808904, 0.2558067469845769, 0.26408363906903914, 0.2585303281155077, 0.26375489548192754, 0.26968284191231534, 0.2671312047227932, 0.28085816337632097, 0.2568499568900224], "val_acc": [0.18958996815286625, 0.25139331210191085, 0.22213375796178345, 0.24532245222929935, 0.3443471337579618, 0.48835589171974525, 0.7230294585987261, 0.7696058917197452, 0.8340963375796179, 0.823546974522293, 0.8551950636942676, 0.8703224522292994, 0.8828622611464968, 0.8859474522292994, 0.8913216560509554, 0.8974920382165605, 0.8959992038216561, 0.912718949044586, 0.9034633757961783, 0.9042595541401274, 0.9069466560509554, 0.9188893312101911, 0.9216759554140127, 0.914609872611465, 0.912718949044586, 0.9227707006369427, 0.9206807324840764, 0.9235668789808917, 0.9236664012738853, 0.9271496815286624, 0.9196855095541401, 0.927547770700637, 0.929140127388535, 0.9252587579617835, 0.9249601910828026, 0.9289410828025477, 0.9276472929936306, 0.9240644904458599, 0.9261544585987261, 0.9288415605095541, 0.9320262738853503, 0.9289410828025477, 0.9320262738853503, 0.9301353503184714, 0.9289410828025477, 0.9285429936305732, 0.9292396496815286, 0.9300358280254777, 0.927547770700637, 0.931827229299363], "loss": [2.300906077027321, 2.297088146209717, 2.2918535470962524, 2.278977409005165, 2.2259535640478134, 1.8922414109110832, 1.36006810516119, 0.8731555044651031, 0.7509581875056028, 0.6488748453557491, 0.5538310892879963, 0.472632747143507, 0.4313094960525632, 0.4020891338586807, 0.3494028467684984, 0.3261192385107279, 0.30694359447807074, 0.2845532288774848, 0.22036183020099998, 0.20818290021270514, 0.25273854937404394, 0.19620021060109138, 0.17964736931025982, 0.1787357770372182, 0.18656393652781844, 0.1547478516586125, 0.1465596822090447, 0.12947322987020016, 0.13012331631034613, 0.10442385287024081, 0.11637919070199132, 0.09780536475591362, 0.11052967235445976, 0.10240126517601311, 0.0800372245721519, 0.07315774657763541, 0.06004969496279955, 0.07816091156564653, 0.07611555978655815, 0.06812921352684498, 0.05704050452914089, 0.048778793890960515, 0.05100773653248325, 0.06518022669479251, 0.048011269653216004, 0.04342024167999625, 0.04737712361384183, 0.039213651907630265, 0.04254418960772455, 0.0406460908416193], "acc": [0.154296875, 0.2109375, 0.2119140625, 0.1865234375, 0.1923828125, 0.4345703125, 0.5673828125, 0.7041015625, 0.7666015625, 0.7861328125, 0.8203125, 0.84375, 0.865234375, 0.876953125, 0.888671875, 0.890625, 0.904296875, 0.904296875, 0.92578125, 0.9306640625, 0.9111328125, 0.9404296875, 0.939453125, 0.939453125, 0.939453125, 0.9375, 0.9560546875, 0.951171875, 0.9541015625, 0.962890625, 0.9609375, 0.9697265625, 0.9580078125, 0.96484375, 0.9736328125, 0.9775390625, 0.982421875, 0.974609375, 0.9716796875, 0.9755859375, 0.9814453125, 0.98828125, 0.98046875, 0.9765625, 0.986328125, 0.9873046875, 0.982421875, 0.9912109375, 0.984375, 0.984375], "test_loss": 0.25911776663937197, "test_acc": 0.9350119426751592, "sample": "error"}