{"val_loss": [2.3003339904129128, 2.29604322591405, 2.2858120681373935, 2.250128750588484, 1.9885194704031488, 1.4801139702462847, 0.9181038315888423, 0.8502644805391882, 0.6943876126389594, 0.7667086333226246, 0.5133343617058104, 0.4346192664686282, 0.42210386702968816, 0.3905664874822091, 0.35063417616543496, 0.31604025116676737, 0.3121810917072235, 0.29230788682296777, 0.276359080971711, 0.29959100344853035, 0.29937630004374083, 0.27849111162648077, 0.26504287423245654, 0.2843836138297798, 0.26736215576173583, 0.2835593596338087, 0.2784117683427183, 0.2623285516550776, 0.2528405353770989, 0.267649420897423, 0.2595238811544077, 0.2551170550939289, 0.26306185821163214, 0.2569348108665543, 0.2544188727016685, 0.2619403513195883, 0.27627330111891363, 0.26296755960314966, 0.26002302618510426, 0.2620811611873685, 0.2538544804259696, 0.25981821627563734, 0.27943389772943217, 0.26485516549426186, 0.26335819271410915, 0.2631558928483723, 0.2668578965796282, 0.2697701214415623, 0.26066604945816063, 0.2633107094914255], "val_acc": [0.1419187898089172, 0.10310509554140128, 0.11315684713375797, 0.2230294585987261, 0.45193073248407645, 0.5939490445859873, 0.7379578025477707, 0.7025278662420382, 0.7680135350318471, 0.7135748407643312, 0.8325039808917197, 0.866640127388535, 0.866640127388535, 0.8741042993630573, 0.8974920382165605, 0.9102308917197452, 0.9063495222929936, 0.9143113057324841, 0.919187898089172, 0.9102308917197452, 0.9092356687898089, 0.9210788216560509, 0.925656847133758, 0.9182921974522293, 0.9274482484076433, 0.921875, 0.923765923566879, 0.921875, 0.9298367834394905, 0.9295382165605095, 0.9321257961783439, 0.9352109872611465, 0.9300358280254777, 0.9343152866242038, 0.9362062101910829, 0.9340167197452229, 0.9296377388535032, 0.9378980891719745, 0.9355095541401274, 0.9360071656050956, 0.9376990445859873, 0.9375995222929936, 0.9350119426751592, 0.9375995222929936, 0.9360071656050956, 0.9376990445859873, 0.9380971337579618, 0.9383957006369427, 0.9381966560509554, 0.9391918789808917], "loss": [2.299876481294632, 2.2929468750953674, 2.2756097316741943, 2.24151648581028, 2.124063104391098, 1.705332413315773, 1.3803606778383255, 1.1560474820435047, 0.9859034083783627, 0.8394471220672131, 0.7430196069180965, 0.6965245082974434, 0.6226959656924009, 0.545364011079073, 0.5174317043274641, 0.45028197951614857, 0.4268919872120023, 0.3560537239536643, 0.37061935290694237, 0.3212849646806717, 0.2926150020211935, 0.24119095597416162, 0.2627466879785061, 0.24575678445398808, 0.18736524460837245, 0.2204382447525859, 0.18266681488603354, 0.1993724242784083, 0.14242754271253943, 0.15033750934526324, 0.1293567158281803, 0.1556942390743643, 0.12371671479195356, 0.12126650800928473, 0.09302642475813627, 0.10137245687656105, 0.10439083632081747, 0.07941574463620782, 0.10247658530715853, 0.08076604804955423, 0.07271593541372567, 0.06592097890097648, 0.067774219205603, 0.08120331715326756, 0.08703354233875871, 0.07051292335381731, 0.04504152887966484, 0.05504460970405489, 0.060261395177803934, 0.04997077689040452], "acc": [0.1298828125, 0.185546875, 0.1640625, 0.2080078125, 0.3173828125, 0.47265625, 0.533203125, 0.5888671875, 0.658203125, 0.708984375, 0.73828125, 0.7607421875, 0.7939453125, 0.8271484375, 0.8173828125, 0.8466796875, 0.859375, 0.87890625, 0.873046875, 0.890625, 0.8974609375, 0.9228515625, 0.9208984375, 0.921875, 0.9453125, 0.9248046875, 0.947265625, 0.9287109375, 0.955078125, 0.9521484375, 0.951171875, 0.9482421875, 0.95703125, 0.9599609375, 0.970703125, 0.966796875, 0.9638671875, 0.9736328125, 0.9658203125, 0.9765625, 0.9775390625, 0.9755859375, 0.9814453125, 0.9697265625, 0.966796875, 0.9794921875, 0.986328125, 0.982421875, 0.9775390625, 0.986328125], "test_loss": 0.2458882956738898, "test_acc": 0.9443670382165605, "sample": "multi-normal-cluster"}