{"val_loss": [2.300711835265919, 2.2975930150147454, 2.295555061595455, 2.2716252226738414, 2.0748052991879216, 1.748936549873109, 1.3586556922857929, 1.2058101824134777, 1.0426762388769988, 0.9620780646800995, 0.8949941056928817, 0.8030256594821905, 0.7081463452737042, 0.811821275171201, 0.6788090501621271, 0.5714053401521816, 0.7653849472285835, 0.5797228938929594, 0.5463916043851785, 0.5397188264852876, 0.4655398125196718, 0.5442872582015338, 0.4588802690101657, 0.4995265187826126, 0.5021894281599552, 0.5699319324106168, 0.5491875719492603, 0.4582353208664876, 0.5688490195876095, 0.5376001569875486, 0.48308616559833856, 0.5363607826838448, 0.4914035016231856, 0.4999794126695888, 0.5108644057148296, 0.525178838651746, 0.4676099227041386, 0.5136752108432305, 0.5165590483185117, 0.5361840174100392, 0.5024356208326426, 0.4902893851042553, 0.5422875693388236, 0.5468261536614151, 0.5095777889820421, 0.5818321729541585, 0.5025301901816397, 0.5219099339332052, 0.5426725599214814, 0.5261095504804402], "val_acc": [0.10758359872611464, 0.12201433121019108, 0.11584394904458599, 0.2047173566878981, 0.35668789808917195, 0.4125199044585987, 0.5469745222929936, 0.6015127388535032, 0.6485867834394905, 0.6601313694267515, 0.6887937898089171, 0.7227308917197452, 0.7581608280254777, 0.7290007961783439, 0.7646297770700637, 0.8083200636942676, 0.7529856687898089, 0.8089171974522293, 0.818172770700637, 0.817078025477707, 0.8486265923566879, 0.8280254777070064, 0.8514132165605095, 0.8466361464968153, 0.84484474522293, 0.8293192675159236, 0.8428542993630573, 0.863953025477707, 0.8348925159235668, 0.8416600318471338, 0.8575835987261147, 0.8461385350318471, 0.861265923566879, 0.8586783439490446, 0.8586783439490446, 0.8551950636942676, 0.8718152866242038, 0.8610668789808917, 0.8622611464968153, 0.8600716560509554, 0.8684315286624203, 0.8705214968152867, 0.8600716560509554, 0.8616640127388535, 0.8700238853503185, 0.8585788216560509, 0.8744028662420382, 0.8711186305732485, 0.8681329617834395, 0.8719148089171974], "loss": [2.301684930920601, 2.2892514020204544, 2.2622408270835876, 2.175769656896591, 1.9074767082929611, 1.577510416507721, 1.3646114096045494, 1.1503042951226234, 1.043184082955122, 0.9079183228313923, 0.8022478520870209, 0.6912255622446537, 0.6362264398485422, 0.5531772878021002, 0.5413214806467295, 0.4447755217552185, 0.3640602435916662, 0.3844195678830147, 0.3068372569978237, 0.3400777839124203, 0.2510938164778054, 0.22539763478562236, 0.21020983438938856, 0.22531809099018574, 0.15754286525771022, 0.14573582727462053, 0.15677910763770342, 0.12827536859549582, 0.12603760277852416, 0.12925498373806477, 0.09928972576744854, 0.10450043331366032, 0.08000915334559977, 0.10116373864002526, 0.08335797628387809, 0.0770876951282844, 0.06675663572968915, 0.0636958671384491, 0.06167405843734741, 0.052141519263386726, 0.06874481146223843, 0.046143011189997196, 0.048628526681568474, 0.0521074163261801, 0.04462967527797446, 0.03816689155064523, 0.03368899569613859, 0.039381686015985906, 0.033644762297626585, 0.02437402168288827], "acc": [0.146484375, 0.1572265625, 0.1884765625, 0.3017578125, 0.4169921875, 0.4892578125, 0.580078125, 0.642578125, 0.6796875, 0.720703125, 0.7373046875, 0.7998046875, 0.8076171875, 0.82421875, 0.8310546875, 0.853515625, 0.87890625, 0.876953125, 0.908203125, 0.89453125, 0.912109375, 0.9296875, 0.9326171875, 0.921875, 0.951171875, 0.9560546875, 0.9521484375, 0.9609375, 0.9638671875, 0.9560546875, 0.96875, 0.966796875, 0.974609375, 0.962890625, 0.9716796875, 0.9736328125, 0.98046875, 0.9765625, 0.9775390625, 0.9853515625, 0.978515625, 0.98828125, 0.986328125, 0.982421875, 0.9853515625, 0.98828125, 0.98828125, 0.9931640625, 0.994140625, 0.994140625], "test_loss": 0.49411045885674515, "test_acc": 0.8725119426751592, "sample": "uniform-cluster"}