{"val_loss": [2.3003370959287994, 2.296847512008278, 2.29096456697792, 2.277308871032326, 2.2388835985949087, 2.040152330307444, 1.2576739229973715, 0.7683597148224047, 0.6887774094464673, 0.4887156679656855, 0.46370571225312107, 0.4668612094821444, 0.38702953348209146, 0.4014569503391624, 0.34706917236659934, 0.34233293777248663, 0.3111770545743453, 0.3046227395653155, 0.2756224585590279, 0.2864760361896579, 0.275322995237579, 0.26994100656170567, 0.25562063326086304, 0.28610301644772673, 0.24741603937415277, 0.25962724875967214, 0.2558823754524539, 0.22912602185325068, 0.28630787627118975, 0.22761767893839793, 0.23010109864756656, 0.2474695752303644, 0.2355777816016488, 0.2310584135454409, 0.2459122875177414, 0.252685663800473, 0.23347777517209908, 0.23812271163288717, 0.23934494592190073, 0.2409804562450784, 0.25943152632143135, 0.24453242962170024, 0.24422578402842354, 0.2496391475262939, 0.23665694765647233, 0.2498966248136512, 0.25720701572206467, 0.2381048660197408, 0.2521810941086714, 0.25549410188208765], "val_acc": [0.1357484076433121, 0.11494824840764331, 0.1201234076433121, 0.12261146496815287, 0.13614649681528662, 0.29597929936305734, 0.6698845541401274, 0.7621417197452229, 0.7727906050955414, 0.8507165605095541, 0.8538017515923567, 0.8505175159235668, 0.8824641719745223, 0.8720143312101911, 0.8899283439490446, 0.8940087579617835, 0.9068471337579618, 0.9061504777070064, 0.9159036624203821, 0.9107285031847133, 0.9175955414012739, 0.9249601910828026, 0.9236664012738853, 0.9131170382165605, 0.9241640127388535, 0.9225716560509554, 0.92296974522293, 0.933718152866242, 0.9104299363057324, 0.933718152866242, 0.9311305732484076, 0.9293391719745223, 0.935609076433121, 0.9355095541401274, 0.9305334394904459, 0.928343949044586, 0.9355095541401274, 0.9340167197452229, 0.932921974522293, 0.9333200636942676, 0.9293391719745223, 0.9343152866242038, 0.9347133757961783, 0.9343152866242038, 0.9376990445859873, 0.9325238853503185, 0.9325238853503185, 0.9360071656050956, 0.93640525477707, 0.9352109872611465], "loss": [2.301457479596138, 2.2978520542383194, 2.2931730300188065, 2.2814366072416306, 2.2609944939613342, 2.181575521826744, 1.7705514207482338, 1.1707641035318375, 0.8292494118213654, 0.695370253175497, 0.6075127832591534, 0.5352818556129932, 0.4402820933610201, 0.3684284184128046, 0.383356261998415, 0.29439121950417757, 0.3101103287190199, 0.2740952344611287, 0.2596469493582845, 0.22712229937314987, 0.21581840887665749, 0.17317290045320988, 0.2039166553877294, 0.1900749010965228, 0.14117114851251245, 0.17408309690654278, 0.1450603217817843, 0.13509577559307218, 0.1204290734604001, 0.11368677928112447, 0.11094850650988519, 0.11321085144300014, 0.10143240867182612, 0.09453593101352453, 0.08505927794612944, 0.07586875418201089, 0.0785031724954024, 0.061564512201584876, 0.07669304963201284, 0.07274746801704168, 0.05281908670440316, 0.05307551159057766, 0.053273833997081965, 0.04867884749546647, 0.05489827448036522, 0.0460985858226195, 0.04974967974703759, 0.0580313844839111, 0.04148247669218108, 0.03297467378433794], "acc": [0.095703125, 0.1455078125, 0.1318359375, 0.1396484375, 0.1220703125, 0.1787109375, 0.451171875, 0.62890625, 0.7275390625, 0.7880859375, 0.80078125, 0.8349609375, 0.873046875, 0.8798828125, 0.884765625, 0.9091796875, 0.900390625, 0.9189453125, 0.9140625, 0.921875, 0.9267578125, 0.9453125, 0.9326171875, 0.939453125, 0.9521484375, 0.9443359375, 0.9443359375, 0.95703125, 0.962890625, 0.9609375, 0.96484375, 0.9609375, 0.9677734375, 0.96484375, 0.966796875, 0.9775390625, 0.9716796875, 0.9814453125, 0.974609375, 0.978515625, 0.986328125, 0.9853515625, 0.986328125, 0.982421875, 0.9755859375, 0.9833984375, 0.9814453125, 0.978515625, 0.9853515625, 0.990234375], "test_loss": 0.25866057932270087, "test_acc": 0.9370023885350318, "sample": "error"}