{"val_loss": [2.298333773947066, 2.292616611833026, 2.2790906915239466, 2.239549550281209, 2.0326499422644355, 1.498408678230966, 0.8252971669670882, 0.6182859720318181, 0.5050727417514582, 0.47888768046714697, 0.4764282348903881, 0.3859042801010381, 0.3202837060923409, 0.29083485429169265, 0.33694340877092566, 0.24625471312623876, 0.30200145032944953, 0.2542486660906179, 0.24411091068462962, 0.24083216292605658, 0.26570662201210193, 0.21290112293331295, 0.23526980274706888, 0.20335064636495936, 0.22165822095362245, 0.20864903854479075, 0.21920232179761526, 0.21821070882746843, 0.23954949328219102, 0.2168762020909103, 0.24229661629989055, 0.21193021650194, 0.2204913565203856, 0.22066016624100315, 0.21460224589582083, 0.2177324216096561, 0.21564797984634876, 0.21418679943960753, 0.23669728782446164, 0.21948290107475896, 0.22363096025807985, 0.23580789625211648, 0.2231636045465044, 0.2384990845433552, 0.22944002364701696, 0.23180052416494032, 0.23828360449395197, 0.2497290705855651, 0.23755038442842033, 0.2414719638901104], "val_acc": [0.1777468152866242, 0.17625398089171976, 0.10519506369426751, 0.18471337579617833, 0.3730095541401274, 0.5157245222929936, 0.7651273885350318, 0.8214570063694268, 0.8594745222929936, 0.8646496815286624, 0.8527070063694268, 0.8896297770700637, 0.9000796178343949, 0.9130175159235668, 0.8938097133757962, 0.927547770700637, 0.9041600318471338, 0.9204816878980892, 0.9232683121019108, 0.9263535031847133, 0.9210788216560509, 0.9353105095541401, 0.9297372611464968, 0.9387937898089171, 0.9321257961783439, 0.9372014331210191, 0.9365047770700637, 0.9368033439490446, 0.9349124203821656, 0.9366042993630573, 0.9332205414012739, 0.9415804140127388, 0.939390923566879, 0.9399880573248408, 0.9415804140127388, 0.9406847133757962, 0.9430732484076433, 0.9442675159235668, 0.9395899681528662, 0.943968949044586, 0.9423765923566879, 0.9417794585987261, 0.9452627388535032, 0.9417794585987261, 0.9436703821656051, 0.9429737261146497, 0.9433718152866242, 0.9414808917197452, 0.9456608280254777, 0.9442675159235668], "loss": [2.300421252846718, 2.2959898114204407, 2.2873414009809494, 2.2601524740457535, 2.1784332990646362, 1.806367315351963, 1.3779270872473717, 1.1521193832159042, 0.9562353082001209, 0.7396573722362518, 0.7397339753806591, 0.6246424280107021, 0.5333269499242306, 0.4758683368563652, 0.4703117609024048, 0.38612919580191374, 0.3639001501724124, 0.3276259293779731, 0.3126858863979578, 0.2397865718230605, 0.25128439348191023, 0.22146287141367793, 0.1972167701460421, 0.1761683151125908, 0.15185452718287706, 0.15687726810574532, 0.1498257340863347, 0.14131336915306747, 0.12140990165062249, 0.10593974636867642, 0.10175292147323489, 0.09043111454229802, 0.09082454419694841, 0.08542045252397656, 0.08691190299578011, 0.0749914029147476, 0.08413301093969494, 0.0706791941775009, 0.06765032734256238, 0.048215450544375926, 0.05824669566936791, 0.06321966147515923, 0.04448955017141998, 0.04530608048662543, 0.04390817042440176, 0.04782317759236321, 0.03612530525424518, 0.0486387925921008, 0.04205707227811217, 0.031027148419525474], "acc": [0.119140625, 0.14453125, 0.169921875, 0.14453125, 0.208984375, 0.4248046875, 0.53125, 0.6025390625, 0.6865234375, 0.765625, 0.7451171875, 0.787109375, 0.822265625, 0.84765625, 0.8427734375, 0.8818359375, 0.8828125, 0.884765625, 0.896484375, 0.912109375, 0.9150390625, 0.9267578125, 0.9306640625, 0.94140625, 0.943359375, 0.9453125, 0.947265625, 0.9501953125, 0.966796875, 0.9609375, 0.966796875, 0.9697265625, 0.96484375, 0.9677734375, 0.9677734375, 0.9765625, 0.9794921875, 0.974609375, 0.9775390625, 0.9833984375, 0.9873046875, 0.9794921875, 0.9833984375, 0.98828125, 0.9873046875, 0.9833984375, 0.9912109375, 0.982421875, 0.984375, 0.990234375], "test_loss": 0.24555324295247982, "test_acc": 0.9434713375796179, "sample": "multi-normal-cluster"}