{"val_loss": [2.2980079939410945, 2.2908505133003185, 2.273388826163711, 2.214345004148544, 1.7864603161052535, 1.3252953511134835, 1.0674222897572123, 0.8835321721757293, 0.7122794297660232, 0.6486704941767796, 0.6308268702998283, 0.7294040939942666, 0.788250601215727, 0.7948324872999434, 0.8377784624411042, 0.8064746785861482, 0.8727213193656532, 0.8800414220495208, 0.9406238525251674, 0.879926064544043, 0.9072144992507187, 0.9436656527553394, 0.898184268195538, 0.9520834939210279, 0.9363474416647367, 0.9499441991518637, 0.963769616499828, 0.9756261150643324, 0.954072748281204, 0.9561626970957798, 0.9814702620267108, 1.0115770341199675, 0.9657701117217921, 0.9927908730022846, 0.997834667848174, 0.9695586090800679, 0.9604251145082674, 1.0092713403141802, 0.9774943984522941, 0.98509801576614, 0.9958552508881897, 1.0709262843581902, 1.0053989132451024, 1.0132267583090409, 1.0295500064826315, 1.0657405734631666, 1.042018279077331, 1.013868095881193, 1.0389867432083293, 1.0313383347598042], "val_acc": [0.1393312101910828, 0.1519705414012739, 0.0999203821656051, 0.15873805732484075, 0.48556926751592355, 0.5403065286624203, 0.6473925159235668, 0.7150676751592356, 0.7799562101910829, 0.8065286624203821, 0.8183718152866242, 0.8108081210191083, 0.8134952229299363, 0.8147890127388535, 0.8183718152866242, 0.8266321656050956, 0.8213574840764332, 0.8259355095541401, 0.8155851910828026, 0.826234076433121, 0.8247412420382165, 0.821656050955414, 0.8274283439490446, 0.8227507961783439, 0.8267316878980892, 0.8258359872611465, 0.8252388535031847, 0.823546974522293, 0.8295183121019108, 0.8311106687898089, 0.8283240445859873, 0.8237460191082803, 0.8282245222929936, 0.8261345541401274, 0.8265326433121019, 0.8296178343949044, 0.8314092356687898, 0.8261345541401274, 0.8301154458598726, 0.8294187898089171, 0.8302149681528662, 0.8207603503184714, 0.8299164012738853, 0.8288216560509554, 0.8280254777070064, 0.8255374203821656, 0.8259355095541401, 0.8316082802547771, 0.8278264331210191, 0.8283240445859873], "loss": [2.2998706698417664, 2.293596029281616, 2.279173329472542, 2.238628387451172, 2.0646690353751183, 1.5940988436341286, 1.1135982647538185, 0.8031561374664307, 0.5499521996825933, 0.3471276415511966, 0.30632329313084483, 0.10870004282332957, 0.07748688338324428, 0.05016814824193716, 0.023081102583091706, 0.03483538649743423, 0.025953207921702415, 0.019115091301500797, 0.01558408309938386, 0.01798525854246691, 0.012952793709700927, 0.011231617827434093, 0.015052127768285573, 0.010384738692664541, 0.01354608497058507, 0.006367321911966428, 0.009712996150483377, 0.005656547109538224, 0.004360179576906376, 0.007252910545503255, 0.005777974147349596, 0.010724635198130272, 0.012667987291933969, 0.005480176892888267, 0.005755099111411255, 0.004586897026456427, 0.004877124469203409, 0.0057892020922736265, 0.002270755998324603, 0.0028810482035623863, 0.002394286922935862, 0.003846143175906036, 0.006669098929705797, 0.0030769121513003483, 0.003127381787635386, 0.0026063757122756215, 0.005328262570401421, 0.0037302555319911335, 0.002233977565992973, 0.0012266704889043467], "acc": [0.1083984375, 0.1611328125, 0.1513671875, 0.1259765625, 0.2900390625, 0.4697265625, 0.646484375, 0.73828125, 0.8271484375, 0.8876953125, 0.9208984375, 0.974609375, 0.9814453125, 0.98828125, 0.998046875, 0.9931640625, 0.994140625, 0.9970703125, 0.9970703125, 0.9951171875, 0.9951171875, 0.9990234375, 0.994140625, 0.998046875, 0.9970703125, 1.0, 0.9970703125, 1.0, 1.0, 0.9970703125, 0.9990234375, 0.9951171875, 0.9970703125, 0.998046875, 0.998046875, 0.9990234375, 0.9990234375, 0.998046875, 1.0, 1.0, 1.0, 0.9990234375, 0.998046875, 0.9990234375, 1.0, 1.0, 0.9990234375, 0.9990234375, 1.0, 1.0], "test_loss": 1.0160970250085282, "test_acc": 0.8287221337579618, "sample": "multi-normal-cluster"}