{"val_loss": [2.2979609799233214, 2.289356214984967, 2.2759547825831516, 2.1827035238788386, 1.5772440972601531, 1.2281381582758228, 1.2241389512256453, 0.7646816549407449, 0.7301441703442555, 0.8402086122400442, 0.8040898149939859, 0.7290854164084811, 0.8483579842148313, 0.8041061340433777, 1.0503795518047492, 1.0010038388382858, 0.9736438313866876, 0.9325703798205989, 0.9984820555824383, 1.0345645665078407, 0.9980383624032045, 1.0720921250380528, 1.0424649748168173, 1.0533094152713278, 1.0629345994846078, 1.0761688065471922, 1.0630198054158004, 1.0965125990236642, 1.0917861364829313, 1.128836405315217, 1.2088324278118505, 1.108331578742167, 1.1184621559111936, 1.1188609322449963, 1.163896528778562, 1.182570024375703, 1.1938141830218065, 1.1385679644574025, 1.1652402251863936, 1.3237263290745438, 1.181920276420891, 1.1630410099769855, 1.2771116324765668, 1.2079369950161618, 1.2245521559646935, 1.1718372440167293, 1.2262753636878767, 1.2020262539576574, 1.264031160694019, 1.2052870673501188], "val_acc": [0.1751592356687898, 0.16192277070063693, 0.17844347133757962, 0.2741839171974522, 0.5231886942675159, 0.5906648089171974, 0.5657842356687898, 0.7502985668789809, 0.7657245222929936, 0.7303941082802548, 0.7634355095541401, 0.785031847133758, 0.7821457006369427, 0.7983678343949044, 0.7529856687898089, 0.7689092356687898, 0.7822452229299363, 0.7964769108280255, 0.790406050955414, 0.7873208598726115, 0.7916003184713376, 0.7843351910828026, 0.7871218152866242, 0.7895103503184714, 0.7914012738853503, 0.7907046178343949, 0.7939888535031847, 0.7945859872611465, 0.7965764331210191, 0.792296974522293, 0.7824442675159236, 0.7954816878980892, 0.7942874203821656, 0.79796974522293, 0.7942874203821656, 0.7905055732484076, 0.7878184713375797, 0.7981687898089171, 0.7933917197452229, 0.7754777070063694, 0.7924960191082803, 0.7958797770700637, 0.7884156050955414, 0.7955812101910829, 0.7929936305732485, 0.7983678343949044, 0.7944864649681529, 0.7963773885350318, 0.7894108280254777, 0.7991640127388535], "loss": [2.2976535111665726, 2.280870258808136, 2.242557540535927, 2.166191503405571, 1.8200990334153175, 1.371176466345787, 0.9534532502293587, 0.7024209965020418, 0.4498838894069195, 0.34422197844833136, 0.19000916788354516, 0.15276061813347042, 0.0622907419456169, 0.04113225138280541, 0.049318752076942474, 0.02242173213744536, 0.02282600133912638, 0.025628653209423646, 0.01717881771037355, 0.014428189693717286, 0.0076446956663858145, 0.010143540450371802, 0.017759395064786077, 0.007579847195302136, 0.006907582777785137, 0.0052089771488681436, 0.008954448243457591, 0.003558728967618663, 0.003482704167254269, 0.0044508026985567994, 0.009555804699630244, 0.007958428795973305, 0.005110969621455297, 0.0030357899304362945, 0.0038994523019937333, 0.00686648115151911, 0.004996013063646387, 0.006986806587519823, 0.003530938265612349, 0.004438712785486132, 0.00209868107958755, 0.00295577665019664, 0.0032940553610387724, 0.0020909861923428252, 0.004260293893821654, 0.00140296810423024, 0.0014925733921700157, 0.0013934378621343058, 0.002414011325527099, 0.00164995800696488], "acc": [0.1142578125, 0.1982421875, 0.220703125, 0.3046875, 0.4609375, 0.56640625, 0.7021484375, 0.76953125, 0.8583984375, 0.9052734375, 0.94921875, 0.9609375, 0.9873046875, 0.9912109375, 0.9892578125, 0.9951171875, 0.994140625, 0.9951171875, 0.9951171875, 0.9970703125, 0.9990234375, 0.9990234375, 0.99609375, 0.9990234375, 1.0, 0.9990234375, 0.9970703125, 1.0, 1.0, 1.0, 0.998046875, 0.9970703125, 0.9990234375, 1.0, 0.9990234375, 0.9970703125, 0.9990234375, 0.998046875, 1.0, 0.9990234375, 1.0, 1.0, 0.9990234375, 1.0, 0.9990234375, 1.0, 1.0, 1.0, 0.9990234375, 1.0], "test_loss": 1.1757477753481287, "test_acc": 0.808718152866242, "sample": "multi-normal-cluster"}