{"val_loss": [2.3021290940084276, 2.4134864807128906, 2.397446434968596, 2.3192999044041724, 1.9963142347943252, 2.162466797859046, 1.6151764749721358, 1.3717732699054062, 1.2528937314725985, 1.5187838168660546, 1.693800001007736, 1.894901012159457, 1.9921133844715775, 2.1056520065684228, 2.1912146305582327, 2.215988784079339, 2.2636209942732646, 2.321274761181728, 2.2979373423157226, 2.3503511081075974, 2.3923040282954076, 2.4168795521851556, 2.443097957000611, 2.4762101841580337, 2.4651530590027, 2.5325803217614533, 2.481034186615306, 2.5263776968998513, 2.524164491398319, 2.554423491286624, 2.5063513319963104, 2.537383484232957, 2.533594399121157, 2.6067441064081374, 2.605866078358547, 2.559106438402917, 2.576278389639156, 2.6024984421244093, 2.6009948139737364, 2.613347414952175, 2.6128428081038653, 2.6141393473193903, 2.6130264086328494, 2.652320224768037, 2.633588948826881, 2.6478542628561614, 2.683651793914236, 2.648688953393584, 2.646762295133749, 2.6577384069467045], "val_acc": [0.09802945859872611, 0.09783041401273886, 0.17794585987261147, 0.2881170382165605, 0.3226512738853503, 0.49591958598726116, 0.5795183121019108, 0.613156847133758, 0.6926751592356688, 0.7066082802547771, 0.7113853503184714, 0.7063097133757962, 0.7245222929936306, 0.7204418789808917, 0.725218949044586, 0.7311902866242038, 0.7280055732484076, 0.7285031847133758, 0.7283041401273885, 0.7290007961783439, 0.7283041401273885, 0.7269108280254777, 0.7253184713375797, 0.7250199044585988, 0.729796974522293, 0.726015127388535, 0.7350716560509554, 0.7281050955414012, 0.7285031847133758, 0.7277070063694268, 0.7341759554140127, 0.7326831210191083, 0.7366640127388535, 0.7284036624203821, 0.7288017515923567, 0.7369625796178344, 0.7339769108280255, 0.7335788216560509, 0.7365644904458599, 0.7346735668789809, 0.7337778662420382, 0.7342754777070064, 0.7339769108280255, 0.7330812101910829, 0.7338773885350318, 0.7326831210191083, 0.7306926751592356, 0.7367635350318471, 0.7313893312101911, 0.73328025477707], "loss": [2.2789312452077866, 2.178248345851898, 2.100061058998108, 1.9768765792250633, 1.6912617534399033, 1.2950182557106018, 0.9816358424723148, 0.6698640435934067, 0.5226635728031397, 0.25095872255042195, 0.14207662967965007, 0.08128857426345348, 0.05077955435262993, 0.022446820221375674, 0.016000720992451534, 0.01764580572489649, 0.012322470487561077, 0.013169970363378525, 0.02439664606936276, 0.006266586256970186, 0.010296260697941761, 0.0054834909533383325, 0.008409946836763993, 0.0039166785281850025, 0.006414943534764461, 0.003988419772213092, 0.0037798412013216875, 0.004085942146048183, 0.0031744290863571223, 0.007220842311653541, 0.0026755476646940224, 0.0016080212626548018, 0.001988310268643545, 0.00228469444118673, 0.0020292107219574973, 0.004362930267234333, 0.0034165081960964017, 0.002737096139753703, 0.0020862179753748933, 0.0035397949650359806, 0.004144915896176826, 0.0018627954195835628, 0.0007777065857226262, 0.0016507254158568685, 0.0021427630836114986, 0.0006767619688616833, 0.0014514875456370646, 0.0013130783963788417, 0.0017332570960206795, 0.0020835536997765303], "acc": [0.1689453125, 0.1640625, 0.21484375, 0.322265625, 0.462890625, 0.58984375, 0.697265625, 0.7880859375, 0.8515625, 0.9326171875, 0.9619140625, 0.982421875, 0.9892578125, 1.0, 0.998046875, 0.99609375, 0.9990234375, 0.9990234375, 0.9931640625, 1.0, 0.998046875, 1.0, 0.998046875, 1.0, 0.9990234375, 1.0, 1.0, 0.9990234375, 1.0, 0.998046875, 1.0, 1.0, 1.0, 1.0, 1.0, 0.998046875, 0.9990234375, 1.0, 1.0, 0.998046875, 0.9990234375, 1.0, 1.0, 1.0, 0.9990234375, 1.0, 1.0, 1.0, 1.0, 0.9990234375], "test_loss": 2.7144149283694614, "test_acc": 0.7294984076433121, "sample": "normal"}