{"val_loss": [2.29594420171847, 2.320806899647804, 2.3650967421805023, 2.074825761424508, 2.275272212210734, 1.7305124982906754, 1.4110277997460334, 1.1068747218247432, 1.0581314286608605, 0.8734895818552394, 0.9804880949342327, 0.9174057469246494, 0.6440407094682098, 0.5901710211661211, 0.6954910282496434, 0.6655350807745746, 0.5124883073720203, 0.5233652584112374, 0.477628919681546, 0.5078079044629055, 0.45882343999139824, 0.4855833892609663, 0.4741111641192132, 0.48642673267490544, 0.4813549001315597, 0.519360814931666, 0.49811518282457523, 0.44847380797005004, 0.43336939697812316, 0.4816411092023181, 0.4555689432913331, 0.44417579790019684, 0.4378034140748583, 0.4931123281123152, 0.46257583891889853, 0.49521431995994725, 0.4359004197606615, 0.46283383273584827, 0.4525470770183642, 0.4705609842707777, 0.4734711660321351, 0.498995213277021, 0.5067984665607571, 0.46523662717051945, 0.46710688656397686, 0.471679682920503, 0.5116471577862836, 0.5167781943514659, 0.4795334763635116, 0.473658041613307], "val_acc": [0.09802945859872611, 0.09783041401273886, 0.21307722929936307, 0.27975716560509556, 0.27199442675159236, 0.36703821656050956, 0.4929339171974522, 0.6130573248407644, 0.6194267515923567, 0.6914808917197452, 0.6615246815286624, 0.6704816878980892, 0.7854299363057324, 0.814390923566879, 0.7669187898089171, 0.7703025477707006, 0.8335987261146497, 0.8250398089171974, 0.847531847133758, 0.837281050955414, 0.8531050955414012, 0.8450437898089171, 0.8535031847133758, 0.8466361464968153, 0.8509156050955414, 0.839171974522293, 0.8432523885350318, 0.8648487261146497, 0.8675358280254777, 0.8532046178343949, 0.8591759554140127, 0.8733081210191083, 0.8744028662420382, 0.861265923566879, 0.8724124203821656, 0.863953025477707, 0.8759952229299363, 0.8694267515923567, 0.8749004777070064, 0.8722133757961783, 0.8714171974522293, 0.8674363057324841, 0.8676353503184714, 0.8737062101910829, 0.8737062101910829, 0.8727109872611465, 0.8700238853503185, 0.8692277070063694, 0.8746019108280255, 0.8778861464968153], "loss": [2.2901683896780014, 2.213149815797806, 1.9618699848651886, 1.5954335629940033, 1.2491982653737068, 1.0629411339759827, 0.9009188897907734, 0.8314859494566917, 0.6611396037042141, 0.6315625347197056, 0.4851471185684204, 0.47550483979284763, 0.43353607691824436, 0.40621198527514935, 0.3099314048886299, 0.3387682815082371, 0.27053529396653175, 0.24737299792468548, 0.27199237141758204, 0.20773417642340064, 0.17394787748344243, 0.19930925406515598, 0.14547609724104404, 0.1641084784641862, 0.13538030022755265, 0.1467121948953718, 0.11192067340016365, 0.12372247176244855, 0.12484995694831014, 0.08432677714154124, 0.09720210556406528, 0.07824741653166711, 0.0942378300242126, 0.07547160924877971, 0.0680214383173734, 0.07395223411731422, 0.07987962826155126, 0.05918996734544635, 0.06149243121035397, 0.050652573991101235, 0.054311216925270855, 0.05230549693806097, 0.05115145441959612, 0.06141417729668319, 0.047592901915777475, 0.044245194061659276, 0.03463464684318751, 0.04719996266067028, 0.04387328145094216, 0.042162430356256664], "acc": [0.244140625, 0.2451171875, 0.3173828125, 0.5068359375, 0.611328125, 0.677734375, 0.7294921875, 0.734375, 0.791015625, 0.798828125, 0.8515625, 0.8505859375, 0.873046875, 0.87109375, 0.904296875, 0.90234375, 0.9140625, 0.9228515625, 0.908203125, 0.9345703125, 0.9501953125, 0.9365234375, 0.953125, 0.9462890625, 0.9541015625, 0.9501953125, 0.962890625, 0.9599609375, 0.9619140625, 0.97265625, 0.96875, 0.9697265625, 0.96875, 0.9765625, 0.9765625, 0.9755859375, 0.9794921875, 0.9833984375, 0.9794921875, 0.98828125, 0.9853515625, 0.982421875, 0.984375, 0.982421875, 0.9853515625, 0.9853515625, 0.990234375, 0.982421875, 0.984375, 0.984375], "test_loss": 0.4532758794179198, "test_acc": 0.8813694267515924, "sample": "uniform"}