{"val_loss": [2.298194745543656, 2.304568530647618, 2.3871341951333793, 2.1947773307751697, 1.6214575129709425, 1.196350361511206, 1.4509537303523652, 0.9444166429483207, 0.8821812761817008, 0.8164055153822444, 0.6712697152119533, 0.570597335980956, 0.5832736744622516, 0.5917593479915789, 0.5155229117650135, 0.5693450262592097, 0.45492315880811895, 0.43455299374404227, 0.5048322408062638, 0.4001421741903967, 0.4759829652252471, 0.37504449764349657, 0.403205718180746, 0.37318357302077637, 0.36817928721570664, 0.3956309966268433, 0.38628500158999374, 0.3864675223957866, 0.3593422879767456, 0.3275906144920143, 0.36663760499921955, 0.36665728948061255, 0.3803421308280556, 0.38810001769263275, 0.38164562360638643, 0.3430349680485358, 0.3420024070722662, 0.41312695536643834, 0.33619811033954616, 0.39659397940560703, 0.34002926740736056, 0.3590666400624593, 0.3745565286594307, 0.38393327037827557, 0.4263786159598144, 0.3888523415929288, 0.3860302765224912, 0.3655500941165385, 0.37231701213397844, 0.3690246895020887], "val_acc": [0.09583996815286625, 0.09593949044585988, 0.16520700636942676, 0.31986464968152867, 0.5268710191082803, 0.5982285031847133, 0.5006966560509554, 0.6805334394904459, 0.6859076433121019, 0.7278065286624203, 0.7756767515923567, 0.8165804140127388, 0.8125, 0.8080214968152867, 0.832703025477707, 0.8097133757961783, 0.8541003184713376, 0.8634554140127388, 0.8314092356687898, 0.8717157643312102, 0.8518113057324841, 0.8834593949044586, 0.8729100318471338, 0.8859474522292994, 0.8866441082802548, 0.8809713375796179, 0.8829617834394905, 0.8847531847133758, 0.8955015923566879, 0.9064490445859873, 0.894406847133758, 0.8950039808917197, 0.8929140127388535, 0.8929140127388535, 0.8951035031847133, 0.9061504777070064, 0.908140923566879, 0.8900278662420382, 0.9090366242038217, 0.8961982484076433, 0.9117237261146497, 0.9070461783439491, 0.9057523885350318, 0.904359076433121, 0.8943073248407644, 0.9032643312101911, 0.9045581210191083, 0.9093351910828026, 0.9101313694267515, 0.9110270700636943], "loss": [2.294145554304123, 2.249153032898903, 2.1190688386559486, 2.009858712553978, 1.7175469920039177, 1.3876121193170547, 1.1662964299321175, 1.108380038291216, 0.9400754682719707, 0.8143325746059418, 0.7043806966394186, 0.7187282238155603, 0.6590689104050398, 0.5268772020936012, 0.5278121214359999, 0.48878492042422295, 0.4517123755067587, 0.40595084987580776, 0.3758495170623064, 0.3659517578780651, 0.32464057113975286, 0.2555739087983966, 0.24073124676942825, 0.26213866099715233, 0.2579482067376375, 0.18821431463584304, 0.21526344493031502, 0.16253740526735783, 0.15490051452070475, 0.1693421727977693, 0.1421392518095672, 0.11971851717680693, 0.12239563930779696, 0.10955755901522934, 0.10503069404512644, 0.0976796681061387, 0.08206349611282349, 0.10047893039882183, 0.09905758849345148, 0.08639672037679702, 0.06946275942027569, 0.07438306231051683, 0.05390890722628683, 0.06683355418499559, 0.0541604746831581, 0.059491986117791384, 0.051267872331663966, 0.04201387078501284, 0.041205766377970576, 0.051175874075852334], "acc": [0.1552734375, 0.1796875, 0.1982421875, 0.298828125, 0.4462890625, 0.5224609375, 0.609375, 0.62890625, 0.6923828125, 0.7236328125, 0.7734375, 0.7509765625, 0.791015625, 0.830078125, 0.8310546875, 0.8427734375, 0.85546875, 0.865234375, 0.873046875, 0.884765625, 0.8916015625, 0.923828125, 0.923828125, 0.91015625, 0.9248046875, 0.935546875, 0.931640625, 0.94921875, 0.9423828125, 0.9462890625, 0.9599609375, 0.9609375, 0.95703125, 0.9599609375, 0.962890625, 0.966796875, 0.9736328125, 0.96875, 0.9638671875, 0.97265625, 0.9794921875, 0.9794921875, 0.984375, 0.9794921875, 0.9794921875, 0.9775390625, 0.978515625, 0.9873046875, 0.990234375, 0.982421875], "test_loss": 0.3844113123727737, "test_acc": 0.9106289808917197, "sample": "normal-cluster"}