{"val_loss": [2.299955368041992, 2.2956024674093647, 2.28904633916867, 2.3079431132905803, 1.9752010509466669, 1.5480303711192622, 1.3439141659979608, 0.9419145143715439, 0.6673748142020718, 0.722488644776071, 0.48031893457956376, 0.5591932308332176, 0.42841382149108653, 0.4566539793637148, 0.41026898207748014, 0.35594086671710773, 0.3695938000396179, 0.3569733074326424, 0.34162144869518507, 0.38927359534961403, 0.2871141174606457, 0.29735231581055055, 0.3251539417512857, 0.2870561075901055, 0.3012888189405203, 0.29080276682996636, 0.2731330119945394, 0.28211497360615023, 0.2833030139078285, 0.2706229258743916, 0.2668955851877168, 0.269327756349638, 0.26336049942513273, 0.27285193855678486, 0.28223034569172034, 0.2677660449986364, 0.27861029008747473, 0.26784539281740594, 0.2750924907974709, 0.2697565198229377, 0.2601593133791759, 0.2643769643155288, 0.2698423541410512, 0.2703435646509455, 0.2710371015839587, 0.2722404675000602, 0.2777308628792062, 0.2724957856153891, 0.27358123055246963, 0.2851276261135817], "val_acc": [0.10499601910828026, 0.09783041401273886, 0.09783041401273886, 0.23626592356687898, 0.3374800955414013, 0.4352109872611465, 0.5105493630573248, 0.7082006369426752, 0.7944864649681529, 0.7482085987261147, 0.8514132165605095, 0.7975716560509554, 0.8590764331210191, 0.8489251592356688, 0.8687300955414012, 0.8884355095541401, 0.879578025477707, 0.8872412420382165, 0.8950039808917197, 0.8766918789808917, 0.9120222929936306, 0.9070461783439491, 0.899781050955414, 0.913515127388535, 0.9077428343949044, 0.9124203821656051, 0.919187898089172, 0.9148089171974523, 0.9176950636942676, 0.9228702229299363, 0.9215764331210191, 0.92296974522293, 0.9266520700636943, 0.9239649681528662, 0.9204816878980892, 0.9263535031847133, 0.9234673566878981, 0.9268511146496815, 0.9259554140127388, 0.9261544585987261, 0.9299363057324841, 0.9286425159235668, 0.9286425159235668, 0.9290406050955414, 0.9288415605095541, 0.9282444267515924, 0.9285429936305732, 0.9307324840764332, 0.931031050955414, 0.9273487261146497], "loss": [2.2992673218250275, 2.286916270852089, 2.258128121495247, 2.1720829606056213, 2.005519911646843, 1.5762328058481216, 1.243074394762516, 1.0162729918956757, 0.7816509567201138, 0.6756093762814999, 0.6105785593390465, 0.5417286939918995, 0.4438469707965851, 0.437520120292902, 0.40854831878095865, 0.3259891178458929, 0.2867986252531409, 0.2953406237065792, 0.25539184594526887, 0.22292550280690193, 0.22420003218576312, 0.2391663221642375, 0.16074075922369957, 0.16644074209034443, 0.15532283252105117, 0.14585733669809997, 0.11582506960257888, 0.13528596167452633, 0.12734036264009774, 0.10207482683472335, 0.12206510547548532, 0.09238300588913262, 0.07618643203750253, 0.08309435448609293, 0.07451893179677427, 0.056890613050200045, 0.07342407735995948, 0.06825364928226918, 0.05516108754090965, 0.05887636722764, 0.05761523934779689, 0.04540789872407913, 0.05306663562078029, 0.05400832451414317, 0.046157412114553154, 0.03906068447395228, 0.037415081897052005, 0.03925083519425243, 0.035709966730792075, 0.02927228040061891], "acc": [0.0947265625, 0.1474609375, 0.1435546875, 0.1787109375, 0.421875, 0.4853515625, 0.607421875, 0.6669921875, 0.7451171875, 0.78125, 0.7998046875, 0.8359375, 0.859375, 0.853515625, 0.8583984375, 0.8955078125, 0.908203125, 0.8984375, 0.9189453125, 0.927734375, 0.916015625, 0.923828125, 0.9501953125, 0.947265625, 0.9501953125, 0.9541015625, 0.958984375, 0.953125, 0.9580078125, 0.96875, 0.9599609375, 0.9736328125, 0.9755859375, 0.9765625, 0.9775390625, 0.982421875, 0.9755859375, 0.974609375, 0.984375, 0.974609375, 0.9833984375, 0.9853515625, 0.984375, 0.9814453125, 0.978515625, 0.9892578125, 0.990234375, 0.986328125, 0.98828125, 0.9921875], "test_loss": 0.27974634890142047, "test_acc": 0.9305334394904459, "sample": "multi-normal"}