{"val_loss": [2.2985611098587135, 2.2921996147009978, 2.2769881008536954, 2.2280725764620835, 1.8832896879524181, 1.276752397512934, 0.900937141696359, 0.6838806831532982, 0.660727759170684, 0.6130760914770661, 0.46255498668950074, 0.5023910249969002, 0.4102614193822548, 0.34873078630608356, 0.3587047618096042, 0.3401742785409757, 0.3213793083099992, 0.297819533652276, 0.2838124431207017, 0.2814573047558071, 0.2988631612366172, 0.27615982899145713, 0.2661037502786631, 0.25739223650911713, 0.2544380730599355, 0.24515470285799093, 0.2502727379583439, 0.2773633627458268, 0.2704679474448133, 0.2533016505882524, 0.2576405328289149, 0.27710221443847294, 0.2519696809197213, 0.23908065726897518, 0.25228819348493436, 0.28484524854393617, 0.26846819381366016, 0.2502194080430611, 0.25537665212040495, 0.2594876791228938, 0.2539411986611522, 0.2542801308682912, 0.2531700712438839, 0.251233523945505, 0.2589738128608935, 0.2624949512537569, 0.24496209686236445, 0.2677842541924043, 0.2723862965336176, 0.27154787437349653], "val_acc": [0.12609474522292993, 0.21307722929936307, 0.15376194267515925, 0.19406847133757962, 0.46317675159235666, 0.5480692675159236, 0.7014331210191083, 0.796875, 0.7909036624203821, 0.7967754777070064, 0.8539012738853503, 0.8500199044585988, 0.8695262738853503, 0.89171974522293, 0.8902269108280255, 0.8890326433121019, 0.8983877388535032, 0.9083399681528662, 0.9145103503184714, 0.9149084394904459, 0.9109275477707006, 0.9133160828025477, 0.9210788216560509, 0.9222730891719745, 0.9244625796178344, 0.9277468152866242, 0.9270501592356688, 0.9157046178343949, 0.9179936305732485, 0.9269506369426752, 0.9227707006369427, 0.9204816878980892, 0.9289410828025477, 0.9326234076433121, 0.9288415605095541, 0.9190883757961783, 0.9251592356687898, 0.9297372611464968, 0.9289410828025477, 0.9267515923566879, 0.9304339171974523, 0.9301353503184714, 0.9358081210191083, 0.9323248407643312, 0.9313296178343949, 0.930234872611465, 0.9366042993630573, 0.9303343949044586, 0.9272492038216561, 0.9308320063694268], "loss": [2.300201177597046, 2.293552026152611, 2.281581297516823, 2.245721846818924, 2.1148595437407494, 1.6202102899551392, 1.1480414904654026, 0.9612023420631886, 0.7200511619448662, 0.7204651907086372, 0.5531674604862928, 0.5263427644968033, 0.46483122929930687, 0.41899378411471844, 0.3519124165177345, 0.3524161046370864, 0.3509554248303175, 0.28002199809998274, 0.2591197295114398, 0.2676899991929531, 0.23979370575398207, 0.23739936016499996, 0.18576470017433167, 0.19913436844944954, 0.19229188654571772, 0.19213713286444545, 0.1376869878731668, 0.1681861374527216, 0.1206011928152293, 0.12647812603972852, 0.13003225903958082, 0.11829449678771198, 0.12687948974780738, 0.09799872012808919, 0.1076434135902673, 0.09705850679893047, 0.09842050448060036, 0.11464985646307468, 0.07145027257502079, 0.08538487856276333, 0.0749698004219681, 0.07351044961251318, 0.07468535774387419, 0.07005871622823179, 0.06795771041652188, 0.0620023412629962, 0.05245600565103814, 0.055121300742030144, 0.061469612759537995, 0.05269212886923924], "acc": [0.1083984375, 0.1572265625, 0.1923828125, 0.1904296875, 0.2880859375, 0.5, 0.615234375, 0.6748046875, 0.7646484375, 0.751953125, 0.81640625, 0.8369140625, 0.8408203125, 0.869140625, 0.8955078125, 0.8896484375, 0.876953125, 0.91015625, 0.9248046875, 0.9140625, 0.9228515625, 0.9296875, 0.9423828125, 0.935546875, 0.9365234375, 0.9404296875, 0.9580078125, 0.9453125, 0.9609375, 0.9609375, 0.9609375, 0.9580078125, 0.96875, 0.970703125, 0.9697265625, 0.9697265625, 0.9677734375, 0.9638671875, 0.9794921875, 0.97265625, 0.974609375, 0.9755859375, 0.9794921875, 0.98046875, 0.9755859375, 0.98046875, 0.9873046875, 0.98828125, 0.978515625, 0.978515625], "test_loss": 0.24828034192976203, "test_acc": 0.9350119426751592, "sample": "random"}