{"val_loss": [2.3002210635288507, 2.7979998740420977, 3.889657309100886, 4.010580914795019, 4.643369421078141, 5.327197017183729, 5.339082447586546, 5.139809520381271, 4.916648971047371, 5.086139873334557, 5.277858506342408, 5.612219878822375, 5.404792620118257, 5.89523027353226, 5.9006080126306815, 5.650209378285013, 5.835543801070778, 5.656959964970874, 5.622694885654814, 5.938589823473791, 6.150490645390407, 5.9961920665327915, 6.210112851136809, 6.081699602163521, 6.175782867298005, 6.19174205877219, 6.237350983224856, 6.225419685339472, 6.233106163656636, 6.3093790400559735, 6.31210273086645, 6.300957643302383, 6.329635179726181, 6.310060364425562, 6.321769826731105, 6.372183666107761, 6.365045488260354, 6.38058380260589, 6.3731643470229615, 6.384884919330573, 6.398949572994451, 6.37755996558317, 6.391428315715426, 6.412603208213855, 6.402120280417667, 6.396924292206005, 6.42306028961376, 6.4195887055366665, 6.40732956843771, 6.400752037194125], "val_acc": [0.12898089171974522, 0.15814092356687898, 0.2310907643312102, 0.33379777070063693, 0.4198845541401274, 0.4365047770700637, 0.45232882165605093, 0.45332404458598724, 0.482484076433121, 0.4750199044585987, 0.5613057324840764, 0.47283041401273884, 0.5563296178343949, 0.49074442675159236, 0.5272691082802548, 0.5700636942675159, 0.5665804140127388, 0.5707603503184714, 0.5785230891719745, 0.5771297770700637, 0.5747412420382165, 0.5796178343949044, 0.5727507961783439, 0.5803144904458599, 0.5786226114649682, 0.5811106687898089, 0.5798168789808917, 0.57921974522293, 0.5820063694267515, 0.5833996815286624, 0.5796178343949044, 0.5825039808917197, 0.5823049363057324, 0.5823049363057324, 0.5834992038216561, 0.5780254777070064, 0.580812101910828, 0.5829020700636943, 0.5825039808917197, 0.581906847133758, 0.5805135350318471, 0.5823049363057324, 0.5822054140127388, 0.5806130573248408, 0.5838972929936306, 0.5832006369426752, 0.5805135350318471, 0.5826035031847133, 0.584593949044586, 0.5836982484076433], "loss": [2.286039248108864, 2.066207505762577, 1.5441386178135872, 1.2619676515460014, 0.9277556836605072, 0.6195690799504519, 0.4949726816266775, 0.44587141182273626, 0.36895010247826576, 0.3632047092542052, 0.327254974283278, 0.2764794463291764, 0.27809383906424046, 0.2300849030725658, 0.23769922833889723, 0.23741062451153994, 0.1956755225546658, 0.1922678230330348, 0.1749884495511651, 0.15258822706528008, 0.12480699503794312, 0.16048233304172754, 0.10939288605004549, 0.12978331069462, 0.11231223191134632, 0.10389982117339969, 0.10656570456922054, 0.11116073234006763, 0.0870828228071332, 0.0892390706576407, 0.08665982587262988, 0.09444423054810613, 0.06791182956658304, 0.08403693791478872, 0.07541078381473199, 0.0635940640931949, 0.05904064734932035, 0.058246921049430966, 0.06595004280097783, 0.0477948248735629, 0.05935826001223177, 0.04894264289760031, 0.057585305999964476, 0.05304008407983929, 0.04706173588056117, 0.038197790388949215, 0.047725774405989796, 0.03245462753693573, 0.03990550964954309, 0.0411365166073665], "acc": [0.205078125, 0.2724609375, 0.38671875, 0.509765625, 0.7001953125, 0.798828125, 0.8271484375, 0.8427734375, 0.8720703125, 0.88671875, 0.892578125, 0.916015625, 0.9140625, 0.9326171875, 0.92578125, 0.9306640625, 0.9365234375, 0.939453125, 0.9443359375, 0.9482421875, 0.95703125, 0.94921875, 0.9716796875, 0.9560546875, 0.96875, 0.9658203125, 0.9697265625, 0.970703125, 0.9736328125, 0.9658203125, 0.974609375, 0.970703125, 0.9794921875, 0.9775390625, 0.9765625, 0.982421875, 0.984375, 0.9814453125, 0.9755859375, 0.982421875, 0.986328125, 0.9873046875, 0.982421875, 0.9794921875, 0.9873046875, 0.9931640625, 0.986328125, 0.98828125, 0.990234375, 0.98828125], "test_loss": 6.513394106725219, "test_acc": 0.5782245222929936, "sample": "error"}