{"val_loss": [2.300649507789855, 2.2985223129296757, 2.297443162104127, 2.343789117351459, 2.2311800057720985, 2.0469229555433723, 1.40347011377857, 1.0870148843261087, 0.9382401066980545, 0.8657056858205492, 0.8013102976000233, 0.7752671765673692, 0.6876518769059211, 0.7580811030166165, 0.6348653949180226, 0.8045728532656743, 0.5078129766473345, 0.5506761034677743, 0.4454448131998633, 0.3929359835993712, 0.39779965095459274, 0.45767282006467225, 0.38534454453238254, 0.3575503336870746, 0.3815413418279332, 0.4032512197425221, 0.4012764975618405, 0.3504083986115304, 0.417257846683074, 0.3534330043609545, 0.34968113581276244, 0.3653426297293727, 0.38005686805221683, 0.3610099679345538, 0.3574466739015974, 0.3880209661782927, 0.3584355330865854, 0.3876050118784046, 0.4058419361022437, 0.39742977637204396, 0.38734936505366285, 0.39860377187846574, 0.39480800772453567, 0.40824041299664293, 0.38114144261570493, 0.45098187726963856, 0.47133484916986934, 0.41518575225950805, 0.4131707501876506, 0.3917083977514012], "val_acc": [0.1032046178343949, 0.10300557324840764, 0.10290605095541401, 0.1032046178343949, 0.3769904458598726, 0.29120222929936307, 0.5453821656050956, 0.6661027070063694, 0.6976512738853503, 0.7391520700636943, 0.7444267515923567, 0.7569665605095541, 0.7745820063694268, 0.7665207006369427, 0.8099124203821656, 0.7417396496815286, 0.8374800955414012, 0.8279259554140127, 0.8546974522292994, 0.8689291401273885, 0.8668391719745223, 0.8553941082802548, 0.8742038216560509, 0.8839570063694268, 0.8773885350318471, 0.8736066878980892, 0.8735071656050956, 0.8881369426751592, 0.870421974522293, 0.8916202229299363, 0.8886345541401274, 0.8825636942675159, 0.8816679936305732, 0.8901273885350318, 0.8912221337579618, 0.8816679936305732, 0.8901273885350318, 0.8850517515923567, 0.8820660828025477, 0.8830613057324841, 0.8867436305732485, 0.8838574840764332, 0.8865445859872612, 0.8843550955414012, 0.8923168789808917, 0.8779856687898089, 0.87390525477707, 0.8856488853503185, 0.8881369426751592, 0.894406847133758], "loss": [2.301720082759857, 2.293179765343666, 2.2685308754444122, 2.1951670348644257, 2.0982184186577797, 1.7965040653944016, 1.4764404967427254, 1.3051917403936386, 1.0134918242692947, 0.9136737771332264, 0.8201787732541561, 0.7083630412817001, 0.6419010832905769, 0.5603573005646467, 0.5154996532946825, 0.42420294508337975, 0.4668988501653075, 0.38229959830641747, 0.37049551866948605, 0.3183295428752899, 0.32181633077561855, 0.30710933916270733, 0.29355643782764673, 0.23433598643168807, 0.2443372616544366, 0.20633460767567158, 0.18144708313047886, 0.1917943195439875, 0.1777556394226849, 0.17370680347085, 0.14637659909203649, 0.13481631176546216, 0.13558755232952535, 0.13248425885103643, 0.11001045443117619, 0.11858464148826897, 0.10550870280712843, 0.10359501023776829, 0.08414972550235689, 0.0909739340422675, 0.09099913912359625, 0.08544029062613845, 0.0811804283875972, 0.07529781037010252, 0.06432460620999336, 0.060328130261041224, 0.057187022699508816, 0.054754368495196104, 0.058182692155241966, 0.05740350723499432], "acc": [0.123046875, 0.1435546875, 0.140625, 0.146484375, 0.2666015625, 0.421875, 0.5029296875, 0.5751953125, 0.662109375, 0.7021484375, 0.7392578125, 0.76171875, 0.7919921875, 0.822265625, 0.8291015625, 0.8701171875, 0.849609375, 0.8681640625, 0.8798828125, 0.890625, 0.8935546875, 0.8916015625, 0.91015625, 0.9248046875, 0.92578125, 0.931640625, 0.9375, 0.9404296875, 0.943359375, 0.9365234375, 0.95703125, 0.958984375, 0.955078125, 0.9580078125, 0.9619140625, 0.9599609375, 0.9638671875, 0.9658203125, 0.970703125, 0.9716796875, 0.97265625, 0.9736328125, 0.9755859375, 0.97265625, 0.982421875, 0.9794921875, 0.978515625, 0.984375, 0.982421875, 0.9814453125], "test_loss": 0.40882954420818457, "test_acc": 0.8965963375796179, "sample": "uniform-cluster"}