{"val_loss": [2.2996027621493975, 2.30483889427914, 2.3869946230748655, 2.268500220244098, 1.9401730420483145, 1.5020289891844343, 1.1384058830085073, 1.013612004222384, 0.7685742412403131, 0.6377917907799885, 0.6812534930220076, 0.5492941007302825, 0.5444812533582092, 0.4385560688794039, 0.481059638605376, 0.4286529918669895, 0.3740852983893862, 0.40661708310626116, 0.4062395779427829, 0.33595562118823363, 0.4195808549975134, 0.31768989848910245, 0.35483959884305666, 0.32354757806677725, 0.3151776052679226, 0.33067177644201146, 0.2903565126322922, 0.28349640352687067, 0.296855748079385, 0.2954689330676464, 0.3175004819455515, 0.3136906791537715, 0.29023661195140354, 0.30041737179716776, 0.309701637341196, 0.2880077087735627, 0.3034440008982731, 0.29253040571774175, 0.300702069073346, 0.28200449050510906, 0.28683918924515794, 0.2959299578411493, 0.31025220171672996, 0.29726213748881203, 0.2767248752624817, 0.2703117680243531, 0.3177046472752455, 0.30223615487272243, 0.3327347947415083, 0.28873507276690524], "val_acc": [0.1032046178343949, 0.10300557324840764, 0.10290605095541401, 0.24850716560509553, 0.2703025477707006, 0.5013933121019108, 0.6083797770700637, 0.7138734076433121, 0.7796576433121019, 0.8311106687898089, 0.7899084394904459, 0.8291202229299363, 0.833797770700637, 0.8741042993630573, 0.853702229299363, 0.8661425159235668, 0.8892316878980892, 0.8824641719745223, 0.8722133757961783, 0.9001791401273885, 0.8661425159235668, 0.9048566878980892, 0.8883359872611465, 0.9009753184713376, 0.9036624203821656, 0.9000796178343949, 0.9134156050955414, 0.9137141719745223, 0.9110270700636943, 0.9136146496815286, 0.9064490445859873, 0.9078423566878981, 0.9181926751592356, 0.9144108280254777, 0.9133160828025477, 0.917296974522293, 0.9164012738853503, 0.9177945859872612, 0.9194864649681529, 0.9214769108280255, 0.9202826433121019, 0.9183917197452229, 0.9181926751592356, 0.9223726114649682, 0.9274482484076433, 0.9267515923566879, 0.9158041401273885, 0.9202826433121019, 0.9140127388535032, 0.9250597133757962], "loss": [2.296027362346649, 2.2508044987916946, 2.1306158304214478, 2.079133778810501, 1.901454173028469, 1.6286116912961006, 1.3170639127492905, 1.167623609304428, 0.9361320100724697, 0.8796011470258236, 0.7742728181183338, 0.7065473422408104, 0.6606468968093395, 0.5420515593141317, 0.5957557875663042, 0.43589421920478344, 0.4461292903870344, 0.4636343764141202, 0.4104183465242386, 0.3732228437438607, 0.34982181806117296, 0.34878592006862164, 0.2958745798096061, 0.29020074661821127, 0.27032166067510843, 0.24446786381304264, 0.229037634562701, 0.22559784911572933, 0.19387620920315385, 0.20536825945600867, 0.16711532650515437, 0.18630405934527516, 0.15726813999935985, 0.1511821378953755, 0.13771300087682903, 0.13973342126701027, 0.12028257315978408, 0.12164118106011301, 0.10226338962092996, 0.11555550992488861, 0.10152747959364206, 0.09666020423173904, 0.08933577733114362, 0.07727207406423986, 0.085349629400298, 0.08437854796648026, 0.08182205818593502, 0.05815910396631807, 0.06834953394718468, 0.05485773552209139], "acc": [0.1533203125, 0.205078125, 0.2158203125, 0.23046875, 0.357421875, 0.4453125, 0.5546875, 0.609375, 0.6943359375, 0.732421875, 0.75, 0.7763671875, 0.798828125, 0.8330078125, 0.7998046875, 0.8623046875, 0.8642578125, 0.849609375, 0.8720703125, 0.8818359375, 0.8857421875, 0.892578125, 0.9130859375, 0.9033203125, 0.9208984375, 0.92578125, 0.9248046875, 0.9267578125, 0.939453125, 0.931640625, 0.9462890625, 0.9326171875, 0.951171875, 0.9462890625, 0.95703125, 0.9541015625, 0.95703125, 0.9638671875, 0.962890625, 0.9609375, 0.9677734375, 0.966796875, 0.9736328125, 0.9736328125, 0.970703125, 0.974609375, 0.9755859375, 0.984375, 0.98046875, 0.982421875], "test_loss": 0.308114313591675, "test_acc": 0.9223726114649682, "sample": "normal"}