{"val_loss": [2.29544767756371, 2.3944640751856907, 2.3069316703043166, 1.9474046602370634, 1.7259565356430735, 1.4528449557389422, 1.4664931923720488, 1.5507506500383852, 1.4070550438704763, 1.2534591027885487, 1.5017477551083656, 1.6225173230383807, 1.4119177407519832, 1.4717501219670484, 1.619728397601729, 1.48658323193052, 1.7202486160454478, 1.5862884052619812, 1.6266360318964455, 1.837053628484155, 1.792421711857911, 1.8570950756407087, 1.9066296481782463, 1.8275325252751635, 1.9338101175180666, 1.9368651987640721, 1.9145334213022973, 1.9926423597487675, 1.9634983998954676, 1.9388613148479705, 2.005243093914287, 2.047005568340326, 2.1035019053015738, 2.116206888560277, 1.9724270525821455, 2.0271846716571007, 2.090389690391577, 2.0986023697124163, 2.0900409289985706, 2.1213993540235387, 2.148538131432928, 2.1920761139529525, 2.1823447094221784, 2.155344674541692, 2.1439631564222323, 2.215942505818264, 2.189950001657389, 2.2141294179448656, 2.194245648611883, 2.1624946372144542], "val_acc": [0.10927547770700637, 0.10658837579617834, 0.3231488853503185, 0.3960987261146497, 0.41878980891719747, 0.501890923566879, 0.518312101910828, 0.49104299363057324, 0.533937101910828, 0.6451035031847133, 0.6100716560509554, 0.605593152866242, 0.6813296178343949, 0.6714769108280255, 0.6601313694267515, 0.7003383757961783, 0.6772492038216561, 0.6877985668789809, 0.7010350318471338, 0.6793391719745223, 0.6891918789808917, 0.6948646496815286, 0.6889928343949044, 0.7123805732484076, 0.699343152866242, 0.6989450636942676, 0.7036226114649682, 0.6928742038216561, 0.7027269108280255, 0.7052149681528662, 0.7003383757961783, 0.698546974522293, 0.6940684713375797, 0.6879976114649682, 0.7091958598726115, 0.706906847133758, 0.699343152866242, 0.6987460191082803, 0.6992436305732485, 0.6998407643312102, 0.6990445859872612, 0.6994426751592356, 0.6977507961783439, 0.7032245222929936, 0.7032245222929936, 0.6953622611464968, 0.7011345541401274, 0.7003383757961783, 0.7066082802547771, 0.7126791401273885], "loss": [2.2791356593370438, 2.134251542389393, 1.8953679129481316, 1.5211666747927666, 1.2155495919287205, 0.9959976226091385, 0.7764907106757164, 0.6316405385732651, 0.5456513520330191, 0.42863260954618454, 0.24263061862438917, 0.2492836993187666, 0.13857463281601667, 0.1280978610739112, 0.0994839551858604, 0.06351081607863307, 0.06336382369045168, 0.06519491551443934, 0.039738450199365616, 0.03247596824076027, 0.0226711961440742, 0.02420560398604721, 0.019589055358665064, 0.01463617614354007, 0.014961182823753916, 0.018709211333771236, 0.01729367606458254, 0.011383663033484481, 0.01006353902630508, 0.010266358411172405, 0.0065766179614001885, 0.005238416306383442, 0.006854651175672188, 0.008501634365529753, 0.016926395313930698, 0.00961628626100719, 0.011296371434582397, 0.005182983950362541, 0.0074999739226768725, 0.006549584788444918, 0.006628715807892149, 0.00652508234634297, 0.009740270226757275, 0.0033377540785295423, 0.0024161137098417385, 0.003404224007681478, 0.0032477277563884854, 0.004880054850218585, 0.0030062735968385823, 0.0035107477015117183], "acc": [0.2216796875, 0.291015625, 0.345703125, 0.458984375, 0.5615234375, 0.6396484375, 0.7216796875, 0.7744140625, 0.8095703125, 0.833984375, 0.919921875, 0.919921875, 0.9580078125, 0.95703125, 0.9677734375, 0.9873046875, 0.9833984375, 0.9755859375, 0.986328125, 0.994140625, 0.9970703125, 0.9951171875, 0.9970703125, 0.998046875, 0.998046875, 0.9951171875, 0.99609375, 0.99609375, 0.9990234375, 0.9970703125, 0.9990234375, 1.0, 0.9990234375, 0.99609375, 0.99609375, 0.998046875, 0.998046875, 0.9990234375, 0.9990234375, 0.9990234375, 0.998046875, 0.998046875, 0.99609375, 1.0, 1.0, 0.9990234375, 0.9990234375, 0.9990234375, 1.0, 0.998046875], "test_loss": 2.1389701083587234, "test_acc": 0.7098925159235668, "sample": "normal"}