{"val_loss": [2.300226232808107, 2.363682189564796, 2.7767439997120267, 2.835761392192476, 3.1589581176733517, 3.1241357402437053, 3.167983425650627, 2.7673760136221626, 2.7450244373576655, 2.8729464825551223, 2.570214638284817, 2.7133134041622187, 2.635203752548072, 2.891550564462212, 2.8374864189488114, 2.7486185101187153, 2.7887041090400357, 2.8318733721022395, 2.7664141692933004, 2.7680756453495876, 2.7662092682662283, 2.822909980063226, 2.936137403652167, 2.9013720469869626, 2.880286294183913, 2.947534059263339, 2.839500898768188, 2.8359951638871697, 2.854956341397231, 2.8846551119142276, 2.9607163994175614, 2.8414555021152377, 2.8681017699514983, 2.822368082726837, 2.844893049282633, 2.820503854447869, 2.9050873411688833, 2.8349418875518118, 2.8727674886679195, 2.9184376828989405, 2.990290146724434, 2.9355234249382263, 3.0063073331383383, 2.99587587680027, 3.0578344711072885, 2.989548144826464, 3.0238198322854983, 3.0251738489813107, 2.9374311919424945, 2.988445941809636], "val_acc": [0.17764729299363058, 0.09783041401273886, 0.23318073248407642, 0.3144904458598726, 0.357484076433121, 0.404359076433121, 0.4159036624203822, 0.48616640127388533, 0.4940286624203822, 0.512937898089172, 0.5392117834394905, 0.5001990445859873, 0.539609872611465, 0.5311504777070064, 0.5402070063694268, 0.5637937898089171, 0.5757364649681529, 0.5637937898089171, 0.5807125796178344, 0.5833001592356688, 0.5866839171974523, 0.5709593949044586, 0.5628980891719745, 0.5742436305732485, 0.5816082802547771, 0.5763335987261147, 0.5943471337579618, 0.5999203821656051, 0.5973328025477707, 0.5986265923566879, 0.5863853503184714, 0.6072850318471338, 0.6084792993630573, 0.6175358280254777, 0.6144506369426752, 0.6178343949044586, 0.6144506369426752, 0.6275875796178344, 0.6236066878980892, 0.6199243630573248, 0.616640127388535, 0.6198248407643312, 0.6103702229299363, 0.6102707006369427, 0.6084792993630573, 0.6184315286624203, 0.6151472929936306, 0.6187300955414012, 0.6310708598726115, 0.6238057324840764], "loss": [2.296155035495758, 2.2005241066217422, 1.7952866703271866, 1.1926848106086254, 0.7704792283475399, 0.46236354298889637, 0.40087368339300156, 0.34642858896404505, 0.30134038999676704, 0.24502106895670295, 0.26218344923108816, 0.2300889240577817, 0.2214685082435608, 0.1680156015790999, 0.17474644165486097, 0.1527650747448206, 0.1365886302664876, 0.14239511312916875, 0.1273667614441365, 0.11538187903352082, 0.10202870122157037, 0.103373933583498, 0.12223349150735885, 0.08521878847386688, 0.08776003564707935, 0.09124909446109086, 0.08177182357758284, 0.07912989729084074, 0.0819623174611479, 0.06429602310527116, 0.06212501379195601, 0.06564763281494379, 0.05209872615523636, 0.05515084124635905, 0.0585917949792929, 0.037285639089532197, 0.04341680428478867, 0.0440394087927416, 0.03362788783852011, 0.041481428139377385, 0.039128825650550425, 0.03991118696285412, 0.03688904014416039, 0.03498771938029677, 0.032930383284110576, 0.036115495138801634, 0.025855962507193908, 0.03871412092121318, 0.02073221985483542, 0.03031617298256606], "acc": [0.2041015625, 0.2919921875, 0.341796875, 0.658203125, 0.7509765625, 0.859375, 0.880859375, 0.8984375, 0.9091796875, 0.9189453125, 0.91796875, 0.9326171875, 0.9365234375, 0.953125, 0.9423828125, 0.947265625, 0.962890625, 0.95703125, 0.9580078125, 0.9638671875, 0.96875, 0.9736328125, 0.962890625, 0.9755859375, 0.970703125, 0.9716796875, 0.9736328125, 0.97265625, 0.9716796875, 0.9814453125, 0.9814453125, 0.978515625, 0.982421875, 0.9814453125, 0.9765625, 0.9892578125, 0.984375, 0.984375, 0.990234375, 0.9873046875, 0.984375, 0.990234375, 0.9853515625, 0.9892578125, 0.990234375, 0.9873046875, 0.9951171875, 0.990234375, 0.9912109375, 0.9921875], "test_loss": 2.983321278717867, "test_acc": 0.6290804140127388, "sample": "uniform"}