{"val_loss": [2.3009162116202577, 3.093839824579324, 4.086330921027311, 4.520209016313978, 3.794843561330419, 4.070606006938181, 4.559624579302065, 4.922069115243899, 4.739091037944624, 5.01685581996942, 4.650388710058419, 4.895351990013365, 5.225161374754207, 5.296599198298849, 5.349606676466146, 5.380782827450211, 5.655227194925782, 5.752726960334049, 5.749793432320759, 5.625225468046346, 5.792243421457376, 5.924040861190504, 5.854545240948914, 5.9586992111934975, 5.938299507092518, 6.128506306630031, 6.058386471620791, 6.117030511236495, 6.1700377206134185, 6.16829378589703, 6.152180322416269, 6.239180768371388, 6.186517211282329, 6.253845691680908, 6.251788865229127, 6.297853163093518, 6.299035658502275, 6.290793014939424, 6.316304073212253, 6.307188520006314, 6.334457878853865, 6.343431697529592, 6.363070123514552, 6.352130164006713, 6.359238557754808, 6.365056739491262, 6.393678674272671, 6.369733228804959, 6.402209652457268, 6.35700732431594], "val_acc": [0.0996218152866242, 0.21835191082802546, 0.2502985668789809, 0.2911027070063694, 0.3791799363057325, 0.43610668789808915, 0.4446656050955414, 0.47352707006369427, 0.4625796178343949, 0.49263535031847133, 0.538515127388535, 0.5164211783439491, 0.5431926751592356, 0.542296974522293, 0.5644904458598726, 0.5445859872611465, 0.5714570063694268, 0.5545382165605095, 0.5687699044585988, 0.5696656050955414, 0.5734474522292994, 0.5731488853503185, 0.5790207006369427, 0.5749402866242038, 0.5797173566878981, 0.5760350318471338, 0.5774283439490446, 0.5787221337579618, 0.5761345541401274, 0.5810111464968153, 0.5768312101910829, 0.578125, 0.5809116242038217, 0.5790207006369427, 0.5791202229299363, 0.5806130573248408, 0.5820063694267515, 0.5829020700636943, 0.5821058917197452, 0.5812101910828026, 0.5820063694267515, 0.5818073248407644, 0.5784235668789809, 0.581906847133758, 0.5829020700636943, 0.5835987261146497, 0.5810111464968153, 0.5813097133757962, 0.57921974522293, 0.584593949044586], "loss": [2.28237521648407, 1.9414683505892754, 1.4943724647164345, 1.2250382602214813, 0.9824646413326263, 0.6977478079497814, 0.5020327847450972, 0.42170765064656734, 0.4146043695509434, 0.3591798506677151, 0.32961415592581034, 0.3187322039157152, 0.25242501869797707, 0.2600604426115751, 0.21760708326473832, 0.2450822088867426, 0.16024471167474985, 0.2105217119678855, 0.1773055144585669, 0.19310180051252246, 0.15320703713223338, 0.12408306216821074, 0.1394881010055542, 0.1290630679577589, 0.10119503433816135, 0.09767305245622993, 0.12202653125859797, 0.09958319109864533, 0.09713548049330711, 0.09819665842223912, 0.0918088088510558, 0.08977267728187144, 0.07094769028481096, 0.07834404113236815, 0.0754395144758746, 0.06900084734661505, 0.0608015360776335, 0.0770625052973628, 0.0679912535706535, 0.06308732647448778, 0.05213979503605515, 0.0666755682323128, 0.047510300792055205, 0.05955802497919649, 0.049640855519101024, 0.0612242475617677, 0.04240847670007497, 0.03457253219676204, 0.037239788623992354, 0.04951100971084088], "acc": [0.1884765625, 0.26953125, 0.419921875, 0.533203125, 0.642578125, 0.7685546875, 0.833984375, 0.8642578125, 0.87109375, 0.8779296875, 0.8935546875, 0.904296875, 0.912109375, 0.9248046875, 0.9306640625, 0.923828125, 0.958984375, 0.935546875, 0.94921875, 0.943359375, 0.9541015625, 0.9599609375, 0.953125, 0.9560546875, 0.9619140625, 0.9677734375, 0.9677734375, 0.9658203125, 0.9697265625, 0.9716796875, 0.9755859375, 0.970703125, 0.98046875, 0.9755859375, 0.9775390625, 0.98046875, 0.9833984375, 0.97265625, 0.9794921875, 0.978515625, 0.982421875, 0.9765625, 0.990234375, 0.9833984375, 0.986328125, 0.9765625, 0.984375, 0.9892578125, 0.9892578125, 0.984375], "test_loss": 6.448233871702936, "test_acc": 0.5793192675159236, "sample": "error"}