{"val_loss": [2.2951925028661253, 2.3298782254480255, 2.2554721695602318, 1.952119591889108, 1.6704487086860997, 1.373902751761637, 1.5651430400313846, 0.9237626210139815, 1.3960494619266244, 1.1239799636944083, 1.0961439311504364, 1.1631711859991596, 1.215136424561215, 1.2581007667597692, 1.2726455597551005, 1.305393188052876, 1.3225498235529396, 1.3736173464044643, 1.4357188353492956, 1.6027564806922985, 1.3660126645473918, 1.5758100174794532, 1.5693395629430273, 1.5057790968448492, 1.5443459213918942, 1.5861319400322664, 1.5649803398521083, 1.595752401906214, 1.6352883040145705, 1.5679840766320563, 1.6096257466799135, 1.6003222076376533, 1.6310628159030987, 1.654295284087491, 1.6695433429851654, 1.6368213301631296, 1.778725572832071, 1.6959637665444878, 1.7204328210680349, 1.7828109850929041, 1.7132767744504722, 1.807934358810923, 1.7108296755772487, 1.7384250494325237, 1.77756329858379, 1.802019355972861, 1.7314958959628062, 1.7801121378400524, 1.8121304039362889, 1.80947982543593], "val_acc": [0.11305732484076433, 0.17048168789808918, 0.23059315286624205, 0.2581608280254777, 0.40067675159235666, 0.56359474522293, 0.5361265923566879, 0.7307921974522293, 0.674562101910828, 0.729796974522293, 0.7346735668789809, 0.7420382165605095, 0.7543789808917197, 0.7605493630573248, 0.7636345541401274, 0.7621417197452229, 0.7621417197452229, 0.7655254777070064, 0.7672173566878981, 0.7475119426751592, 0.7748805732484076, 0.7553742038216561, 0.7606488853503185, 0.7668192675159236, 0.7622412420382165, 0.7643312101910829, 0.7658240445859873, 0.7648288216560509, 0.7613455414012739, 0.7657245222929936, 0.7626393312101911, 0.7682125796178344, 0.7646297770700637, 0.7621417197452229, 0.7642316878980892, 0.7678144904458599, 0.7527866242038217, 0.7609474522292994, 0.7594546178343949, 0.7507961783439491, 0.761046974522293, 0.752687101910828, 0.7639331210191083, 0.7630374203821656, 0.7581608280254777, 0.758359872611465, 0.763734076433121, 0.7620421974522293, 0.7569665605095541, 0.7579617834394905], "loss": [2.2789901196956635, 2.183661550283432, 2.060209721326828, 1.7741322293877602, 1.412875883281231, 1.1053436733782291, 0.8019073456525803, 0.6117475461214781, 0.37830101046711206, 0.28545761574059725, 0.19505601935088634, 0.12766635697335005, 0.09739661077037454, 0.07678784523159266, 0.061521324096247554, 0.04456311103422195, 0.045851311238948256, 0.0188921561348252, 0.01784534109174274, 0.02278212137753144, 0.0219332788255997, 0.020396794396219775, 0.013437928195344284, 0.015745203345431946, 0.008613028971012682, 0.010377675913332496, 0.01603375950071495, 0.006707827087666374, 0.01096681971102953, 0.017172397288959473, 0.006031199045537505, 0.004324549314333126, 0.0059271437203278765, 0.00756365632332745, 0.00753673183862702, 0.006912475684657693, 0.009399244168889709, 0.006676430341030937, 0.006527847324832692, 0.01228275826179015, 0.0068312451512611005, 0.004439041615114547, 0.004326311438489938, 0.0029649349744431674, 0.0035484602085489314, 0.00396572076715529, 0.0023853770089772297, 0.002732451846895856, 0.009090787967579672, 0.0010847403991647298], "acc": [0.1494140625, 0.208984375, 0.302734375, 0.4306640625, 0.51953125, 0.650390625, 0.724609375, 0.7734375, 0.875, 0.91015625, 0.9384765625, 0.9658203125, 0.9697265625, 0.9765625, 0.984375, 0.9873046875, 0.9873046875, 0.99609375, 0.9970703125, 0.9912109375, 0.9951171875, 0.9970703125, 0.9970703125, 0.99609375, 1.0, 0.998046875, 0.99609375, 0.9990234375, 0.998046875, 0.994140625, 1.0, 1.0, 0.9990234375, 0.998046875, 0.9970703125, 0.998046875, 0.9951171875, 0.9990234375, 0.998046875, 0.9931640625, 0.9990234375, 1.0, 0.9990234375, 1.0, 0.998046875, 1.0, 1.0, 1.0, 0.998046875, 1.0], "test_loss": 1.761320131979171, "test_acc": 0.7631369426751592, "sample": "random"}