{"val_loss": [2.3002419076907406, 2.2982034880644195, 2.365649025910979, 2.3323784557877074, 2.282196498980188, 1.934865763992261, 1.5716620190128399, 1.3836985815102887, 1.0759646826109308, 1.0819434485617716, 0.8905640096421454, 0.7920045336340643, 0.7757484151679239, 0.7516514497577764, 0.7317536645064688, 0.7177185865154692, 0.7091236232192653, 0.7815075860281658, 0.6545762532645729, 0.5381718823199819, 0.5630172782453002, 0.4873569759593648, 0.5073398583728796, 0.5214535105427739, 0.5830739615069833, 0.607752829363012, 0.5298177919522592, 0.6064063273132987, 0.5228176032946368, 0.551757632831859, 0.5800587683441533, 0.5270092041012208, 0.5324062646906467, 0.544284954311172, 0.586603994202462, 0.5292622418303019, 0.6064988666208116, 0.5388666320426069, 0.5560361790903814, 0.5744274999044693, 0.516924527277992, 0.5911015302986856, 0.6356163218047968, 0.5905945302716865, 0.5682037178023606, 0.6156242555066659, 0.6143007166446395, 0.6418198621386935, 0.6533879225088912, 0.6461567926179071], "val_acc": [0.09394904458598727, 0.08907245222929937, 0.08927149681528662, 0.11873009554140128, 0.19974124203821655, 0.38554936305732485, 0.4304339171974522, 0.5227906050955414, 0.648984872611465, 0.6431130573248408, 0.7067078025477707, 0.7346735668789809, 0.7437300955414012, 0.7439291401273885, 0.7441281847133758, 0.7566679936305732, 0.7704020700636943, 0.7512937898089171, 0.7873208598726115, 0.8173765923566879, 0.8180732484076433, 0.84265525477707, 0.8325039808917197, 0.8351910828025477, 0.8291202229299363, 0.8238455414012739, 0.8413614649681529, 0.8334992038216561, 0.8480294585987261, 0.8398686305732485, 0.8329020700636943, 0.8505175159235668, 0.8520103503184714, 0.8473328025477707, 0.8471337579617835, 0.85828025477707, 0.8404657643312102, 0.8614649681528662, 0.8554936305732485, 0.8549960191082803, 0.8647492038216561, 0.8487261146496815, 0.8474323248407644, 0.8522093949044586, 0.859375, 0.8577826433121019, 0.8560907643312102, 0.854796974522293, 0.8513136942675159, 0.8525079617834395], "loss": [2.2996057718992233, 2.286141574382782, 2.2271267771720886, 2.158928707242012, 2.061090186238289, 1.8240712955594063, 1.4922877848148346, 1.2843449041247368, 1.0755894780158997, 0.9766839556396008, 0.8507890664041042, 0.7166060023009777, 0.6460480950772762, 0.6074726581573486, 0.5161408856511116, 0.4889715909957886, 0.40563701279461384, 0.3607164863497019, 0.34398507233709097, 0.3102412512525916, 0.25005219876766205, 0.2504426371306181, 0.2255715779028833, 0.17811042768880725, 0.19149384088814259, 0.17160182865336537, 0.15325138857588172, 0.14233879442326725, 0.1329497336409986, 0.12031572312116623, 0.1273132471833378, 0.10041180928237736, 0.10976788331754506, 0.0942651997320354, 0.08225985080935061, 0.0888271686853841, 0.06447811797261238, 0.06744933582376689, 0.06742745859082788, 0.05294943175977096, 0.06564401253126562, 0.057250569050665945, 0.069005461409688, 0.04069125303067267, 0.03671412236872129, 0.04627504071686417, 0.05043673812178895, 0.04047676990740001, 0.03486712629091926, 0.030465583069599234], "acc": [0.140625, 0.1875, 0.1875, 0.1904296875, 0.3056640625, 0.4013671875, 0.5234375, 0.5703125, 0.6572265625, 0.6943359375, 0.7236328125, 0.771484375, 0.7890625, 0.80078125, 0.8291015625, 0.8486328125, 0.8701171875, 0.8818359375, 0.89453125, 0.8984375, 0.91015625, 0.9130859375, 0.927734375, 0.9384765625, 0.9287109375, 0.9443359375, 0.9501953125, 0.9560546875, 0.9619140625, 0.9560546875, 0.958984375, 0.9716796875, 0.95703125, 0.96875, 0.974609375, 0.9716796875, 0.9814453125, 0.982421875, 0.9794921875, 0.9853515625, 0.978515625, 0.98046875, 0.974609375, 0.9912109375, 0.990234375, 0.9853515625, 0.9794921875, 0.98828125, 0.9892578125, 0.990234375], "test_loss": 0.5805552460632886, "test_acc": 0.8611664012738853, "sample": "uniform-cluster"}