{"val_loss": [2.2988472394882495, 2.361593667109301, 2.3875852997895257, 2.1684653622329613, 1.752516611366515, 1.443066672914347, 1.1513351513321992, 1.043176539574459, 1.0519121621444727, 1.019271122422188, 1.2712455156502451, 1.2047363798709432, 1.2761463371052104, 1.4009673120869193, 1.5566414826235193, 1.5107421206820542, 1.527639098797634, 1.4698976219459703, 1.5089690056955738, 1.5989109425787713, 1.6001367751200488, 1.5841682260962808, 1.706837983078258, 1.6290326927118242, 1.772692130059953, 1.7981583616536134, 1.7225104374870372, 1.7751852742805603, 1.7315283005784272, 1.8722657709364678, 1.8535466468448092, 1.85703630697955, 1.8800283723576054, 1.8241010342433954, 1.9254526324143075, 1.9076116259690303, 1.9790444639837665, 1.908097660465605, 1.8327877325996471, 1.8526865344518308, 1.8844661268459004, 1.8603962868641897, 1.896380022452895, 1.8723345920918093, 1.9880074249331359, 1.94561465454709, 2.137690642836747, 1.9139914406333, 1.9275612743796817, 1.901745239640497], "val_acc": [0.09842754777070063, 0.24721337579617833, 0.3627587579617834, 0.33738057324840764, 0.45063694267515925, 0.5, 0.6160429936305732, 0.6803343949044586, 0.7016321656050956, 0.7172571656050956, 0.7223328025477707, 0.7333797770700637, 0.7395501592356688, 0.7325835987261147, 0.7183519108280255, 0.7421377388535032, 0.7421377388535032, 0.7437300955414012, 0.7442277070063694, 0.7280055732484076, 0.7439291401273885, 0.7474124203821656, 0.7485071656050956, 0.748109076433121, 0.7399482484076433, 0.7364649681528662, 0.7472133757961783, 0.7480095541401274, 0.7479100318471338, 0.7366640127388535, 0.7386544585987261, 0.742734872611465, 0.7386544585987261, 0.7425358280254777, 0.7352707006369427, 0.7431329617834395, 0.7424363057324841, 0.7431329617834395, 0.7517914012738853, 0.7508957006369427, 0.7499004777070064, 0.7507961783439491, 0.7498009554140127, 0.7485071656050956, 0.7403463375796179, 0.7458200636942676, 0.7355692675159236, 0.7477109872611465, 0.7488057324840764, 0.7512937898089171], "loss": [2.287630096077919, 2.197371393442154, 2.052453115582466, 1.840977981686592, 1.388931192457676, 1.0272776819765568, 0.7586202211678028, 0.5175237022340298, 0.3295855727046728, 0.22998952772468328, 0.11976304766722023, 0.12011735420674086, 0.05848220468033105, 0.047335381736047566, 0.043610190332401544, 0.025305581570137292, 0.019416010763961822, 0.03799660757067613, 0.018476542638381943, 0.01719788374612108, 0.011432914179749787, 0.010916730592725798, 0.007029160777165089, 0.00964422116521746, 0.005984329975035507, 0.009223970249877311, 0.006726266045006923, 0.005917835856962483, 0.0064862338185776025, 0.004346260458987672, 0.007842331360734534, 0.0047625210718251765, 0.005201217412832193, 0.003136299736070214, 0.0035757599071075674, 0.0023792891479388345, 0.0031284052383853123, 0.0029945915484859142, 0.004288381271180697, 0.0033131148647953523, 0.00341209862017422, 0.004271585170499748, 0.0014894630076014437, 0.002889024824980879, 0.001423030147634563, 0.0034257302268088097, 0.006733103467922774, 0.003620891093305545, 0.0020729063744511222, 0.0022511334618684486], "acc": [0.1572265625, 0.1953125, 0.3671875, 0.458984375, 0.5546875, 0.6513671875, 0.73046875, 0.8193359375, 0.888671875, 0.9306640625, 0.9697265625, 0.966796875, 0.9873046875, 0.9853515625, 0.9892578125, 0.99609375, 0.99609375, 0.986328125, 0.9970703125, 0.998046875, 0.9970703125, 0.9970703125, 1.0, 0.9970703125, 0.9990234375, 0.9970703125, 0.9990234375, 0.9990234375, 0.998046875, 1.0, 0.998046875, 0.9990234375, 0.998046875, 0.9990234375, 0.9990234375, 1.0, 0.9990234375, 1.0, 0.9990234375, 0.9990234375, 0.9990234375, 0.9990234375, 1.0, 1.0, 1.0, 0.9990234375, 0.9970703125, 0.998046875, 1.0, 1.0], "test_loss": 1.83766129527502, "test_acc": 0.7616441082802548, "sample": "random"}