{"val_loss": [2.2961915450490964, 2.2851626705971495, 2.2575943773719156, 2.0159007060300014, 1.5765890376583027, 1.2305268743994888, 0.7905760931361253, 0.7860515012293104, 0.801428890152342, 0.6476655083287294, 0.658873576125142, 0.8488055338525469, 0.7555838189544571, 0.7808727941410557, 0.8228009056038917, 0.7928545922218899, 0.8497953313717227, 0.8771780741276445, 0.9677229316869549, 0.8581475926812288, 0.9140136085071002, 0.8828844317727408, 0.9865819434991261, 0.9258967405214763, 0.9625025831287501, 0.9924039998311242, 1.0016020151377198, 0.9668219673957462, 1.0564098731840066, 1.013023048320453, 1.0013920107565726, 1.033082023740503, 1.0488443600360873, 1.0097730565522531, 1.0141360860400994, 1.0368251458320552, 1.0369421440654192, 1.0603441564739937, 0.9882942652300143, 1.054841361303701, 1.0634700154639471, 1.0266458748893184, 1.124484302007421, 1.0781180691151957, 1.0859917723202994, 1.1207779866664012, 1.0636814670773687, 1.089840665990546, 1.0629207540813619, 1.057130010200184], "val_acc": [0.14022691082802546, 0.11136544585987261, 0.21108678343949044, 0.4181926751592357, 0.41878980891719747, 0.6234076433121019, 0.7338773885350318, 0.7504976114649682, 0.7661226114649682, 0.8042396496815286, 0.8088176751592356, 0.7790605095541401, 0.8029458598726115, 0.8090167197452229, 0.8067277070063694, 0.8144904458598726, 0.8129976114649682, 0.8150875796178344, 0.801453025477707, 0.8172770700636943, 0.8096138535031847, 0.818172770700637, 0.8078224522292994, 0.8153861464968153, 0.8152866242038217, 0.8099124203821656, 0.8109076433121019, 0.8174761146496815, 0.8063296178343949, 0.8123009554140127, 0.8140923566878981, 0.8110071656050956, 0.8107085987261147, 0.8168789808917197, 0.8158837579617835, 0.8148885350318471, 0.8161823248407644, 0.8138933121019108, 0.8202627388535032, 0.8128980891719745, 0.8166799363057324, 0.8200636942675159, 0.8103105095541401, 0.8144904458598726, 0.8141918789808917, 0.8097133757961783, 0.8198646496815286, 0.8175756369426752, 0.8185708598726115, 0.8185708598726115], "loss": [2.2936260104179382, 2.268180638551712, 2.212705761194229, 2.0840936675667763, 1.5388936176896095, 1.02029350399971, 0.7158699277788401, 0.49418201483786106, 0.3056151922792196, 0.21928421361371875, 0.12786455126479268, 0.13271319400519133, 0.08009235630743206, 0.04566239076666534, 0.042252281855326146, 0.016212566464673728, 0.01487580972025171, 0.011165889940457419, 0.021010058058891445, 0.017846734408522025, 0.017579804778506514, 0.006916573489434086, 0.009579481760738418, 0.008370190233108588, 0.011743984476197511, 0.010434689582325518, 0.006972732022404671, 0.005219378632318694, 0.00467413312435383, 0.005771933701907983, 0.003171658914652653, 0.005834678326209541, 0.0026904643345915247, 0.003657584771644906, 0.0034670663299039006, 0.002430900487524923, 0.002779122527499567, 0.003933444804715691, 0.005470752446854021, 0.002556257919422933, 0.0030430011393036693, 0.0026526675355853513, 0.0036733339857164538, 0.0023132474889280275, 0.002341470113606192, 0.006824312340540928, 0.0074044625434908085, 0.0024699289788259193, 0.003098187526120455, 0.0017971104944081162], "acc": [0.140625, 0.1708984375, 0.197265625, 0.3154296875, 0.55078125, 0.6796875, 0.7626953125, 0.8369140625, 0.892578125, 0.9287109375, 0.96484375, 0.9619140625, 0.982421875, 0.994140625, 0.9892578125, 1.0, 0.998046875, 1.0, 0.9912109375, 0.99609375, 0.9951171875, 0.9990234375, 0.998046875, 0.9990234375, 0.99609375, 0.998046875, 0.9990234375, 1.0, 1.0, 0.9990234375, 1.0, 0.998046875, 1.0, 0.9990234375, 0.9990234375, 1.0, 1.0, 0.9990234375, 0.998046875, 1.0, 0.9990234375, 1.0, 0.9990234375, 1.0, 1.0, 0.9970703125, 0.998046875, 0.9990234375, 0.9990234375, 1.0], "test_loss": 0.9928950576740465, "test_acc": 0.8273288216560509, "sample": "random"}