{"val_loss": [2.3006533133755824, 2.299873891150116, 2.473684872791266, 2.4277577415393417, 2.051909461902205, 1.9548946004004994, 1.769233822063276, 1.4210819135046309, 1.3174667081255822, 1.4866839449876432, 1.9082581283180577, 1.666459533059673, 1.4293588897225205, 1.4469974906581222, 1.6529243723222404, 1.8300997144097735, 1.6652757301452055, 1.9011326242404378, 1.8936643894690617, 1.9570591529463506, 2.003588109259393, 1.9825586304543124, 2.093257435188172, 2.1146114779885408, 2.151633722387302, 2.169381917661922, 2.296584852182182, 2.267251915612798, 2.345143424097899, 2.213844951550672, 2.3868462280103357, 2.372405903734219, 2.245161075121278, 2.42357571489492, 2.3703040142727505, 2.4939411958311775, 2.4083622621882492, 2.4047686829688444, 2.4809823404451845, 2.4827880157027273, 2.516783122803755, 2.428257134689647, 2.394984003464887, 2.3864298030069677, 2.3497355986552635, 2.4890216752222387, 2.5762050227754436, 2.5585189123821865, 2.4281832655523994, 2.5721784416277695], "val_acc": [0.12898089171974522, 0.09842754777070063, 0.09842754777070063, 0.28134952229299365, 0.38326035031847133, 0.31468949044585987, 0.4478503184713376, 0.5421974522292994, 0.5869824840764332, 0.5941480891719745, 0.5489649681528662, 0.6149482484076433, 0.6432125796178344, 0.660031847133758, 0.6541600318471338, 0.6501791401273885, 0.6669984076433121, 0.6508757961783439, 0.6518710191082803, 0.6556528662420382, 0.6670979299363057, 0.6696855095541401, 0.6642117834394905, 0.6692874203821656, 0.6685907643312102, 0.6711783439490446, 0.6636146496815286, 0.6628184713375797, 0.6622213375796179, 0.6690883757961783, 0.6641122611464968, 0.6671974522292994, 0.6692874203821656, 0.6613256369426752, 0.6698845541401274, 0.6575437898089171, 0.6700835987261147, 0.6687898089171974, 0.6604299363057324, 0.6636146496815286, 0.666202229299363, 0.6649084394904459, 0.6722730891719745, 0.6796377388535032, 0.6777468152866242, 0.6716759554140127, 0.6651074840764332, 0.6687898089171974, 0.677547770700637, 0.6692874203821656], "loss": [2.2989486306905746, 2.2796928137540817, 2.1504043489694595, 1.99964040517807, 1.7070819959044456, 1.393110103905201, 1.1571704111993313, 0.9509892649948597, 0.7424201183021069, 0.5758116543292999, 0.38005859963595867, 0.389956877566874, 0.2651444664224982, 0.18782074004411697, 0.09557463484816253, 0.09366616350598633, 0.09223899804055691, 0.08668537391349673, 0.04992613918147981, 0.03541686455719173, 0.02686277189059183, 0.026559279853245243, 0.024491634976584464, 0.016213794006034732, 0.011704404663760215, 0.01634542999090627, 0.019557390376576222, 0.017325144213828025, 0.010705590408178978, 0.006936697478522547, 0.013039477780694142, 0.0062962171286926605, 0.007983435803907923, 0.0035119065432809293, 0.006348586051899474, 0.00894769898877712, 0.008612075227574678, 0.0047159605819615535, 0.006218548223841935, 0.006451370358263375, 0.005390313031966798, 0.008827474841382354, 0.003010166823514737, 0.003573853167836205, 0.00494065980456071, 0.0053971637280483264, 0.0041893150337273255, 0.007586063089547679, 0.007060003114020219, 0.006746764549461659], "acc": [0.16796875, 0.23046875, 0.21875, 0.279296875, 0.4775390625, 0.5478515625, 0.6220703125, 0.6806640625, 0.7421875, 0.8037109375, 0.859375, 0.875, 0.9072265625, 0.9326171875, 0.9697265625, 0.9736328125, 0.974609375, 0.97265625, 0.9853515625, 0.9921875, 0.9912109375, 0.994140625, 0.9921875, 0.9951171875, 0.9970703125, 0.9951171875, 0.99609375, 0.9912109375, 0.9970703125, 0.9990234375, 0.9970703125, 0.9990234375, 0.998046875, 1.0, 0.9990234375, 0.998046875, 0.9990234375, 0.9990234375, 0.9990234375, 0.998046875, 0.9990234375, 0.9970703125, 1.0, 1.0, 0.9990234375, 0.9970703125, 0.9990234375, 0.9970703125, 0.998046875, 0.9970703125], "test_loss": 2.5921631481996767, "test_acc": 0.6650079617834395, "sample": "multi-normal"}