{"val_loss": [2.300659689933631, 2.2988436404307175, 2.3013177024331064, 2.2939383133201843, 2.169090223919814, 1.7560105354163298, 1.4924003060456295, 1.5120488553290155, 1.443726094285394, 1.3930278864635783, 1.5600192740464667, 1.8999202631081744, 2.221908175641564, 1.9480197649852486, 2.0868063178032066, 2.2437616355100256, 2.340994476512739, 2.3359629409328386, 2.4460051970876706, 2.566128977165101, 2.5386875059194627, 2.6250187158584595, 2.5055819628344977, 2.764411878054309, 2.6170305028842513, 2.7295688755193335, 2.6980550380269435, 2.776337926554832, 2.8660819507708215, 2.915457438511454, 2.9144651221621567, 2.9080264537957063, 2.8787948777721186, 2.9197136065003217, 2.9843696052101767, 2.9064441103084833, 2.870120939935089, 2.976180869682579, 2.940806289767004, 2.8631659104565905, 2.9322972350819096, 2.9360184437909704, 2.956433964383071, 2.9798555985377853, 3.054298245603112, 3.043003337398456, 3.065916051530534, 3.0394407077959387, 3.040069766485008, 3.009238022907524], "val_acc": [0.10260748407643312, 0.10310509554140128, 0.10300557324840764, 0.13355891719745222, 0.32663216560509556, 0.38505175159235666, 0.4581011146496815, 0.5362261146496815, 0.5702627388535032, 0.6440087579617835, 0.6556528662420382, 0.6127587579617835, 0.6482882165605095, 0.6698845541401274, 0.6690883757961783, 0.6682921974522293, 0.6677945859872612, 0.6690883757961783, 0.6704816878980892, 0.6631170382165605, 0.6698845541401274, 0.6694864649681529, 0.6750597133757962, 0.6609275477707006, 0.6697850318471338, 0.6674960191082803, 0.6688893312101911, 0.6679936305732485, 0.6626194267515924, 0.6621218152866242, 0.6631170382165605, 0.6655055732484076, 0.6701831210191083, 0.6675955414012739, 0.666202229299363, 0.6682921974522293, 0.675656847133758, 0.6681926751592356, 0.6709792993630573, 0.6766520700636943, 0.6747611464968153, 0.6716759554140127, 0.6719745222929936, 0.6706807324840764, 0.6639132165605095, 0.6690883757961783, 0.6681926751592356, 0.6704816878980892, 0.6716759554140127, 0.67296974522293], "loss": [2.3000577837228775, 2.289914757013321, 2.2672232389450073, 2.2305596619844437, 2.1428464502096176, 1.8369445279240608, 1.3933646865189075, 1.0072520300745964, 0.6994964368641376, 0.554854292422533, 0.38218069542199373, 0.19430615194141865, 0.10031263343989849, 0.10333351162262261, 0.057969770627096295, 0.039492218173108995, 0.01621929233078845, 0.025644603127148002, 0.012495346105424687, 0.013433839354547672, 0.009507998416665941, 0.009080065879970789, 0.01519623449712526, 0.011315146388369612, 0.00864001095033018, 0.003784414551773807, 0.003540054225595668, 0.004574329272145405, 0.0031729029687994625, 0.0063239810988307, 0.0030420252987823915, 0.0028443765877455007, 0.002648359255545074, 0.002493400785169797, 0.002869372447094065, 0.0016930363162828144, 0.0020158748266112525, 0.0054252786649158224, 0.0030020594622328645, 0.0022842797116027214, 0.001784936717740493, 0.0019040682982449653, 0.0032640875169818173, 0.0014838668485026574, 0.00443969350453699, 0.0011788690280809533, 0.0013042567916272674, 0.0016514289900442236, 0.001266438178390672, 0.0008687561194165028], "acc": [0.10546875, 0.1572265625, 0.166015625, 0.158203125, 0.279296875, 0.384765625, 0.5322265625, 0.673828125, 0.7646484375, 0.8193359375, 0.87890625, 0.94921875, 0.98046875, 0.9736328125, 0.9873046875, 0.9931640625, 1.0, 0.994140625, 0.9990234375, 0.998046875, 1.0, 0.998046875, 0.9951171875, 0.9990234375, 0.9990234375, 1.0, 1.0, 1.0, 1.0, 0.998046875, 1.0, 1.0, 1.0, 1.0, 1.0, 1.0, 1.0, 0.9990234375, 0.9990234375, 1.0, 1.0, 1.0, 0.9990234375, 1.0, 0.9990234375, 1.0, 1.0, 1.0, 1.0, 1.0], "test_loss": 2.6261103422778427, "test_acc": 0.699343152866242, "sample": "multi-normal"}