{"val_loss": [2.3000261677298575, 2.2936435778429556, 2.2827447265576404, 2.2020152830014563, 1.7101102011978246, 1.1404110276774995, 1.197481323199667, 0.803810950297459, 0.8602541607276649, 0.682790495502721, 0.587082108779318, 0.6698244028030687, 0.515405792529416, 0.431621610881037, 0.423242070824857, 0.4040933073895752, 0.5057941272759893, 0.39638874447269806, 0.36877594573814776, 0.38348488001876574, 0.39189831281353715, 0.32200802785528315, 0.36203827298465807, 0.35788492277074774, 0.32415000797741733, 0.366674409787746, 0.3578958449837793, 0.31061839436886796, 0.3304396142625505, 0.3144402551067293, 0.3837602679813459, 0.3393320388925873, 0.3110649238405809, 0.32177872516831774, 0.3557546714997026, 0.33166182614198536, 0.326167658060362, 0.33680747543123496, 0.35537289300708064, 0.312117881797088, 0.3474771266411634, 0.32122751309649106, 0.3465986830763709, 0.3321422826214011, 0.33116001939507805, 0.3406950374116089, 0.34746409515452803, 0.3394572611684632, 0.3413745630591823, 0.34673547001175914], "val_acc": [0.1520700636942675, 0.2092953821656051, 0.26293789808917195, 0.2737858280254777, 0.42466162420382164, 0.6544585987261147, 0.6119625796178344, 0.7509952229299363, 0.7079020700636943, 0.7729896496815286, 0.8132961783439491, 0.7849323248407644, 0.8303144904458599, 0.8642515923566879, 0.8635549363057324, 0.8736066878980892, 0.8336982484076433, 0.8706210191082803, 0.884156050955414, 0.8771894904458599, 0.8678343949044586, 0.9006767515923567, 0.8826632165605095, 0.886046974522293, 0.9014729299363057, 0.8861464968152867, 0.8932125796178344, 0.9093351910828026, 0.9047571656050956, 0.9112261146496815, 0.884952229299363, 0.9049562101910829, 0.9152070063694268, 0.9059514331210191, 0.900577229299363, 0.9070461783439491, 0.9111265923566879, 0.9082404458598726, 0.9066480891719745, 0.9160031847133758, 0.9048566878980892, 0.9123208598726115, 0.9113256369426752, 0.9149084394904459, 0.9121218152866242, 0.9079418789808917, 0.9131170382165605, 0.9151074840764332, 0.9150079617834395, 0.9145103503184714], "loss": [2.296567365527153, 2.2787437438964844, 2.230713367462158, 2.0877113193273544, 1.761879414319992, 1.4046994894742966, 1.1681000553071499, 0.9640160799026489, 0.8337693326175213, 0.7131513357162476, 0.6532247047871351, 0.5834679398685694, 0.5069350134581327, 0.48540193401277065, 0.4197277668863535, 0.4114040117710829, 0.35038255620747805, 0.3144179927185178, 0.29506876319646835, 0.23769295495003462, 0.25793866254389286, 0.24522459134459496, 0.20475426083430648, 0.19526858581230044, 0.1814511576667428, 0.165335223544389, 0.14237967412918806, 0.1471845507621765, 0.11931137111969292, 0.15709967515431345, 0.10304211569018662, 0.11521434341557324, 0.11584080313332379, 0.10027111764065921, 0.0958497894462198, 0.09587176365312189, 0.06862857914529741, 0.09546282212249935, 0.06760679627768695, 0.08535044966265559, 0.07551055098883808, 0.08755409030709416, 0.05593962280545384, 0.05676355352625251, 0.06587013078387827, 0.06158444029279053, 0.04782249534036964, 0.051529940916225314, 0.04781097872182727, 0.037207198329269886], "acc": [0.16796875, 0.2783203125, 0.3349609375, 0.38671875, 0.42578125, 0.5341796875, 0.6103515625, 0.681640625, 0.7294921875, 0.767578125, 0.7890625, 0.814453125, 0.8427734375, 0.8427734375, 0.873046875, 0.865234375, 0.8701171875, 0.8955078125, 0.90234375, 0.9287109375, 0.91796875, 0.9189453125, 0.931640625, 0.931640625, 0.935546875, 0.9462890625, 0.9482421875, 0.9443359375, 0.9638671875, 0.94140625, 0.9677734375, 0.955078125, 0.958984375, 0.966796875, 0.9697265625, 0.970703125, 0.9775390625, 0.9677734375, 0.9775390625, 0.974609375, 0.9697265625, 0.9697265625, 0.98046875, 0.9814453125, 0.9775390625, 0.9775390625, 0.9853515625, 0.9892578125, 0.9833984375, 0.9892578125], "test_loss": 0.31951423747476876, "test_acc": 0.9171974522292994, "sample": "normal"}