{"val_loss": [2.3017701419295777, 2.4108595392506595, 2.434961270374857, 2.303853206573778, 1.9736574819892834, 1.542069823119291, 1.543608724691306, 1.5386879280873924, 1.6650463247754772, 1.9072630591453261, 2.030557082337179, 2.00849310341914, 1.9057154890837942, 2.239569366737536, 2.234909885628208, 2.4194933798662417, 2.3897901541867834, 2.552003251139525, 2.519494585930162, 2.564471448303028, 2.6758019088939498, 2.763559503540112, 2.688825099331558, 2.713229873377806, 2.8103377462192705, 2.8617056638571867, 2.887361845772737, 2.9203396781234985, 2.9760077576728383, 3.015139885009474, 3.0016963261707574, 2.999580871527362, 3.0034650564193726, 3.0335751957954114, 3.076344364767621, 3.0572506227311056, 3.0739109447807262, 3.1083805090302876, 3.029873390865933, 3.1205618829484196, 3.056557241518786, 3.058705364822582, 3.147456552572311, 3.112416785993394, 3.144699988851122, 3.151886288147823, 3.1143635883452787, 3.166166839326263, 3.1474502648517584, 3.1555689827651734], "val_acc": [0.1032046178343949, 0.10300557324840764, 0.18312101910828024, 0.17078025477707007, 0.3244426751592357, 0.47123805732484075, 0.4950238853503185, 0.5887738853503185, 0.6065883757961783, 0.5936504777070064, 0.6036027070063694, 0.6121616242038217, 0.6317675159235668, 0.6258957006369427, 0.6380374203821656, 0.6345541401273885, 0.6278861464968153, 0.6291799363057324, 0.6258957006369427, 0.6273885350318471, 0.6170382165605095, 0.6031050955414012, 0.6332603503184714, 0.6323646496815286, 0.630672770700637, 0.6253980891719745, 0.6279856687898089, 0.6302746815286624, 0.6238057324840764, 0.6181329617834395, 0.623109076433121, 0.6330613057324841, 0.6304737261146497, 0.631468949044586, 0.6265923566878981, 0.6252985668789809, 0.6355493630573248, 0.6351512738853503, 0.6328622611464968, 0.6289808917197452, 0.6373407643312102, 0.6376393312101911, 0.6297770700636943, 0.6343550955414012, 0.6328622611464968, 0.6312699044585988, 0.637937898089172, 0.6324641719745223, 0.6389331210191083, 0.6391321656050956], "loss": [2.294660270214081, 2.191820204257965, 1.9782958179712296, 1.7293014153838158, 1.332487367093563, 0.9967867471277714, 0.6967163160443306, 0.4269054941833019, 0.28965275175869465, 0.19305437291041017, 0.1344356674235314, 0.11819054931402206, 0.11978764040395617, 0.0387304003816098, 0.04125487629789859, 0.03835669899126515, 0.037222600425593555, 0.015067368280142546, 0.023869860437116586, 0.01812522319960408, 0.01598580917925574, 0.016403314977651462, 0.01303758220456075, 0.017835420614574105, 0.013121540403517429, 0.006802472868002951, 0.006933677082997747, 0.004574002465233207, 0.007859660167014226, 0.01075732701428933, 0.0062341269658645615, 0.009323571248387452, 0.006640026629611384, 0.002945596141216811, 0.005892179637157824, 0.006308719821390696, 0.004336948259151541, 0.004409299024700886, 0.0023623746455996297, 0.00482386719158967, 0.0045415269742079545, 0.005043697276050807, 0.0028177799613331445, 0.004537075943517266, 0.00402861604015925, 0.0038330747302097734, 0.004751902384668938, 0.0028978055524930824, 0.004516969953328953, 0.0034070637357217493], "acc": [0.1806640625, 0.2314453125, 0.3076171875, 0.4384765625, 0.5107421875, 0.6708984375, 0.7607421875, 0.8544921875, 0.9111328125, 0.935546875, 0.958984375, 0.962890625, 0.9609375, 0.9931640625, 0.9912109375, 0.986328125, 0.9853515625, 0.998046875, 0.9921875, 0.9970703125, 0.99609375, 0.9951171875, 0.99609375, 0.9970703125, 0.998046875, 0.9990234375, 1.0, 1.0, 0.998046875, 0.9951171875, 0.9990234375, 0.998046875, 0.998046875, 1.0, 0.9990234375, 0.9990234375, 0.9990234375, 0.998046875, 1.0, 0.9970703125, 0.9990234375, 0.9990234375, 1.0, 0.998046875, 0.9990234375, 0.9990234375, 0.998046875, 1.0, 0.998046875, 0.998046875], "test_loss": 3.1481941945993217, "test_acc": 0.6525676751592356, "sample": "normal-cluster"}