{"val_loss": [2.2962374064573057, 2.285789151100596, 2.2488213557346612, 1.9433517676250192, 1.437501016695788, 1.2868289704535418, 1.135806718829331, 0.896011620759964, 0.8730359500760485, 0.8796730740055158, 0.7825985143708575, 1.059119055795062, 0.9172418569303622, 0.8094064245937737, 0.8861635395675708, 0.9296207013213711, 0.9459082782268524, 1.010596661431015, 1.084009653823391, 1.0437137849961118, 1.0238273096312382, 1.0589153183398732, 1.1056635213695514, 1.157525566400616, 1.1266820716914858, 1.128111659483925, 1.1278181505051388, 1.1463464347610048, 1.1540631285518597, 1.3230651068459651, 1.184898746051606, 1.147924329492317, 1.1836725585399919, 1.23717901438095, 1.240475583228336, 1.275574661554045, 1.233155532437525, 1.1667964856146247, 1.202398763720397, 1.201185329419792, 1.2371430403677521, 1.2528330615371654, 1.2222823766386433, 1.238471257174091, 1.2412834631124878, 1.2470908877291498, 1.2667730317753592, 1.2569681175385312, 1.296623821755883, 1.2824847974405167], "val_acc": [0.11345541401273886, 0.13166799363057324, 0.1506767515923567, 0.288515127388535, 0.5280652866242038, 0.544187898089172, 0.598328025477707, 0.7041202229299363, 0.6980493630573248, 0.71765525477707, 0.7603503184713376, 0.7014331210191083, 0.7319864649681529, 0.7806528662420382, 0.7744824840764332, 0.7796576433121019, 0.7872213375796179, 0.7776671974522293, 0.7659235668789809, 0.7815485668789809, 0.7937898089171974, 0.7842356687898089, 0.78015525477707, 0.7701035031847133, 0.7807523885350318, 0.78015525477707, 0.7841361464968153, 0.7830414012738853, 0.7818471337579618, 0.7605493630573248, 0.7833399681528662, 0.7897093949044586, 0.7860270700636943, 0.7780652866242038, 0.7784633757961783, 0.7736863057324841, 0.7875199044585988, 0.7990644904458599, 0.7925955414012739, 0.7937898089171974, 0.7880175159235668, 0.7899084394904459, 0.7907046178343949, 0.7892117834394905, 0.7895103503184714, 0.791202229299363, 0.7864251592356688, 0.7916003184713376, 0.7836385350318471, 0.787718949044586], "loss": [2.291698306798935, 2.2660517543554306, 2.2177863717079163, 2.086251601576805, 1.6441696807742119, 1.3162010535597801, 1.0639223456382751, 0.7988658435642719, 0.6738310717046261, 0.4885829873383045, 0.39368994161486626, 0.2605675011873245, 0.25175321847200394, 0.13360448693856597, 0.06748664239421487, 0.06003050389699638, 0.03614308207761496, 0.036659354489529505, 0.023392426606733352, 0.024120555084664375, 0.017196104512549937, 0.01953937011421658, 0.01152532798005268, 0.011024763691239059, 0.021563528629485518, 0.010575786553090438, 0.011585975618800148, 0.007184999572928064, 0.004972588034434011, 0.007485310634365305, 0.005296612667734735, 0.005343513366824482, 0.0032083331534522586, 0.005833965980855282, 0.0041650440616649576, 0.003243062223191373, 0.004769659113662783, 0.005208484153627069, 0.003412942875002045, 0.0026484194095246494, 0.0036002050146635156, 0.009541227040244848, 0.00523033300487441, 0.0020625451652449556, 0.0028660686148214154, 0.0024398141431447584, 0.002197566209360957, 0.0043709535675588995, 0.0018335017084609717, 0.0018654032646736596], "acc": [0.1416015625, 0.169921875, 0.1962890625, 0.3046875, 0.4462890625, 0.533203125, 0.6435546875, 0.7265625, 0.7744140625, 0.8310546875, 0.876953125, 0.921875, 0.9248046875, 0.96484375, 0.990234375, 0.982421875, 0.99609375, 0.9921875, 0.99609375, 0.9970703125, 0.9990234375, 0.99609375, 0.9990234375, 0.9990234375, 0.9951171875, 0.9990234375, 0.99609375, 0.9990234375, 0.9990234375, 0.9990234375, 1.0, 1.0, 1.0, 0.998046875, 1.0, 1.0, 0.9990234375, 0.998046875, 1.0, 1.0, 0.9990234375, 0.998046875, 0.9990234375, 1.0, 1.0, 1.0, 1.0, 0.9990234375, 1.0, 1.0], "test_loss": 1.1696681749953586, "test_acc": 0.8019506369426752, "sample": "normal-cluster"}