{"val_loss": [2.3014627323029146, 2.2984701918948227, 2.293125422896853, 2.2725886630404526, 1.927422604743083, 1.45339749079601, 1.0772029193723278, 1.0668571965329965, 1.0635483976762006, 1.0276165051255257, 1.0297279378790765, 1.1200317117818601, 1.1633343939568586, 1.2104207898970623, 1.2965032617757275, 1.2960989900455353, 1.3270964874963092, 1.4114869426769816, 1.4567674371846921, 1.4341033697128296, 1.458986292029642, 1.49716151444016, 1.5471240151080357, 1.506466858800809, 1.5378253763648355, 1.5390518702519167, 1.5223690719361518, 1.5928632556253177, 1.5733151561135699, 1.5305600486173752, 1.5854935173396092, 1.599762864458333, 1.5767528932944985, 1.589536022703359, 1.5940557173482932, 1.567679723072204, 1.5996342510174795, 1.671176067962768, 1.6307148751179883, 1.669868208610328, 1.661467063199183, 1.6857127066060995, 1.6299392546817755, 1.5977722946435782, 1.614131188886181, 1.6065882849655333, 1.6223241058504505, 1.617920253117373, 1.617581967905069, 1.6546438769170433], "val_acc": [0.10818073248407643, 0.18819665605095542, 0.2701035031847134, 0.2883160828025478, 0.4082404458598726, 0.5036823248407644, 0.643312101910828, 0.6797372611464968, 0.713077229299363, 0.7321855095541401, 0.7560708598726115, 0.758359872611465, 0.7717953821656051, 0.7665207006369427, 0.7606488853503185, 0.7745820063694268, 0.7758757961783439, 0.7674164012738853, 0.7705015923566879, 0.773984872611465, 0.7764729299363057, 0.7737858280254777, 0.7710987261146497, 0.7769705414012739, 0.7721934713375797, 0.776671974522293, 0.7784633757961783, 0.7743829617834395, 0.7714968152866242, 0.7807523885350318, 0.7781648089171974, 0.7759753184713376, 0.7781648089171974, 0.7792595541401274, 0.7802547770700637, 0.7822452229299363, 0.7784633757961783, 0.7731886942675159, 0.7778662420382165, 0.7759753184713376, 0.7753781847133758, 0.7717953821656051, 0.7819466560509554, 0.7819466560509554, 0.7826433121019108, 0.783140923566879, 0.7828423566878981, 0.7837380573248408, 0.7836385350318471, 0.7810509554140127], "loss": [2.3002643436193466, 2.2926433831453323, 2.275104358792305, 2.2329524904489517, 2.0430470257997513, 1.4051305279135704, 0.9082073345780373, 0.6011765096336603, 0.3894243510439992, 0.2817404503002763, 0.17232791590504348, 0.10336327832192183, 0.062180491047911346, 0.062329163891263306, 0.04750294703990221, 0.031467505323234946, 0.018644671625224873, 0.016264297883026302, 0.017373136361129582, 0.017571949618286453, 0.007325684564420953, 0.01133102185849566, 0.011658155606710352, 0.007900382915977389, 0.006704331353830639, 0.011386445763491793, 0.008791287589701824, 0.005453016929095611, 0.005081466053525219, 0.007248848876770353, 0.00533529612221173, 0.006007816937199095, 0.005126470918185078, 0.0025064803776331246, 0.004202953292406164, 0.004975731957529206, 0.004340632583989645, 0.004919246181088965, 0.0059694345472962596, 0.004809205261153693, 0.003802818009717157, 0.0031979571540432516, 0.005585506318311673, 0.003523503946780693, 0.0033822377317846986, 0.003025406107553863, 0.0037429520652949577, 0.0022362639920174843, 0.0031932431402310613, 0.0032485260317116627], "acc": [0.1279296875, 0.1591796875, 0.2568359375, 0.3486328125, 0.392578125, 0.544921875, 0.7060546875, 0.7958984375, 0.875, 0.90625, 0.9482421875, 0.96875, 0.9814453125, 0.9833984375, 0.9833984375, 0.990234375, 0.99609375, 0.99609375, 0.99609375, 0.99609375, 1.0, 0.9990234375, 0.99609375, 0.998046875, 1.0, 0.998046875, 0.9990234375, 1.0, 0.9990234375, 0.998046875, 0.9990234375, 0.9990234375, 0.9990234375, 1.0, 0.9990234375, 0.998046875, 1.0, 0.998046875, 0.998046875, 1.0, 0.9990234375, 0.9990234375, 0.9990234375, 0.9990234375, 0.9990234375, 0.9990234375, 0.9990234375, 1.0, 0.998046875, 0.9990234375], "test_loss": 1.5306813195822344, "test_acc": 0.7970740445859873, "sample": "random"}