{"val_loss": [2.3037861729883087, 3.032365411709828, 3.1653683686711984, 2.9441403127779626, 2.703915965025592, 2.8393581839883404, 2.9420299499657503, 2.4833674339731786, 2.2147599322021385, 1.9822301735543901, 1.8780450441275434, 1.8087117094902476, 1.555499345253987, 1.678476630882093, 1.6463201900196682, 1.6481610172113794, 1.5532474635512965, 1.581662671201548, 1.6732983300640325, 1.5273977969862094, 1.3587164442250683, 1.4589885723818639, 1.5401310119659277, 1.3547684271244487, 1.4399975822989348, 1.39846698721503, 1.4837361822842032, 1.4902629563762884, 1.426661962346666, 1.4134151478102253, 1.5836910041654186, 1.4280878294045758, 1.5117090887324824, 1.5521561831805357, 1.612538105553123, 1.5145824073226588, 1.473492052145065, 1.618852965201542, 1.5114321228425214, 1.4379551484706297, 1.4509449077259964, 1.5562693912322354, 1.6459372649147253, 1.5667915608093237, 1.6036290952544303, 1.5667218074297449, 1.642354258875938, 1.7415379192798761, 1.6488326026755533, 1.5720468064781967], "val_acc": [0.16918789808917198, 0.2177547770700637, 0.22939888535031847, 0.2203423566878981, 0.26472929936305734, 0.28562898089171973, 0.2907046178343949, 0.3274283439490446, 0.34852707006369427, 0.4042595541401274, 0.45322452229299365, 0.46178343949044587, 0.5078622611464968, 0.49004777070063693, 0.4893511146496815, 0.5036823248407644, 0.5338375796178344, 0.5391122611464968, 0.5311504777070064, 0.54796974522293, 0.5962380573248408, 0.5803144904458599, 0.6030055732484076, 0.6105692675159236, 0.6081807324840764, 0.613953025477707, 0.5989251592356688, 0.6153463375796179, 0.6178343949044586, 0.6255971337579618, 0.6012141719745223, 0.6439092356687898, 0.6264928343949044, 0.6278861464968153, 0.6214171974522293, 0.6390326433121019, 0.6504777070063694, 0.6331608280254777, 0.6479896496815286, 0.6585390127388535, 0.6610270700636943, 0.651671974522293, 0.6437101910828026, 0.6625199044585988, 0.6550557324840764, 0.6572452229299363, 0.6583399681528662, 0.6532643312101911, 0.6657046178343949, 0.6685907643312102], "loss": [2.2895848900079727, 1.994966983795166, 1.6062888354063034, 1.2975855097174644, 1.005316898226738, 0.8655298985540867, 0.7437097579240799, 0.642526151612401, 0.5889613255858421, 0.544676911085844, 0.4918285794556141, 0.4053119709715247, 0.4162122095003724, 0.3840860864147544, 0.3421467011794448, 0.3481055498123169, 0.2927642809227109, 0.28156996611505747, 0.2707949271425605, 0.2689080396667123, 0.2719700736925006, 0.22357445303350687, 0.1793585284613073, 0.21952535398304462, 0.20448235562071204, 0.18042245786637068, 0.1593139497563243, 0.177913514431566, 0.14672089158557355, 0.16655469592660666, 0.14909642725251615, 0.10555230570025742, 0.10937595018185675, 0.13371913274750113, 0.11183499870821834, 0.0973198376595974, 0.14493362279608846, 0.0908940490335226, 0.10864439024589956, 0.10519259562715888, 0.09098232048563659, 0.08434917451813817, 0.0734012892935425, 0.08393663761671633, 0.08963745192158967, 0.08733779710019007, 0.07005579210817814, 0.06371804827358574, 0.06784689438063651, 0.06609186151763424], "acc": [0.1962890625, 0.32421875, 0.6015625, 0.693359375, 0.740234375, 0.7626953125, 0.7978515625, 0.828125, 0.837890625, 0.837890625, 0.8515625, 0.876953125, 0.876953125, 0.8837890625, 0.8916015625, 0.8876953125, 0.9111328125, 0.9091796875, 0.9140625, 0.9150390625, 0.9130859375, 0.9326171875, 0.9365234375, 0.9296875, 0.9306640625, 0.94140625, 0.951171875, 0.9375, 0.9501953125, 0.9453125, 0.943359375, 0.9716796875, 0.9619140625, 0.953125, 0.9638671875, 0.9638671875, 0.94921875, 0.970703125, 0.958984375, 0.9638671875, 0.966796875, 0.9677734375, 0.9775390625, 0.9736328125, 0.96484375, 0.9697265625, 0.9794921875, 0.9775390625, 0.97265625, 0.9765625], "test_loss": 1.4417153634842794, "test_acc": 0.6820262738853503, "sample": "uniform"}