{"val_loss": [2.294678736644186, 2.3207997622763274, 2.1152849478326785, 1.563277441984529, 1.5403477834288481, 1.078885732372855, 1.414710467598241, 1.2975528281965074, 1.4361373224076193, 1.2385769255791501, 1.3287734140636056, 1.4403890864864277, 1.5044303016298135, 1.5620886811595054, 1.6034433885364776, 1.7672261561557745, 1.6678054278158838, 1.7288533401717046, 1.7283660443914923, 1.7518587056428763, 1.8049281843148979, 1.7858579553616274, 1.7809352831096406, 1.8532921724068891, 1.8574006321134082, 1.892382618917781, 1.9024279336830614, 1.9550280015749537, 1.9787631553069802, 1.988826045564785, 1.9957430348464638, 2.043593852952787, 2.085726066569614, 1.9850142483308817, 1.9679372770960923, 2.0976529567484645, 2.0759682884072044, 2.100232384576919, 2.0214750961323453, 2.096935357067995, 1.9824214025287872, 2.040040174677114, 2.1313480911361182, 2.0778375888706013, 2.0622765511084515, 2.093337288897508, 2.103791127111881, 2.2522626898850606, 2.1377457769907964, 2.0824624077909313], "val_acc": [0.15047770700636942, 0.1875, 0.30583200636942676, 0.43212579617834396, 0.4697452229299363, 0.6431130573248408, 0.5778264331210191, 0.6386345541401274, 0.6374402866242038, 0.6750597133757962, 0.6795382165605095, 0.6785429936305732, 0.6819267515923567, 0.6851114649681529, 0.682921974522293, 0.6681926751592356, 0.6822253184713376, 0.6813296178343949, 0.6909832802547771, 0.6863057324840764, 0.6823248407643312, 0.6884952229299363, 0.6971536624203821, 0.6886942675159236, 0.6903861464968153, 0.6899880573248408, 0.6928742038216561, 0.6861066878980892, 0.68640525477707, 0.6844148089171974, 0.6850119426751592, 0.6824243630573248, 0.6779458598726115, 0.6882961783439491, 0.6936703821656051, 0.6903861464968153, 0.6865047770700637, 0.6882961783439491, 0.694765127388535, 0.6879976114649682, 0.7008359872611465, 0.6969546178343949, 0.683718152866242, 0.6898885350318471, 0.6954617834394905, 0.6935708598726115, 0.6927746815286624, 0.6811305732484076, 0.6917794585987261, 0.6929737261146497], "loss": [2.283012345433235, 2.1883441656827927, 1.954662524163723, 1.403092697262764, 0.9295277744531631, 0.6818138398230076, 0.405645040795207, 0.2261889143846929, 0.17675532586872578, 0.14867309131659567, 0.049825239926576614, 0.043952984269708395, 0.028847121982835233, 0.022472284152172506, 0.026004029758041725, 0.021459921612404287, 0.014867755744489841, 0.01125148474238813, 0.0061308770382311195, 0.00956761981069576, 0.010301299837010447, 0.003818704775767401, 0.004655455813917797, 0.005620329589874018, 0.0045438652014127, 0.003191090734617319, 0.0031028027515276335, 0.006000392029818613, 0.002785143613436958, 0.004933931879349984, 0.007937109032354783, 0.003978423945227405, 0.008221870542911347, 0.006699927096633473, 0.00236742603010498, 0.0035171205054211896, 0.0028251395578990923, 0.00130331117179594, 0.001136154322011862, 0.005844154620717745, 0.0025255214222852373, 0.0018290233583684312, 0.004215045733872103, 0.001954479245796392, 0.001305965264691622, 0.0006811731227571727, 0.0019668535360324313, 0.003934388134439359, 0.0028954957706446294, 0.0012172018905403093], "acc": [0.1796875, 0.32421875, 0.431640625, 0.560546875, 0.6875, 0.7744140625, 0.8623046875, 0.9375, 0.9443359375, 0.9677734375, 0.9912109375, 0.9921875, 0.9951171875, 0.99609375, 0.9931640625, 0.994140625, 0.9970703125, 0.9990234375, 1.0, 0.9970703125, 0.9970703125, 1.0, 0.9990234375, 0.9990234375, 0.9990234375, 1.0, 1.0, 0.99609375, 1.0, 0.9990234375, 0.9970703125, 0.9990234375, 0.998046875, 0.9970703125, 1.0, 0.998046875, 1.0, 1.0, 1.0, 0.9990234375, 0.9990234375, 1.0, 0.9990234375, 1.0, 1.0, 1.0, 1.0, 0.9990234375, 0.9990234375, 1.0], "test_loss": 1.8962182214685306, "test_acc": 0.7152667197452229, "sample": "uniform-cluster"}