{"val_loss": [2.300461435014275, 2.297397129095284, 2.2976614289982304, 2.3005499794225024, 2.2123379191015937, 1.5234834168367326, 1.2246749488411435, 0.9047514991775439, 0.6899333043842558, 0.6489525474370665, 0.54129424729165, 0.48457178558893266, 0.4646738604375511, 0.41982228508230984, 0.3735795288234, 0.4046680306078522, 0.34208629038303523, 0.34478093847442587, 0.32606108840199033, 0.3382503610982257, 0.32744600649946815, 0.3039551800959239, 0.3070238250408583, 0.3015549184434163, 0.29659012699155674, 0.3005871754139662, 0.34666464821832954, 0.314091035615724, 0.30468912473672133, 0.3096875763931282, 0.32781769316880754, 0.307657338572061, 0.29632396465108085, 0.30110684005769006, 0.32338540352714856, 0.30896136643376887, 0.3184294076517794, 0.31426985645192157, 0.30853379557241395, 0.34846530541196274, 0.33576620143250957, 0.33523401369453426, 0.34765234227428676, 0.3453690115952639, 0.3362818952667628, 0.3410983672543506, 0.326270656772907, 0.3559598954228364, 0.34614822659404226, 0.35307638157621785], "val_acc": [0.11723726114649681, 0.10380175159235669, 0.10310509554140128, 0.11494824840764331, 0.3046377388535032, 0.5309514331210191, 0.6199243630573248, 0.7063097133757962, 0.7967754777070064, 0.7824442675159236, 0.8382762738853503, 0.8397691082802548, 0.855593152866242, 0.8686305732484076, 0.8932125796178344, 0.8788813694267515, 0.8979896496815286, 0.8958996815286624, 0.9031648089171974, 0.8979896496815286, 0.90734474522293, 0.9129179936305732, 0.9137141719745223, 0.9110270700636943, 0.915406050955414, 0.9202826433121019, 0.9063495222929936, 0.9087380573248408, 0.9171974522292994, 0.912718949044586, 0.9141122611464968, 0.9211783439490446, 0.9197850318471338, 0.9183917197452229, 0.9175955414012739, 0.9220740445859873, 0.9236664012738853, 0.9203821656050956, 0.9243630573248408, 0.9208797770700637, 0.9234673566878981, 0.9234673566878981, 0.9247611464968153, 0.9220740445859873, 0.9246616242038217, 0.9215764331210191, 0.9249601910828026, 0.9219745222929936, 0.9249601910828026, 0.9238654458598726], "loss": [2.298395037651062, 2.2887183725833893, 2.2591807395219803, 2.195915564894676, 2.0984915494918823, 1.7987282574176788, 1.319442592561245, 1.075325757265091, 0.9136809781193733, 0.7462694980204105, 0.7224889695644379, 0.5980096105486155, 0.5589603409171104, 0.5009565036743879, 0.48673904687166214, 0.4104022681713104, 0.3866031635552645, 0.3377310438081622, 0.3185548270121217, 0.2689672354608774, 0.26239172369241714, 0.24623747542500496, 0.2052495521493256, 0.19775075046345592, 0.2184103624895215, 0.16762668592855334, 0.17302946792915463, 0.12837879732251167, 0.1633103657513857, 0.11397989001125097, 0.13884295942261815, 0.12551355548202991, 0.1292176661081612, 0.11704094102606177, 0.09695207001641393, 0.10461910080630332, 0.09652993897907436, 0.08321804483421147, 0.0705389054492116, 0.06669034669175744, 0.060830113710835576, 0.06144412071444094, 0.05245203012600541, 0.06556500541046262, 0.05070130154490471, 0.07017389786778949, 0.060278080753050745, 0.048065064125694335, 0.04188920417800546, 0.06007962371222675], "acc": [0.1396484375, 0.1669921875, 0.1552734375, 0.1748046875, 0.2734375, 0.39453125, 0.5458984375, 0.6298828125, 0.705078125, 0.748046875, 0.759765625, 0.7998046875, 0.8125, 0.8212890625, 0.8349609375, 0.8623046875, 0.876953125, 0.8818359375, 0.8984375, 0.9130859375, 0.912109375, 0.9189453125, 0.9365234375, 0.9287109375, 0.9296875, 0.9443359375, 0.939453125, 0.962890625, 0.9404296875, 0.9599609375, 0.958984375, 0.9580078125, 0.9560546875, 0.9580078125, 0.9609375, 0.9638671875, 0.966796875, 0.9716796875, 0.978515625, 0.9765625, 0.982421875, 0.9775390625, 0.9833984375, 0.9765625, 0.9853515625, 0.9755859375, 0.9794921875, 0.9873046875, 0.986328125, 0.978515625], "test_loss": 0.3727452295897588, "test_acc": 0.9221735668789809, "sample": "multi-normal-cluster"}