{"val_loss": [2.3005450136342627, 2.3133048646768946, 2.4049992120949324, 2.209613005826428, 1.7499098299415248, 1.4994109861410347, 1.310476485331347, 0.9158172812431481, 0.8716787006824639, 0.8050664255193843, 0.6694097591053908, 0.8277970609391571, 0.6114604561382039, 0.6173636885775122, 0.5666858474635015, 0.5435608704188827, 0.528454478853827, 0.44048662611823175, 0.4167052858337096, 0.46729699446327366, 0.4291088759519492, 0.44888554900220246, 0.38680513395340577, 0.41674649874400943, 0.4506959973531923, 0.3921647066618227, 0.379126696954155, 0.4074760855762822, 0.37403187159282764, 0.39451895066934406, 0.3774860463205986, 0.41571909388539136, 0.3916054258158632, 0.3541824340013562, 0.3584783622389956, 0.385450667452518, 0.3740475735194079, 0.3852927115431447, 0.39600383113642595, 0.4048430605014418, 0.41240732545021236, 0.39786106833274576, 0.36783620523834587, 0.3942174354959635, 0.38110188998068406, 0.3723231667599338, 0.42743430616761185, 0.4047766812709249, 0.40283516140441133, 0.3878898530631996], "val_acc": [0.09952229299363058, 0.12042197452229299, 0.1152468152866242, 0.36116640127388533, 0.45362261146496813, 0.4987062101910828, 0.5747412420382165, 0.7035230891719745, 0.7109872611464968, 0.7392515923566879, 0.7772691082802548, 0.7090963375796179, 0.8111066878980892, 0.804140127388535, 0.8085191082802548, 0.8322054140127388, 0.8286226114649682, 0.8660429936305732, 0.8769904458598726, 0.851015127388535, 0.8759952229299363, 0.8672372611464968, 0.8851512738853503, 0.8807722929936306, 0.8607683121019108, 0.8876393312101911, 0.8920183121019108, 0.8793789808917197, 0.8955015923566879, 0.894406847133758, 0.9019705414012739, 0.892515923566879, 0.8959992038216561, 0.9037619426751592, 0.9077428343949044, 0.9044585987261147, 0.9059514331210191, 0.9027667197452229, 0.9040605095541401, 0.9010748407643312, 0.9007762738853503, 0.9086385350318471, 0.9109275477707006, 0.908937101910828, 0.9112261146496815, 0.9150079617834395, 0.902468152866242, 0.9106289808917197, 0.910031847133758, 0.9155055732484076], "loss": [2.294938638806343, 2.255481630563736, 2.155984729528427, 2.0587447062134743, 1.7750467658042908, 1.4286588802933693, 1.2094659321010113, 1.0891629606485367, 0.9236382246017456, 0.8755488023161888, 0.7309133894741535, 0.7353843078017235, 0.6610830649733543, 0.6128449253737926, 0.5619266498833895, 0.4772329702973366, 0.5044700875878334, 0.4376697391271591, 0.4080473054200411, 0.3774925619363785, 0.3642912181094289, 0.3157000048086047, 0.3202706528827548, 0.28721686359494925, 0.2700926139950752, 0.2544141709804535, 0.2394540598616004, 0.24289608746767044, 0.20917121227830648, 0.20717438869178295, 0.17611517244949937, 0.17543077562004328, 0.15793307684361935, 0.1495491536334157, 0.13289865106344223, 0.13164518028497696, 0.11416337103582919, 0.13171333400532603, 0.10889283893629909, 0.11032076203264296, 0.08836637856438756, 0.10108023625798523, 0.08863954478874803, 0.0843803824391216, 0.06706478365231305, 0.07463211310096085, 0.06599950417876244, 0.06669652310665697, 0.06644486635923386, 0.06848423776682466], "acc": [0.140625, 0.17578125, 0.205078125, 0.294921875, 0.4453125, 0.5302734375, 0.630859375, 0.6396484375, 0.697265625, 0.69921875, 0.7607421875, 0.75390625, 0.7705078125, 0.8017578125, 0.8076171875, 0.8369140625, 0.837890625, 0.865234375, 0.8623046875, 0.8583984375, 0.876953125, 0.8935546875, 0.890625, 0.900390625, 0.9169921875, 0.916015625, 0.9296875, 0.9169921875, 0.927734375, 0.9248046875, 0.94140625, 0.9404296875, 0.9462890625, 0.943359375, 0.9541015625, 0.9609375, 0.9638671875, 0.9560546875, 0.9619140625, 0.9619140625, 0.9697265625, 0.9658203125, 0.966796875, 0.9736328125, 0.978515625, 0.9716796875, 0.984375, 0.978515625, 0.9775390625, 0.978515625], "test_loss": 0.3704822086936729, "test_acc": 0.9174960191082803, "sample": "multi-normal"}