{"val_loss": [2.2984314374862964, 2.2906566076217945, 2.2740418242800766, 2.1916723281714567, 1.6313155669315604, 1.2019749310365908, 1.0020400067423558, 1.0491416220832024, 0.9603624852599612, 1.0255984749383986, 1.208956776720703, 1.1711933047148833, 1.227863449769415, 1.3914173253022941, 1.2953412057298004, 1.3912876612821203, 1.3585003335384807, 1.438404654431495, 1.468074845850088, 1.5201633593459039, 1.529703725105638, 1.5501381363838342, 1.5280182784909655, 1.6786960629141254, 1.6058570755894777, 1.6049461854491265, 1.6069473352781527, 1.6539454444009027, 1.6188795359650994, 1.6636670198600003, 1.598845103838641, 1.6399865258651174, 1.633720051520949, 1.608219901087937, 1.626841143627835, 1.6495857850950995, 1.7364688544136704, 1.7446248878718942, 1.7008841992563504, 1.6419917895535754, 1.6900732961429912, 1.6909911073507018, 1.7997008638017495, 1.8199168576556406, 1.766889085815211, 1.7862333657255598, 1.755770055541567, 1.782544390411134, 1.7482567471303758, 1.7154550967132969], "val_acc": [0.10857882165605096, 0.09713375796178345, 0.09723328025477707, 0.10887738853503184, 0.419984076433121, 0.583797770700637, 0.6924761146496815, 0.7146695859872612, 0.741640127388535, 0.7475119426751592, 0.7366640127388535, 0.7501990445859873, 0.7525875796178344, 0.7366640127388535, 0.7558718152866242, 0.7477109872611465, 0.7648288216560509, 0.7592555732484076, 0.755672770700637, 0.7515923566878981, 0.7562699044585988, 0.7571656050955414, 0.7616441082802548, 0.7467157643312102, 0.7567675159235668, 0.7601512738853503, 0.758359872611465, 0.7579617834394905, 0.7607484076433121, 0.7587579617834395, 0.7665207006369427, 0.7642316878980892, 0.7662221337579618, 0.7676154458598726, 0.7641321656050956, 0.7664211783439491, 0.7553742038216561, 0.7562699044585988, 0.7612460191082803, 0.7678144904458599, 0.7646297770700637, 0.7650278662420382, 0.7562699044585988, 0.7568670382165605, 0.7614450636942676, 0.7581608280254777, 0.7634355095541401, 0.762937898089172, 0.7644307324840764, 0.770203025477707], "loss": [2.2998474091291428, 2.288084626197815, 2.2617046236991882, 2.191198632121086, 1.826295256614685, 1.1842237785458565, 0.7822712808847427, 0.4987936820834875, 0.3497173134237528, 0.21079344116151333, 0.14166240859776735, 0.10594041924923658, 0.05909791216254234, 0.04868054122198373, 0.052515837480314076, 0.02548228157684207, 0.02261381855350919, 0.022979157249210402, 0.014625242009060457, 0.011606040658080019, 0.011610757472226396, 0.008676987417857163, 0.010709628724725917, 0.008716648982954212, 0.006110992042522412, 0.005701941445295233, 0.009766989132913295, 0.008538544600014575, 0.004560916320770048, 0.004614776647940744, 0.007149811535782646, 0.006810886818129802, 0.006052316472050734, 0.006040758606104646, 0.004440212851477554, 0.002340969142096583, 0.007900805459939875, 0.004053042910527438, 0.0032032902126957197, 0.0033147585272672586, 0.004944481923303101, 0.003816487456788309, 0.002924140411778353, 0.004763745302625466, 0.0040938140264188405, 0.004111370571990847, 0.002523502265830757, 0.002606915865726478, 0.0009292802387790289, 0.0019622202962636948], "acc": [0.1513671875, 0.1689453125, 0.15234375, 0.1494140625, 0.3720703125, 0.59375, 0.7587890625, 0.8388671875, 0.8837890625, 0.93359375, 0.9541015625, 0.9716796875, 0.9853515625, 0.9873046875, 0.9853515625, 0.9951171875, 0.9931640625, 0.9970703125, 0.998046875, 0.9970703125, 0.998046875, 0.9970703125, 0.9990234375, 0.998046875, 0.9990234375, 1.0, 0.998046875, 0.9970703125, 1.0, 1.0, 0.998046875, 0.9970703125, 0.9990234375, 0.998046875, 0.9990234375, 1.0, 0.9970703125, 1.0, 1.0, 1.0, 0.9990234375, 1.0, 1.0, 0.9990234375, 0.9990234375, 0.998046875, 1.0, 1.0, 1.0, 1.0], "test_loss": 1.7877046527566425, "test_acc": 0.7661226114649682, "sample": "error"}