{"val_loss": [2.299670085785495, 2.295992614357335, 2.3459293493040048, 2.308624062568519, 2.0521187121701088, 1.572801061496613, 1.2562602758407593, 1.7678359849437786, 1.18438321352005, 1.3276502362861755, 1.5348381853787003, 1.4274325822569003, 1.5715767029364398, 1.780231687673338, 1.7912364943771606, 1.7657054748125136, 1.8713409407123638, 1.8587481795222895, 2.0559420278117915, 1.9704367195724681, 1.979885220527649, 2.014719680995698, 2.0421847845338714, 2.0586461472283504, 2.057663151033365, 2.0667883510802203, 2.069051818103547, 2.086076309346849, 2.1143059476166015, 2.2260797422402985, 2.191991685302394, 2.260517153011006, 2.204559367553444, 2.2684678086049996, 2.2336404046435265, 2.2368851915286605, 2.295344701618146, 2.285134627181254, 2.2425171425388117, 2.3288579640115143, 2.317460498992045, 2.2952170778232017, 2.2991304530459606, 2.3502581552335413, 2.365863812577193, 2.2756008547582445, 2.2573434338448153, 2.3323467085315923, 2.3267251048118447, 2.471909376086703], "val_acc": [0.1669984076433121, 0.10380175159235669, 0.10380175159235669, 0.17963773885350318, 0.2894108280254777, 0.4387937898089172, 0.6075835987261147, 0.5439888535031847, 0.697452229299363, 0.6762539808917197, 0.7035230891719745, 0.7195461783439491, 0.7151671974522293, 0.7314888535031847, 0.7046178343949044, 0.7239251592356688, 0.7269108280254777, 0.732484076433121, 0.7110867834394905, 0.7227308917197452, 0.7351711783439491, 0.7299960191082803, 0.7204418789808917, 0.7329816878980892, 0.7319864649681529, 0.7320859872611465, 0.7348726114649682, 0.7373606687898089, 0.73328025477707, 0.7306926751592356, 0.7277070063694268, 0.7258160828025477, 0.7357683121019108, 0.7321855095541401, 0.7290007961783439, 0.7333797770700637, 0.7257165605095541, 0.7265127388535032, 0.7360668789808917, 0.7294984076433121, 0.7296974522292994, 0.7326831210191083, 0.7340764331210191, 0.7323845541401274, 0.7243232484076433, 0.7319864649681529, 0.738156847133758, 0.7311902866242038, 0.7327826433121019, 0.7300955414012739], "loss": [2.29747174680233, 2.2770572155714035, 2.2047015577554703, 2.1174024492502213, 1.9061939045786858, 1.5185727253556252, 1.102974746376276, 0.7297756355255842, 0.5066095404326916, 0.25863655377179384, 0.1530647836625576, 0.10853446181863546, 0.07328361552208662, 0.046244371216744184, 0.03386693081120029, 0.016662159236148, 0.014815893810009584, 0.01385024502815213, 0.016309553640894592, 0.011738623012206517, 0.0076222610514378175, 0.007793598299031146, 0.008930897020036355, 0.006114065909059718, 0.004133705020649359, 0.004492330270295497, 0.00691921385077876, 0.003146678463963326, 0.0057156048133037984, 0.0038264550930762198, 0.006839657449745573, 0.0032025110886024777, 0.0030299341451609507, 0.002720332209719345, 0.0030106852063909173, 0.003762047508644173, 0.0037112029931449797, 0.0018659988527360838, 0.0027658272338157985, 0.0020634460015571676, 0.002166776350350119, 0.0009793722838367103, 0.001210491789606749, 0.0014890841994201764, 0.002186806059398805, 0.002803395938826725, 0.0020025448211526964, 0.001314685642682889, 0.002223087108177424, 0.005828790028317599], "acc": [0.109375, 0.224609375, 0.189453125, 0.23828125, 0.361328125, 0.4736328125, 0.619140625, 0.73828125, 0.830078125, 0.9091796875, 0.9619140625, 0.96484375, 0.9765625, 0.98828125, 0.9921875, 0.998046875, 0.9990234375, 0.9970703125, 0.9951171875, 0.998046875, 0.9990234375, 0.9990234375, 0.9970703125, 1.0, 1.0, 0.9990234375, 0.998046875, 1.0, 0.9990234375, 1.0, 0.99609375, 1.0, 1.0, 1.0, 1.0, 0.9990234375, 0.9990234375, 1.0, 1.0, 1.0, 1.0, 1.0, 1.0, 1.0, 1.0, 0.9990234375, 1.0, 1.0, 1.0, 0.9970703125], "test_loss": 2.3473268667603753, "test_acc": 0.7401472929936306, "sample": "normal"}