{"val_loss": [2.3211414419162044, 2.9450825004820613, 3.2271854072619397, 3.0750711495709266, 3.3183167102230584, 3.1452766861885215, 4.411527111272144, 4.798623496559775, 5.106990856729495, 5.28198902470291, 5.695519902903563, 6.302492542631307, 5.933365718574281, 6.5414488209281, 6.663952153199797, 7.053504652278439, 7.368068373127348, 6.955794304039828, 7.30376846167692, 7.543952783961205, 7.633035948322077, 7.620546392574432, 7.701637802609972, 7.714154723343576, 7.823727264525784, 7.899363933854802, 8.094123399941026, 8.061656314096632, 8.209573262816022, 8.18232592503736, 8.26388317460467, 8.383005366963186, 8.438410631410635, 8.062205712506726, 8.241308361102062, 8.204083166304667, 8.365179684511416, 8.248886922362503, 8.423711883034676, 8.47842020289913, 8.532709789883558, 8.447514606888886, 8.44103151370006, 8.496532607230412, 8.611603220556951, 8.567406663469448, 8.54493803583133, 8.435683341542626, 8.565678238109419, 8.631872356317604], "val_acc": [0.09802945859872611, 0.09783041401273886, 0.21068869426751594, 0.24402866242038215, 0.31369426751592355, 0.32673168789808915, 0.3222531847133758, 0.3648487261146497, 0.3798765923566879, 0.379578025477707, 0.38664410828025475, 0.3798765923566879, 0.38813694267515925, 0.3893312101910828, 0.3818670382165605, 0.38793789808917195, 0.3843550955414013, 0.3903264331210191, 0.38525079617834396, 0.38684315286624205, 0.3859474522292994, 0.3869426751592357, 0.3867436305732484, 0.3848527070063694, 0.3851512738853503, 0.38584792993630573, 0.3815684713375796, 0.37808519108280253, 0.3844546178343949, 0.38783837579617836, 0.38365843949044587, 0.38037420382165604, 0.3820660828025478, 0.38793789808917195, 0.3856488853503185, 0.3853503184713376, 0.3844546178343949, 0.38972929936305734, 0.3847531847133758, 0.3846536624203822, 0.3851512738853503, 0.3857484076433121, 0.3840565286624204, 0.38266321656050956, 0.3848527070063694, 0.3854498407643312, 0.3883359872611465, 0.3877388535031847, 0.3857484076433121, 0.38554936305732485], "loss": [2.226603552699089, 1.6283403038978577, 1.3094186335802078, 0.9846745058894157, 0.7549449168145657, 0.6842561438679695, 0.39632956497371197, 0.36262813955545425, 0.239881144836545, 0.17136758705601096, 0.10697245947085321, 0.07038687891326845, 0.11446738243103027, 0.06580405053682625, 0.038071255083195865, 0.03745361987967044, 0.024257146869786084, 0.035901845956686884, 0.042670880851801485, 0.01108095157542266, 0.02718502574134618, 0.020071056431334, 0.01249968953197822, 0.025262488721637055, 0.010913966965745203, 0.011058895121095702, 0.01332119399739895, 0.008928764240408782, 0.007074055894918274, 0.016481337370350957, 0.010048747586552054, 0.010010760415752884, 0.015849934316065628, 0.010319600820366759, 0.0032052344213298056, 0.0063629583091824315, 0.0032239612155535724, 0.0042722485231934115, 0.008076205773249967, 0.006848105484095868, 0.0031856273708399385, 0.005829473870107904, 0.003106376352661755, 0.005048464645369677, 0.006840737532911589, 0.009279110887291608, 0.006223427784789237, 0.0028983441025047796, 0.004699619388702558, 0.0027178671916772146], "acc": [0.4189453125, 0.453125, 0.6103515625, 0.6875, 0.76171875, 0.775390625, 0.880859375, 0.8740234375, 0.92578125, 0.9423828125, 0.9677734375, 0.9833984375, 0.9521484375, 0.98046875, 0.9912109375, 0.9892578125, 0.9921875, 0.98828125, 0.9853515625, 0.998046875, 0.9912109375, 0.9951171875, 0.9970703125, 0.9912109375, 0.9990234375, 0.99609375, 0.99609375, 0.9990234375, 0.9990234375, 0.994140625, 0.998046875, 0.9970703125, 0.994140625, 0.9970703125, 1.0, 0.9990234375, 1.0, 0.9990234375, 0.9970703125, 0.998046875, 1.0, 0.9990234375, 1.0, 0.9990234375, 0.9970703125, 0.9970703125, 0.998046875, 1.0, 0.9990234375, 0.9990234375], "test_loss": 8.763620601338186, "test_acc": 0.3812699044585987, "sample": "uniform"}