{"val_loss": [2.300663527409742, 2.2975582712015528, 2.292479179467365, 2.282870260773191, 2.1897330770067347, 1.7632062404778353, 1.4291683279784622, 1.159791239887286, 0.9739926635839378, 0.8017979883084632, 0.6853030783355616, 0.7789688750057463, 0.5885839708101978, 0.5967310201969875, 0.5060424215284882, 0.48126794454778077, 0.5263986945342106, 0.42680350876158213, 0.44258102494630086, 0.4627260575248937, 0.4265735480625918, 0.37635659535599364, 0.36522101430566445, 0.4279893738733735, 0.3826661201988816, 0.38527327420035745, 0.417717567200114, 0.41197071112929634, 0.3940926978874738, 0.43154297633820277, 0.34383083813509363, 0.3943166988812814, 0.3750694643967091, 0.31658835844344396, 0.3606273708805727, 0.36558921581762993, 0.3671343579686656, 0.33872847236503084, 0.37915788640736775, 0.33883541047122256, 0.3550778077381432, 0.35552246978352214, 0.3696843462693653, 0.3630787723098591, 0.3658903703852824, 0.3967043618630072, 0.38896868861974426, 0.3702594413522892, 0.3471231704020196, 0.4049719723333029], "val_acc": [0.08917197452229299, 0.08907245222929937, 0.08927149681528662, 0.08957006369426751, 0.18630573248407642, 0.33638535031847133, 0.4872611464968153, 0.6044984076433121, 0.6942675159235668, 0.7384554140127388, 0.7771695859872612, 0.7464171974522293, 0.8020501592356688, 0.7988654458598726, 0.8230493630573248, 0.8381767515923567, 0.820859872611465, 0.8531050955414012, 0.8546974522292994, 0.8477308917197452, 0.8591759554140127, 0.8725119426751592, 0.8800756369426752, 0.862062101910828, 0.87390525477707, 0.8734076433121019, 0.8707205414012739, 0.8703224522292994, 0.876890923566879, 0.8705214968152867, 0.8934116242038217, 0.8876393312101911, 0.8907245222929936, 0.9034633757961783, 0.8980891719745223, 0.894406847133758, 0.8981886942675159, 0.9032643312101911, 0.8956011146496815, 0.9022691082802548, 0.9020700636942676, 0.9030652866242038, 0.8999800955414012, 0.9029657643312102, 0.9011743630573248, 0.895203025477707, 0.8935111464968153, 0.9008757961783439, 0.9059514331210191, 0.8905254777070064], "loss": [2.300382763147354, 2.2928757071495056, 2.2800371944904327, 2.2523342072963715, 2.1969340443611145, 1.9648475274443626, 1.5534777119755745, 1.3268209472298622, 1.1239089630544186, 0.933840487152338, 0.8529737889766693, 0.7469140738248825, 0.6818287614732981, 0.668910913169384, 0.5195262357592583, 0.5405933670699596, 0.4281143266707659, 0.38184568006545305, 0.40352126862853765, 0.31248835660517216, 0.29375743959099054, 0.27873501647263765, 0.228395352140069, 0.23797260783612728, 0.230162282474339, 0.18831048253923655, 0.17335493816062808, 0.16858114814385772, 0.15095563931390643, 0.11778522771783173, 0.12823354522697628, 0.12360315420664847, 0.08578936266712844, 0.08315528894308954, 0.07547503150999546, 0.09337156405672431, 0.06512871873565018, 0.07994298415724188, 0.0649684106465429, 0.0595102944644168, 0.059677541023120284, 0.05581857019569725, 0.044034588150680065, 0.04389142076252028, 0.04994948173407465, 0.05732226086547598, 0.052458382793702185, 0.06101004348602146, 0.045713296392932534, 0.04639841505559161], "acc": [0.1435546875, 0.1455078125, 0.154296875, 0.1494140625, 0.1826171875, 0.3505859375, 0.4873046875, 0.55078125, 0.6376953125, 0.69140625, 0.7255859375, 0.7734375, 0.7939453125, 0.7705078125, 0.82421875, 0.814453125, 0.865234375, 0.875, 0.8671875, 0.8955078125, 0.8974609375, 0.8994140625, 0.9306640625, 0.9189453125, 0.9228515625, 0.9345703125, 0.9462890625, 0.9443359375, 0.943359375, 0.962890625, 0.9521484375, 0.9619140625, 0.9697265625, 0.97265625, 0.9765625, 0.9658203125, 0.98046875, 0.970703125, 0.98046875, 0.984375, 0.9873046875, 0.982421875, 0.98828125, 0.984375, 0.986328125, 0.9814453125, 0.98046875, 0.984375, 0.9873046875, 0.990234375], "test_loss": 0.3824403996632737, "test_acc": 0.8959992038216561, "sample": "uniform-cluster"}