{"val_loss": [2.300435817925034, 2.2973423778631124, 2.2924125270479045, 2.28204621934587, 2.2510713088284633, 2.08334069419059, 1.4853993965561982, 0.910390602934892, 0.7574483456125685, 0.5933774814104579, 0.5670896089950185, 0.42356803344123684, 0.4634037538888348, 0.34261412057242574, 0.3333211626359232, 0.281322295546152, 0.2637406328965904, 0.3435575589300341, 0.2860495898231959, 0.2723095036307528, 0.2261649189623678, 0.22161736615761451, 0.23354268570098385, 0.24400932143092346, 0.24906375035524939, 0.24047849827096057, 0.21114840691725303, 0.2300609149406575, 0.2331251176904626, 0.19956647524473725, 0.2163963136871221, 0.20259345812533217, 0.19540958697418237, 0.21704025132801075, 0.19545002505932133, 0.20073761136506857, 0.20660239987588447, 0.2044018183424802, 0.20114798527666972, 0.1956433964074607, 0.19776344071453805, 0.2175827006202126, 0.20282980686040286, 0.20229569836174863, 0.19979318455721778, 0.20404032285059773, 0.20761106656749354, 0.2123320444662585, 0.20644839237497675, 0.20874244484429064], "val_acc": [0.10250796178343949, 0.11723726114649681, 0.2190485668789809, 0.1872014331210191, 0.21248009554140126, 0.41580414012738853, 0.4239649681528662, 0.7307921974522293, 0.7446257961783439, 0.8210589171974523, 0.8050358280254777, 0.8763933121019108, 0.8491242038216561, 0.8927149681528662, 0.8912221337579618, 0.912718949044586, 0.9188893312101911, 0.8837579617834395, 0.9057523885350318, 0.9106289808917197, 0.9280453821656051, 0.9309315286624203, 0.9248606687898089, 0.9236664012738853, 0.9201831210191083, 0.9239649681528662, 0.9317277070063694, 0.9282444267515924, 0.9255573248407644, 0.9377985668789809, 0.9327229299363057, 0.9360071656050956, 0.9413813694267515, 0.9354100318471338, 0.9418789808917197, 0.9414808917197452, 0.9377985668789809, 0.9399880573248408, 0.9409832802547771, 0.943968949044586, 0.9424761146496815, 0.9378980891719745, 0.9414808917197452, 0.943172770700637, 0.9435708598726115, 0.9421775477707006, 0.9415804140127388, 0.9426751592356688, 0.9448646496815286, 0.9419785031847133], "loss": [2.3014095723629, 2.2987000644207, 2.2921211570501328, 2.2821739464998245, 2.2576873898506165, 2.1810429096221924, 1.8138020187616348, 1.3795093521475792, 1.1197993829846382, 0.9096341542899609, 0.7572580128908157, 0.6648966185748577, 0.5771933887153864, 0.555365651845932, 0.4313679374754429, 0.4177776528522372, 0.4138888232409954, 0.3076222501695156, 0.3149986322969198, 0.3106020065024495, 0.25748901534825563, 0.25620793271809816, 0.22073543351143599, 0.2058268440887332, 0.18645918741822243, 0.18634276185184717, 0.16060310881584883, 0.1612416380085051, 0.16185517190024257, 0.14136446313932538, 0.15575070260092616, 0.14249989250674844, 0.12274986831471324, 0.091922638239339, 0.0997773022390902, 0.09429937694221735, 0.1099138162098825, 0.09995695378165692, 0.08147260244004428, 0.08938090642914176, 0.09620143566280603, 0.07669074810110033, 0.06297316064592451, 0.07597164250910282, 0.0663043747190386, 0.06948711699806154, 0.043242415762506425, 0.055672028101980686, 0.05239468067884445, 0.051336308591999114], "acc": [0.1025390625, 0.1220703125, 0.1650390625, 0.2236328125, 0.2158203125, 0.24609375, 0.416015625, 0.5478515625, 0.6494140625, 0.7041015625, 0.7470703125, 0.779296875, 0.80859375, 0.830078125, 0.857421875, 0.86328125, 0.865234375, 0.8984375, 0.900390625, 0.8974609375, 0.9150390625, 0.90234375, 0.927734375, 0.9287109375, 0.935546875, 0.9365234375, 0.9521484375, 0.947265625, 0.94921875, 0.9521484375, 0.9453125, 0.94921875, 0.9638671875, 0.966796875, 0.97265625, 0.9697265625, 0.962890625, 0.9609375, 0.9736328125, 0.9697265625, 0.9638671875, 0.9765625, 0.982421875, 0.9755859375, 0.978515625, 0.9775390625, 0.990234375, 0.9794921875, 0.982421875, 0.9873046875], "test_loss": 0.2328436211074827, "test_acc": 0.9410828025477707, "sample": "multi-normal"}