{"val_loss": [2.2997509476485525, 2.296196034000178, 2.3243996413650025, 2.1798706738052855, 1.8274647688410084, 1.047588788020383, 0.8681988725616674, 1.0962151642058306, 0.6403145761626541, 0.5875793579657367, 0.5397937059592289, 0.5648667757773096, 0.5222954042018599, 0.5376540744190763, 0.4481180754911368, 0.3891439807785165, 0.37987512584989236, 0.34835655315761355, 0.45335653519174857, 0.4856640041633776, 0.3651658087541723, 0.34971484743580694, 0.3081214961233982, 0.35621624164117177, 0.33891888190606595, 0.34788907267105806, 0.3099399377609704, 0.2849043744414523, 0.3022258788537068, 0.29322774661408296, 0.282215928670707, 0.28906707579246277, 0.3387738235152451, 0.2936779570997141, 0.27883666377087496, 0.29734245894749645, 0.30138565547716845, 0.3006379517376613, 0.29838281894802665, 0.3100738678198711, 0.2914421619242354, 0.30146360391703475, 0.29520399796118024, 0.26675172845364375, 0.29146048407052544, 0.3007597056407315, 0.27542784613124127, 0.30214802193111345, 0.29272311506792903, 0.2691314830778428], "val_acc": [0.15664808917197454, 0.10728503184713375, 0.3046377388535032, 0.2633359872611465, 0.2887141719745223, 0.6890923566878981, 0.721437101910828, 0.523984872611465, 0.8073248407643312, 0.8172770700636943, 0.8406648089171974, 0.8214570063694268, 0.846437101910828, 0.8280254777070064, 0.8619625796178344, 0.8803742038216561, 0.8850517515923567, 0.8951035031847133, 0.862062101910828, 0.8455414012738853, 0.8872412420382165, 0.8943073248407644, 0.9065485668789809, 0.8913216560509554, 0.9010748407643312, 0.8969944267515924, 0.9084394904458599, 0.9128184713375797, 0.9097332802547771, 0.9121218152866242, 0.9157046178343949, 0.9166998407643312, 0.9037619426751592, 0.9139132165605095, 0.9196855095541401, 0.9140127388535032, 0.9129179936305732, 0.916202229299363, 0.9161027070063694, 0.9131170382165605, 0.9170979299363057, 0.9166003184713376, 0.9171974522292994, 0.9222730891719745, 0.9179936305732485, 0.9170979299363057, 0.9242635350318471, 0.917296974522293, 0.9210788216560509, 0.9260549363057324], "loss": [2.2984595000743866, 2.2616236209869385, 2.167656809091568, 2.055937923491001, 1.6850213930010796, 1.3290001787245274, 1.05159592628479, 0.9089845977723598, 0.6622512936592102, 0.6271492671221495, 0.5955955535173416, 0.5057991221547127, 0.47386344335973263, 0.43833363987505436, 0.40018934197723866, 0.3781248088926077, 0.3738607205450535, 0.29960488993674517, 0.3062886083498597, 0.30245819967240095, 0.264371819794178, 0.2527480283752084, 0.22210088092833757, 0.21881026960909367, 0.19491408905014396, 0.21577822463586926, 0.17440045066177845, 0.19007328851148486, 0.15885308105498552, 0.15734271705150604, 0.16179886041209102, 0.14886064920574427, 0.13854996673762798, 0.14637397159822285, 0.11442851950414479, 0.1357861408032477, 0.10717139928601682, 0.11330576334148645, 0.0996264818822965, 0.10741516156122088, 0.09632113203406334, 0.08767334092408419, 0.08346110791899264, 0.09598105144686997, 0.08234097668901086, 0.08343656780198216, 0.07585645699873567, 0.06359238363802433, 0.06833323754835874, 0.058987979660741985], "acc": [0.140625, 0.1982421875, 0.22265625, 0.376953125, 0.4482421875, 0.5791015625, 0.6650390625, 0.712890625, 0.8017578125, 0.80078125, 0.8212890625, 0.8330078125, 0.8603515625, 0.8623046875, 0.876953125, 0.875, 0.890625, 0.9033203125, 0.896484375, 0.900390625, 0.9169921875, 0.9140625, 0.9189453125, 0.9267578125, 0.9423828125, 0.9287109375, 0.94921875, 0.9326171875, 0.9462890625, 0.9482421875, 0.9482421875, 0.947265625, 0.94921875, 0.9443359375, 0.962890625, 0.9521484375, 0.9609375, 0.9638671875, 0.9677734375, 0.9638671875, 0.96875, 0.96875, 0.9677734375, 0.9736328125, 0.974609375, 0.970703125, 0.9775390625, 0.9775390625, 0.9775390625, 0.9873046875], "test_loss": 0.2717011288864313, "test_acc": 0.9294386942675159, "sample": "random"}