{"val_loss": [2.3015577261614952, 2.3020478646466684, 2.349872640743377, 2.123321186964679, 1.6855212176681325, 1.2477577958896662, 1.2939980702035745, 0.8643917557160565, 0.7500117138312881, 0.6804605064688215, 0.6321071494536795, 0.6977101741892517, 0.5626603086852724, 0.48804095809816556, 0.4599845930459393, 0.4578118534509543, 0.41980031030667814, 0.43288283866302224, 0.3909476832931588, 0.4266206160852104, 0.37325890722927774, 0.3709537248560198, 0.41186613810195283, 0.425010686230128, 0.38770651480384694, 0.390104333140478, 0.3604413456740273, 0.3664975259571698, 0.39712238864629135, 0.35458630284258896, 0.3509852291695821, 0.35338315794802017, 0.4037921107403792, 0.3992727327332565, 0.35837367548945415, 0.3753673111794481, 0.3854691779039278, 0.3875658006769172, 0.37339103802042023, 0.39452919502487516, 0.3691028656651545, 0.3907553288065324, 0.3968264855515615, 0.405898011277673, 0.38913289371694015, 0.4062049242543282, 0.39798266370335866, 0.383559045402606, 0.3710873263656713, 0.39376192606368643], "val_acc": [0.13992834394904458, 0.11992436305732485, 0.18829617834394904, 0.2565684713375796, 0.4263535031847134, 0.6049960191082803, 0.5760350318471338, 0.7327826433121019, 0.7879179936305732, 0.7890127388535032, 0.8172770700636943, 0.7940883757961783, 0.8249402866242038, 0.849422770700637, 0.8627587579617835, 0.8671377388535032, 0.8706210191082803, 0.8701234076433121, 0.8837579617834395, 0.8765923566878981, 0.8914211783439491, 0.8897292993630573, 0.8737062101910829, 0.8744028662420382, 0.887937898089172, 0.8869426751592356, 0.8942078025477707, 0.8957006369426752, 0.8902269108280255, 0.9017714968152867, 0.9021695859872612, 0.9008757961783439, 0.8920183121019108, 0.8931130573248408, 0.9075437898089171, 0.8996815286624203, 0.8985867834394905, 0.8980891719745223, 0.9018710191082803, 0.8986863057324841, 0.9039609872611465, 0.9008757961783439, 0.9010748407643312, 0.8995820063694268, 0.908140923566879, 0.9031648089171974, 0.9037619426751592, 0.9075437898089171, 0.9116242038216561, 0.9078423566878981], "loss": [2.2982975095510483, 2.2680384814739227, 2.1517397612333298, 1.9808030650019646, 1.638158842921257, 1.2848992496728897, 1.1031999811530113, 0.9647283405065536, 0.84768121317029, 0.7304552774876356, 0.7303199544548988, 0.646423052996397, 0.5682867933064699, 0.5434018820524216, 0.4506318438798189, 0.45489757135510445, 0.40378213953226805, 0.4021722413599491, 0.37819042801856995, 0.35901757702231407, 0.3148302407935262, 0.28997610695660114, 0.25568129727616906, 0.2447750000283122, 0.28048580838367343, 0.20960706658661366, 0.2263847179710865, 0.19397352635860443, 0.1928188749589026, 0.1492069666273892, 0.17387363454326987, 0.17348379269242287, 0.13932135910727084, 0.1359339407645166, 0.12159914756193757, 0.11033210903406143, 0.1052481469232589, 0.1437961170449853, 0.11273968080058694, 0.10738220764324069, 0.08894465328194201, 0.09859454864636064, 0.09546279371716082, 0.07549209450371563, 0.07482214435003698, 0.08253273961599916, 0.07601739256642759, 0.07842929614707828, 0.06633029435761273, 0.0751415747217834], "acc": [0.13671875, 0.263671875, 0.296875, 0.357421875, 0.427734375, 0.583984375, 0.6328125, 0.66015625, 0.701171875, 0.7568359375, 0.74609375, 0.765625, 0.8095703125, 0.802734375, 0.8466796875, 0.8525390625, 0.8623046875, 0.859375, 0.8701171875, 0.876953125, 0.8896484375, 0.91015625, 0.9091796875, 0.9091796875, 0.90234375, 0.9296875, 0.9208984375, 0.9306640625, 0.9345703125, 0.947265625, 0.9384765625, 0.9384765625, 0.9599609375, 0.9580078125, 0.9541015625, 0.962890625, 0.96875, 0.9443359375, 0.95703125, 0.9619140625, 0.97265625, 0.966796875, 0.9638671875, 0.9755859375, 0.9755859375, 0.974609375, 0.9765625, 0.96875, 0.982421875, 0.97265625], "test_loss": 0.37405351139931303, "test_acc": 0.910828025477707, "sample": "normal"}