{"val_loss": [2.3025074567005133, 2.3019805956797996, 2.319629886347777, 2.357512032150463, 2.221429484665014, 1.7066272876824542, 1.4849815216793376, 1.0689759634102984, 0.9337466932406091, 0.7444708036009673, 0.6313592249610621, 0.535775082506192, 0.5137301521126632, 0.4560669138553036, 0.4175507340366673, 0.4086243904130474, 0.3929680169672723, 0.37899720455241054, 0.3345815374213419, 0.31327669806541153, 0.32212862021224514, 0.2882808464205569, 0.30493242613923777, 0.26699441868313556, 0.2526751015643785, 0.24352513323686306, 0.25274675362001936, 0.2675256859867056, 0.25747793632897603, 0.2381088867380171, 0.2442834915201755, 0.25371082147263035, 0.2304691383199897, 0.2510225370787321, 0.2543830268654474, 0.23413240552470563, 0.23137304303681205, 0.2712327804368962, 0.2556119254511443, 0.24917337457963806, 0.24823356041933892, 0.24812004620885583, 0.25399356493192493, 0.27189565014248346, 0.2560304651202954, 0.25256744170395334, 0.2615383481784801, 0.26501339716409705, 0.26210010451691784, 0.2552095654726052], "val_acc": [0.0999203821656051, 0.09623805732484077, 0.09613853503184713, 0.17754777070063693, 0.3002587579617834, 0.4355095541401274, 0.4629777070063694, 0.6091759554140127, 0.6933718152866242, 0.7517914012738853, 0.7835390127388535, 0.8397691082802548, 0.8433519108280255, 0.8538017515923567, 0.8687300955414012, 0.8679339171974523, 0.87609474522293, 0.8824641719745223, 0.8928144904458599, 0.9075437898089171, 0.8927149681528662, 0.9067476114649682, 0.902468152866242, 0.9152070063694268, 0.9213773885350318, 0.9226711783439491, 0.9201831210191083, 0.9140127388535032, 0.9212778662420382, 0.9259554140127388, 0.9253582802547771, 0.9216759554140127, 0.9301353503184714, 0.9248606687898089, 0.9232683121019108, 0.930234872611465, 0.9293391719745223, 0.9200835987261147, 0.9238654458598726, 0.9246616242038217, 0.9279458598726115, 0.9278463375796179, 0.9281449044585988, 0.9231687898089171, 0.9286425159235668, 0.9306329617834395, 0.9280453821656051, 0.9286425159235668, 0.9254578025477707, 0.9313296178343949], "loss": [2.2981686294078827, 2.2883700728416443, 2.257606953382492, 2.2018913626670837, 2.142910346388817, 1.8762916028499603, 1.5827965661883354, 1.2935871630907059, 1.1426888927817345, 0.9801996499300003, 0.8326094448566437, 0.7911147400736809, 0.670270960777998, 0.5937708057463169, 0.5471160560846329, 0.5582917667925358, 0.5058414582163095, 0.43493458442389965, 0.42974606342613697, 0.36213285103440285, 0.3744626846164465, 0.3386675510555506, 0.306452558375895, 0.3071718206629157, 0.27285148575901985, 0.24493395909667015, 0.2312583290040493, 0.21620664559304714, 0.19121590396389365, 0.20419316226616502, 0.19437630148604512, 0.16172742121852934, 0.1625760984607041, 0.15805201465263963, 0.15702061471529305, 0.1285804605577141, 0.13108821166679263, 0.12076514773070812, 0.13148710620589554, 0.1135663955938071, 0.09574911487288773, 0.08553838776424527, 0.07452218793332577, 0.06448878045193851, 0.08463314268738031, 0.07841813610866666, 0.07192009256687015, 0.07723775948397815, 0.07559107674751431, 0.07920396071858704], "acc": [0.1337890625, 0.154296875, 0.1552734375, 0.169921875, 0.3125, 0.4296875, 0.4794921875, 0.5771484375, 0.623046875, 0.6787109375, 0.72265625, 0.732421875, 0.783203125, 0.7978515625, 0.82421875, 0.8076171875, 0.8349609375, 0.8525390625, 0.853515625, 0.8671875, 0.873046875, 0.8876953125, 0.8955078125, 0.8935546875, 0.908203125, 0.9130859375, 0.912109375, 0.9287109375, 0.927734375, 0.923828125, 0.9384765625, 0.9345703125, 0.9501953125, 0.9501953125, 0.9521484375, 0.9560546875, 0.9541015625, 0.9599609375, 0.9580078125, 0.9609375, 0.962890625, 0.970703125, 0.98046875, 0.9853515625, 0.9697265625, 0.974609375, 0.9765625, 0.9775390625, 0.9755859375, 0.970703125], "test_loss": 0.25250746794697493, "test_acc": 0.9358081210191083, "sample": "multi-normal"}