{"val_loss": [2.3008858777914836, 2.350264942570097, 2.4564586035005607, 2.5781630110588805, 1.8084330976389016, 1.6176340466092347, 1.410413954288337, 1.5673307184201137, 1.5751464670630777, 1.9343157577666508, 2.125076374430565, 2.281455757511649, 2.3874736120746394, 2.508013666815059, 2.5322220902534047, 2.5449103079024393, 2.498818727815227, 2.5758268449716506, 2.664563863140762, 2.7469650628460442, 2.757240732004688, 2.753614947294733, 2.736501705494656, 2.823472452391485, 2.8244160375777323, 2.8673963303778582, 2.8957896908377387, 2.934244469472557, 2.9684269428253174, 2.9506692962282024, 2.9215596792804206, 2.958439453392272, 2.9844277474530942, 2.9651010552788994, 2.9737092332475505, 2.970037429955355, 2.9735995007168716, 2.9650590723487222, 2.9881151686808107, 3.004722917155855, 2.9815810523974666, 2.964957272171215, 2.9891955913252133, 3.028623511077492, 3.0349215003335552, 3.0287387371063232, 3.02054164477974, 3.053989506830835, 3.038605913235124, 3.125516282525032], "val_acc": [0.1032046178343949, 0.10300557324840764, 0.24303343949044587, 0.2740843949044586, 0.455015923566879, 0.5467754777070064, 0.6362460191082803, 0.6392316878980892, 0.6528662420382165, 0.6531648089171974, 0.6456011146496815, 0.6509753184713376, 0.6563495222929936, 0.6584394904458599, 0.6693869426751592, 0.6669984076433121, 0.6755573248407644, 0.6689888535031847, 0.6653065286624203, 0.6587380573248408, 0.6633160828025477, 0.6659036624203821, 0.6660031847133758, 0.6605294585987261, 0.6681926751592356, 0.6666003184713376, 0.6665007961783439, 0.6673964968152867, 0.6638136942675159, 0.6633160828025477, 0.6723726114649682, 0.6692874203821656, 0.6631170382165605, 0.6666003184713376, 0.6705812101910829, 0.6732683121019108, 0.6766520700636943, 0.6749601910828026, 0.671875, 0.6661027070063694, 0.6728702229299363, 0.6774482484076433, 0.6758558917197452, 0.673765923566879, 0.6777468152866242, 0.6758558917197452, 0.676453025477707, 0.6726711783439491, 0.6758558917197452, 0.6665007961783439], "loss": [2.2934108525514603, 2.226694032549858, 2.0431990548968315, 1.604774460196495, 1.1094036884605885, 0.7277656346559525, 0.5351653341203928, 0.28418876230716705, 0.21699697291478515, 0.07837860775180161, 0.05770158127415925, 0.028090451378375292, 0.02505156840197742, 0.019107803382212296, 0.0182962495891843, 0.011026523483451456, 0.015142105286940932, 0.008875528481439687, 0.004101767292013392, 0.0071324553864542395, 0.003769238966924604, 0.003928984020603821, 0.002927508619904984, 0.0030889245390426368, 0.0038559921849810053, 0.00427759243757464, 0.0019849390555464197, 0.0027803863486042246, 0.0037097013955644798, 0.0032070598117570626, 0.0015172711136983708, 0.001418870859197341, 0.003123055857940926, 0.0018429271131026326, 0.001224643996465602, 0.0019485455231915694, 0.0016774456980783725, 0.004788986838320852, 0.004502659117861185, 0.002353879824113392, 0.002811633385135792, 0.0014861912786727771, 0.0013566170991907711, 0.0010883348522838787, 0.004216221230308292, 0.0005857952382939402, 0.0008543153580831131, 0.0005624006143989391, 0.001068791420038906, 0.001100025695450313], "acc": [0.1669921875, 0.1884765625, 0.2587890625, 0.50390625, 0.6572265625, 0.7646484375, 0.822265625, 0.9140625, 0.9345703125, 0.9853515625, 0.98828125, 0.99609375, 0.9951171875, 0.9970703125, 0.994140625, 0.9990234375, 0.9951171875, 0.998046875, 1.0, 0.9990234375, 1.0, 1.0, 1.0, 1.0, 0.9990234375, 1.0, 1.0, 1.0, 0.9990234375, 0.9990234375, 1.0, 1.0, 0.9990234375, 1.0, 1.0, 1.0, 1.0, 0.9990234375, 0.9990234375, 1.0, 0.9990234375, 1.0, 1.0, 1.0, 0.9990234375, 1.0, 1.0, 1.0, 1.0, 1.0], "test_loss": 3.0770940355434537, "test_acc": 0.6734673566878981, "sample": "normal"}