{"val_loss": [2.2960662295104592, 2.281842954599174, 2.2280229899533994, 1.6992953909430535, 1.4120548451022736, 1.1971588651086116, 0.9894179138028698, 0.7613457353061931, 0.8618109062978416, 0.8463472704978505, 1.0877244318746457, 0.8578324695681311, 0.9930103383721061, 1.0800235726081642, 1.0363156779841254, 1.150486778206886, 1.1485999930341533, 1.1610661622160559, 1.2018397833416417, 1.1975322229087733, 1.2340920831367468, 1.2807123309867396, 1.2494272204934602, 1.2831623425149614, 1.3027316349422096, 1.2840630921778406, 1.292230411723351, 1.3826436952800507, 1.3645889708760437, 1.3344051361938192, 1.3546958617913496, 1.3952571411800991, 1.3945168595594966, 1.3982665861013588, 1.3976212708623545, 1.4526963044124044, 1.4375799116055676, 1.4110912286267159, 1.4397635374953792, 1.4124027279436968, 1.3856392363264303, 1.4140481622355758, 1.4330459485767753, 1.5328785780888454, 1.443356070833601, 1.5019682036463622, 1.4650297454279508, 1.5909470144160993, 1.479978752316563, 1.4591691011361256], "val_acc": [0.1237062101910828, 0.1526671974522293, 0.19804936305732485, 0.5436902866242038, 0.5645899681528662, 0.5849920382165605, 0.7008359872611465, 0.761046974522293, 0.7478105095541401, 0.7672173566878981, 0.7333797770700637, 0.7975716560509554, 0.7870222929936306, 0.7717953821656051, 0.7884156050955414, 0.7773686305732485, 0.7849323248407644, 0.7895103503184714, 0.7832404458598726, 0.7925955414012739, 0.7914012738853503, 0.7854299363057324, 0.7938893312101911, 0.7923964968152867, 0.7918988853503185, 0.7956807324840764, 0.798765923566879, 0.7872213375796179, 0.7906050955414012, 0.7988654458598726, 0.7966759554140127, 0.7906050955414012, 0.7926950636942676, 0.7938893312101911, 0.7935907643312102, 0.7859275477707006, 0.7891122611464968, 0.7963773885350318, 0.7942874203821656, 0.7966759554140127, 0.798765923566879, 0.7971735668789809, 0.7953821656050956, 0.78125, 0.7942874203821656, 0.7901074840764332, 0.7933917197452229, 0.7820461783439491, 0.7911027070063694, 0.7960788216560509], "loss": [2.294759303331375, 2.2769765108823776, 2.230162262916565, 2.0089873895049095, 1.5055448189377785, 1.0194445699453354, 0.6618262678384781, 0.4914610031992197, 0.36089925188571215, 0.2655707448720932, 0.1842246842570603, 0.11606734991073608, 0.06797508033923805, 0.07434663886670023, 0.06203559669665992, 0.031485288636758924, 0.030868736910633743, 0.03408334119012579, 0.01900128586567007, 0.020569409272866324, 0.00972832294064574, 0.007700583519181237, 0.010193571011768654, 0.0119147314253496, 0.008529851285857148, 0.006321433538687415, 0.010158559583942406, 0.006591533296159469, 0.005831462549394928, 0.006950631832296494, 0.007323983219976071, 0.004452492321433965, 0.004067669451615075, 0.0031547929684165865, 0.006775017536710948, 0.004808920471987221, 0.004284823135094484, 0.0013251338386908174, 0.008084732489805901, 0.006054324079741491, 0.00429382178481319, 0.002464650824549608, 0.0019317831884109182, 0.005099408748719725, 0.0024185742186091375, 0.004051514015372959, 0.007214772089355392, 0.0032754337771621067, 0.0022826932909083553, 0.0019362586626812117], "acc": [0.1181640625, 0.14453125, 0.2119140625, 0.4140625, 0.5185546875, 0.6787109375, 0.76953125, 0.8212890625, 0.873046875, 0.91015625, 0.9365234375, 0.9658203125, 0.9873046875, 0.974609375, 0.9833984375, 0.994140625, 0.9931640625, 0.9873046875, 0.9951171875, 0.9951171875, 0.9990234375, 1.0, 0.9970703125, 0.9990234375, 0.998046875, 1.0, 0.998046875, 1.0, 1.0, 0.99609375, 0.998046875, 1.0, 1.0, 1.0, 0.9990234375, 1.0, 0.998046875, 1.0, 0.9970703125, 0.9990234375, 0.998046875, 1.0, 1.0, 0.99609375, 1.0, 0.998046875, 0.998046875, 0.9990234375, 1.0, 1.0], "test_loss": 1.4442170141324115, "test_acc": 0.7894108280254777, "sample": "multi-normal-cluster"}