{"val_loss": [2.299618241133963, 2.3161390101074413, 2.3557877130569165, 2.1295877444516322, 1.6350672115945513, 1.5625608870937566, 1.4371591897527123, 1.370617860062107, 1.1818408161211924, 1.2800346890072913, 1.38375287166067, 1.4623248478409592, 1.5196509824436941, 1.7104471192997732, 1.9099999453611434, 1.78054428973775, 1.9505493101800324, 2.0160429553621135, 2.107835142475784, 1.993304094311538, 2.0673344036576093, 2.1597730430068482, 2.123381673910056, 2.0586384367790953, 2.1817817763917766, 2.30588525116064, 2.2694126965513655, 2.203156118180342, 2.2000122434774023, 2.248171988945858, 2.214848648590647, 2.26245686278981, 2.231818675235578, 2.309548617548244, 2.2375325141059363, 2.2423043736986292, 2.250761020335422, 2.333466387858057, 2.406869089907142, 2.3799823799710365, 2.4329292307234116, 2.386076895674323, 2.3337447960285624, 2.4527914573432534, 2.3013171018308896, 2.2319350846254142, 2.357959609122793, 2.295104451999543, 2.22621530636101, 2.3120874094355637], "val_acc": [0.16938694267515925, 0.1813296178343949, 0.20889729299363058, 0.3851512738853503, 0.5033837579617835, 0.5364251592356688, 0.5869824840764332, 0.598328025477707, 0.6552547770700637, 0.6292794585987261, 0.6457006369426752, 0.6611265923566879, 0.6583399681528662, 0.663515127388535, 0.6482882165605095, 0.6695859872611465, 0.6625199044585988, 0.660031847133758, 0.6576433121019108, 0.6677945859872612, 0.6689888535031847, 0.662718949044586, 0.666202229299363, 0.6795382165605095, 0.6736664012738853, 0.6630175159235668, 0.6688893312101911, 0.6720740445859873, 0.6755573248407644, 0.6717754777070064, 0.6730692675159236, 0.6716759554140127, 0.6750597133757962, 0.6725716560509554, 0.6765525477707006, 0.6780453821656051, 0.6807324840764332, 0.6725716560509554, 0.6711783439490446, 0.6722730891719745, 0.6660031847133758, 0.6721735668789809, 0.6766520700636943, 0.6687898089171974, 0.6835191082802548, 0.6902866242038217, 0.6787420382165605, 0.6836186305732485, 0.6898885350318471, 0.6835191082802548], "loss": [2.292937159538269, 2.238396942615509, 2.1050042286515236, 1.84389828145504, 1.4333686232566833, 1.0593963488936424, 0.8000843040645123, 0.6036351341754198, 0.456763818860054, 0.3966488968580961, 0.22470541950315237, 0.1687119514681399, 0.12948301946744323, 0.05945920117665082, 0.04377454781206325, 0.03665795235428959, 0.027301663387333974, 0.015233952552080154, 0.012979990860912949, 0.010597558808512986, 0.012451474001863971, 0.007925492187496275, 0.006521388961118646, 0.009134923835517839, 0.006761830009054393, 0.005055932211689651, 0.007550085148977814, 0.007399427879136056, 0.0030896683419996407, 0.0033340092268190347, 0.007726203217316652, 0.005183876994124148, 0.00571742671309039, 0.0028074542569811456, 0.0027183350794075523, 0.003630766561400378, 0.0021726308405050077, 0.0028672418811765965, 0.004338579066825332, 0.002183990567573346, 0.0033006414560077246, 0.0021289231390255736, 0.0016166770274139708, 0.0030385111767827766, 0.001465471155825071, 0.0018756963254418224, 0.0011449982139311032, 0.002939112715466763, 0.003551805251845508, 0.0018250996436108835], "acc": [0.1708984375, 0.2568359375, 0.275390625, 0.40625, 0.5498046875, 0.6640625, 0.7431640625, 0.8076171875, 0.8466796875, 0.8798828125, 0.9326171875, 0.943359375, 0.958984375, 0.986328125, 0.9873046875, 0.9921875, 0.9951171875, 0.998046875, 0.9990234375, 0.9970703125, 0.9951171875, 0.9990234375, 1.0, 0.9970703125, 0.9990234375, 0.9990234375, 0.998046875, 0.9990234375, 1.0, 0.9990234375, 0.99609375, 0.9990234375, 0.998046875, 1.0, 1.0, 0.9990234375, 1.0, 1.0, 0.9990234375, 0.9990234375, 1.0, 1.0, 1.0, 0.9990234375, 1.0, 1.0, 1.0, 0.9990234375, 0.998046875, 0.9990234375], "test_loss": 2.277314982216829, "test_acc": 0.6902866242038217, "sample": "multi-normal"}