{"val_loss": [2.2993209847978724, 2.3160570153764857, 2.4226571268336787, 2.2819546863531612, 2.021146512335273, 1.4309566058930319, 1.382421081612824, 1.0383675800766914, 0.8541633725925616, 0.9890686664611671, 0.6822563901448705, 0.7259006005753378, 0.6369699245900106, 0.563494086218108, 0.6016470986851461, 0.5534650034205929, 0.5756790851047084, 0.5313279973283694, 0.4726012323027963, 0.4919248583020678, 0.44013492865072695, 0.483917988385934, 0.399259615108181, 0.41766774487106284, 0.4932389680035175, 0.4590949655694377, 0.43750053716550585, 0.5258490236084552, 0.43684592344768486, 0.4758407966393954, 0.4148439152483609, 0.4546514631421038, 0.4569428837650521, 0.4553560238853572, 0.4386739216175429, 0.4353304735746733, 0.40763746280887514, 0.43125942273504414, 0.4923217755528819, 0.47227938215183035, 0.4324339801967619, 0.4381193652760926, 0.43798961404304665, 0.43284638019598976, 0.445706499983693, 0.43022821727060495, 0.46399201611264546, 0.48113364896553146, 0.4735965781317205, 0.5112143666216522], "val_acc": [0.1350517515923567, 0.09802945859872611, 0.16222133757961785, 0.2484076433121019, 0.2620421974522293, 0.5340366242038217, 0.4974124203821656, 0.6210191082802548, 0.7451234076433121, 0.6785429936305732, 0.7919984076433121, 0.7584593949044586, 0.8040406050955414, 0.823546974522293, 0.806827229299363, 0.826234076433121, 0.82703025477707, 0.8396695859872612, 0.8554936305732485, 0.8526074840764332, 0.8665406050955414, 0.8545979299363057, 0.8827627388535032, 0.8794785031847133, 0.8571855095541401, 0.8727109872611465, 0.8777866242038217, 0.8534036624203821, 0.8825636942675159, 0.8736066878980892, 0.8862460191082803, 0.8853503184713376, 0.8844546178343949, 0.8855493630573248, 0.8903264331210191, 0.8935111464968153, 0.897093949044586, 0.897890127388535, 0.8852507961783439, 0.8871417197452229, 0.8955015923566879, 0.8993829617834395, 0.9000796178343949, 0.8974920382165605, 0.8992834394904459, 0.901671974522293, 0.8958996815286624, 0.8926154458598726, 0.8958996815286624, 0.890625], "loss": [2.2923678010702133, 2.236763045191765, 2.0866321325302124, 2.0087387189269066, 1.7354312539100647, 1.4510268718004227, 1.2285767495632172, 1.01307999715209, 0.8538116924464703, 0.7588580697774887, 0.6940066032111645, 0.6365375630557537, 0.47817854955792427, 0.44047949463129044, 0.4785858578979969, 0.37972822692245245, 0.3284340612590313, 0.3039258439093828, 0.33234078250825405, 0.2635273961350322, 0.24565142067149282, 0.2534134481102228, 0.2120538647286594, 0.21551601588726044, 0.16308632399886847, 0.16295958030968904, 0.1319901943206787, 0.12354209693148732, 0.14555263798683882, 0.13851299206726253, 0.10510750813409686, 0.0943123351316899, 0.10723199835047126, 0.09093366330489516, 0.07538142940029502, 0.07368939113803208, 0.07200592535082251, 0.0733064936939627, 0.06415047438349575, 0.060128887416794896, 0.06714529951568693, 0.03812789323274046, 0.04059894970851019, 0.05130741265020333, 0.04827899922383949, 0.05617263278691098, 0.03999543425743468, 0.04201938840560615, 0.030562540458049625, 0.03314145893091336], "acc": [0.2041015625, 0.2353515625, 0.259765625, 0.341796875, 0.4228515625, 0.5166015625, 0.5693359375, 0.6494140625, 0.7197265625, 0.7578125, 0.7587890625, 0.78515625, 0.837890625, 0.8525390625, 0.8349609375, 0.8828125, 0.89453125, 0.8974609375, 0.8857421875, 0.9140625, 0.912109375, 0.91796875, 0.935546875, 0.9365234375, 0.94921875, 0.94921875, 0.9580078125, 0.96484375, 0.9501953125, 0.9501953125, 0.96484375, 0.9677734375, 0.95703125, 0.9677734375, 0.9814453125, 0.970703125, 0.9775390625, 0.9775390625, 0.98046875, 0.98046875, 0.9765625, 0.9892578125, 0.98828125, 0.984375, 0.9853515625, 0.9814453125, 0.990234375, 0.984375, 0.990234375, 0.9921875], "test_loss": 0.48812986566880895, "test_acc": 0.8958001592356688, "sample": "normal-cluster"}