{"val_loss": [2.2997921515422264, 2.3254745872157394, 2.4290717452954333, 2.4714434921361836, 1.8845974206924438, 1.797745053935203, 1.6060329151761001, 1.6141527655777659, 1.6541651787271925, 1.6157585553302887, 1.7718817853623894, 1.864047887598633, 1.8876119704003547, 2.6050300742410553, 2.252821437492492, 2.1919370623910504, 2.3924455851506274, 2.3422511098491157, 2.406285005010617, 2.3855241203004387, 2.535382840663764, 2.3857113559534597, 2.58062271099941, 2.514957975430094, 2.6796723547255157, 2.6423543133553427, 2.6093012345064976, 2.729973192047921, 2.7351018573827806, 2.735926857419834, 2.7669005386388985, 2.6930606372796806, 2.7315188422324552, 2.8056775657993973, 2.7299405473053078, 2.8257712847108296, 2.9672040271151596, 2.783223839322473, 2.794899983390881, 2.9829649173530046, 2.8519734083467227, 2.762946552152087, 2.844933616887232, 2.920297889193152, 2.9304902857276285, 3.03888080074529, 2.9650992971317023, 3.0504331171132955, 3.1179736328732437, 3.0236077073273386], "val_acc": [0.1032046178343949, 0.10300557324840764, 0.1621218152866242, 0.323546974522293, 0.35847929936305734, 0.43670382165605093, 0.4945262738853503, 0.5211982484076433, 0.5664808917197452, 0.5834992038216561, 0.597531847133758, 0.6043988853503185, 0.6045979299363057, 0.5423964968152867, 0.6022093949044586, 0.6135549363057324, 0.6064888535031847, 0.612062101910828, 0.6117635350318471, 0.6186305732484076, 0.6107683121019108, 0.6194267515923567, 0.6107683121019108, 0.6211186305732485, 0.6071855095541401, 0.6179339171974523, 0.6203224522292994, 0.6152468152866242, 0.6156449044585988, 0.6123606687898089, 0.6107683121019108, 0.618531050955414, 0.6188296178343949, 0.6145501592356688, 0.6215167197452229, 0.6168391719745223, 0.6080812101910829, 0.6156449044585988, 0.620421974522293, 0.6008160828025477, 0.6192277070063694, 0.6244028662420382, 0.6191281847133758, 0.6168391719745223, 0.615843949044586, 0.6088773885350318, 0.6142515923566879, 0.6114649681528662, 0.604796974522293, 0.6118630573248408], "loss": [2.290458917617798, 2.231440857052803, 2.0541828125715256, 1.6934954822063446, 1.3872064650058746, 1.0301482006907463, 0.8197158984839916, 0.621800672262907, 0.41984785720705986, 0.39242424722760916, 0.16290234355255961, 0.14350570901297033, 0.10702296090312302, 0.06328354845754802, 0.04419073881581426, 0.031740568578243256, 0.0235727199469693, 0.012375246500596404, 0.008562581075238995, 0.014234011032385752, 0.007865578780183569, 0.010248276390484534, 0.00635690767376218, 0.00889638105945778, 0.008345177971932571, 0.006616116967052221, 0.007141106962080812, 0.004311783421144355, 0.003273885748058092, 0.006736860173987225, 0.0038460962896351703, 0.002549306982473354, 0.008958231013821205, 0.0051605800872494, 0.004318995921494206, 0.0030297584962681867, 0.003158330924634356, 0.0014433889846259262, 0.005872749450645642, 0.003963248604122782, 0.0023207624235510593, 0.0039970204525161535, 0.002472880394634558, 0.0022560859433724545, 0.000974782107732608, 0.002063275980617618, 0.0019074826805081102, 0.0028071364395145793, 0.001346672636373114, 0.0016122641054607811], "acc": [0.16796875, 0.1806640625, 0.21484375, 0.44140625, 0.552734375, 0.6572265625, 0.7265625, 0.7880859375, 0.8671875, 0.8779296875, 0.958984375, 0.9560546875, 0.96875, 0.9833984375, 0.986328125, 0.9921875, 0.9931640625, 0.998046875, 0.9990234375, 0.9970703125, 0.9990234375, 0.9970703125, 1.0, 1.0, 0.998046875, 0.9990234375, 0.9970703125, 1.0, 1.0, 0.99609375, 1.0, 1.0, 0.998046875, 0.9990234375, 0.9990234375, 0.9990234375, 1.0, 1.0, 0.9970703125, 0.9990234375, 1.0, 0.9990234375, 0.9990234375, 1.0, 1.0, 0.9990234375, 1.0, 1.0, 1.0, 1.0], "test_loss": 2.931965933483877, "test_acc": 0.6208200636942676, "sample": "uniform-cluster"}