{"val_loss": [2.303065066124983, 2.5462807227092186, 2.7176844435892287, 2.7110873179830564, 3.383354680553363, 3.292273065846437, 2.2716964680677765, 2.262428073366736, 2.4503573072943716, 2.3708696183125686, 2.231813083788392, 2.2774271167767277, 1.9979887942599643, 1.9597105235810492, 2.2072493225146252, 2.1173099602103993, 1.7464121823098249, 1.9326179672957986, 1.7729800613063156, 1.5602561269596125, 1.6319398078948828, 1.8797791566059088, 1.855420853681625, 1.5960121648326802, 1.749901997815272, 1.5345781149378248, 1.510680278775039, 1.5915391646373045, 1.5981988644903633, 1.6434625531457792, 1.504476607984798, 1.5240492947921631, 1.5318626385585519, 1.5643626939339244, 1.463779144606013, 1.5242827950389521, 1.4725929779611575, 1.5247928116731584, 1.5075606147574772, 1.5820888121416614, 1.440149050799145, 1.7114521861076355, 1.5714182732211557, 1.5554012967522737, 1.5034772670193084, 1.6577387486293818, 1.4599598455391112, 1.5513760710407973, 1.6202774799553452, 1.5595782995224], "val_acc": [0.09802945859872611, 0.09783041401273886, 0.21407245222929935, 0.26711783439490444, 0.2464171974522293, 0.3010549363057325, 0.3935111464968153, 0.4164012738853503, 0.4317277070063694, 0.45332404458598724, 0.466859076433121, 0.4948248407643312, 0.5162221337579618, 0.5415007961783439, 0.5352308917197452, 0.5370222929936306, 0.5844944267515924, 0.5582205414012739, 0.5862858280254777, 0.6125597133757962, 0.6234076433121019, 0.5950437898089171, 0.6059912420382165, 0.631468949044586, 0.6224124203821656, 0.6418192675159236, 0.6616242038216561, 0.6614251592356688, 0.6455015923566879, 0.6456011146496815, 0.6688893312101911, 0.6658041401273885, 0.6724721337579618, 0.6666003184713376, 0.6776472929936306, 0.6667993630573248, 0.680234872611465, 0.6867038216560509, 0.6960589171974523, 0.6872014331210191, 0.7026273885350318, 0.675656847133758, 0.6929737261146497, 0.697452229299363, 0.7070063694267515, 0.6900875796178344, 0.7129777070063694, 0.7025278662420382, 0.6965565286624203, 0.7150676751592356], "loss": [2.2569231390953064, 1.9117823094129562, 1.6170020028948784, 1.1657670214772224, 0.8243221454322338, 0.599551485851407, 0.6151209734380245, 0.42387077026069164, 0.3847417617216706, 0.3271170174703002, 0.31749048829078674, 0.27916867285966873, 0.2573536289855838, 0.24060626048594713, 0.20971190324053168, 0.21188931493088603, 0.20240317285060883, 0.1422953379806131, 0.199074050411582, 0.14066669228486717, 0.15668864361941814, 0.13934941473416984, 0.15843583131209016, 0.13844953547231853, 0.10428622271865606, 0.14686498884111643, 0.10422366484999657, 0.09449825342744589, 0.10504666005726904, 0.08992253476753831, 0.0952704434748739, 0.09871009190101177, 0.07292177574709058, 0.0737900729291141, 0.0756431077606976, 0.08158866682788357, 0.07013133598957211, 0.054551862413063645, 0.05769797519315034, 0.04641971085220575, 0.05814384575933218, 0.05416273046284914, 0.052246531180571765, 0.036043575790245086, 0.04217019511270337, 0.04731181758688763, 0.044392168638296425, 0.028401676390785724, 0.03816181898582727, 0.04040142224403098], "acc": [0.275390625, 0.3525390625, 0.462890625, 0.6552734375, 0.771484375, 0.8427734375, 0.833984375, 0.8896484375, 0.8896484375, 0.9091796875, 0.9169921875, 0.921875, 0.921875, 0.927734375, 0.931640625, 0.9365234375, 0.9521484375, 0.9599609375, 0.94140625, 0.96484375, 0.955078125, 0.9609375, 0.9501953125, 0.962890625, 0.9716796875, 0.9541015625, 0.962890625, 0.9736328125, 0.9697265625, 0.9716796875, 0.970703125, 0.96875, 0.98046875, 0.9765625, 0.9755859375, 0.9697265625, 0.9755859375, 0.984375, 0.9814453125, 0.984375, 0.978515625, 0.984375, 0.9853515625, 0.9873046875, 0.9873046875, 0.984375, 0.984375, 0.990234375, 0.9853515625, 0.9853515625], "test_loss": 1.4448124093424743, "test_acc": 0.7270103503184714, "sample": "uniform"}