{"val_loss": [2.297537950953101, 2.802665526699868, 4.012532222043177, 3.6123658745152176, 3.5072121696107708, 3.8318680274258754, 3.960968893804368, 4.015356719873513, 4.270540257168424, 4.672952282960248, 4.615147877650656, 4.781246334124523, 4.92106866077253, 5.251223570222308, 4.853405355647871, 5.200549415722015, 5.227610138571187, 5.2211360369518305, 5.399848341182539, 5.509497805006185, 5.542533699873906, 5.456054441488472, 5.786796393667816, 5.675575947305958, 5.790942714472485, 5.9821357301845675, 5.7552058499330165, 5.7669542382477195, 5.817364340375184, 5.868748552480321, 5.837470513240547, 5.864429238495553, 5.902957594318754, 6.040571719977506, 5.856427965650133, 6.004471918579879, 6.031903348910581, 6.031141750372139, 6.034355979056874, 5.9828511058904565, 6.161074131157748, 6.043715385874366, 5.976387371682817, 5.958691413235512, 6.062657252998109, 6.092962605178736, 5.978777109437687, 6.071413811604688, 6.218827080574765, 6.097477609184897], "val_acc": [0.09802945859872611, 0.22810509554140126, 0.2888136942675159, 0.35141321656050956, 0.42486066878980894, 0.37549761146496813, 0.41391321656050956, 0.4484474522292994, 0.4445660828025478, 0.4300358280254777, 0.45232882165605093, 0.451234076433121, 0.4489450636942675, 0.43859474522292996, 0.46178343949044587, 0.4456608280254777, 0.45222929936305734, 0.453125, 0.4521297770700637, 0.45003980891719747, 0.45392117834394907, 0.4552149681528662, 0.44357085987261147, 0.4440684713375796, 0.44516321656050956, 0.4375, 0.4446656050955414, 0.44775079617834396, 0.45033837579617836, 0.44645700636942676, 0.45143312101910826, 0.45133359872611467, 0.4495421974522293, 0.4446656050955414, 0.4538216560509554, 0.44745222929936307, 0.45093550955414013, 0.4505374203821656, 0.4489450636942675, 0.45193073248407645, 0.44516321656050956, 0.45491640127388533, 0.4592953821656051, 0.4570063694267516, 0.45402070063694266, 0.4525278662420382, 0.45919585987261147, 0.4568073248407643, 0.44386942675159236, 0.45362261146496813], "loss": [2.253542199730873, 1.8780747279524803, 1.1556120961904526, 0.7079722080379725, 0.42929623648524284, 0.3438866687938571, 0.20174355758354068, 0.13855533162131906, 0.07853226689621806, 0.06311762251425534, 0.052557386457920074, 0.03888953154091723, 0.015390047337859869, 0.010459028300829232, 0.01998845030902885, 0.010502089135115966, 0.01763462126837112, 0.009110564147704281, 0.006437011499656364, 0.010740688856458291, 0.007255077951413114, 0.006759798649000004, 0.014261322052334435, 0.008506925034453161, 0.005642336458549835, 0.009104559816478286, 0.005361955853004474, 0.0028994176063861232, 0.0014612930390285328, 0.010729117273513111, 0.0026352033019065857, 0.0029239776340546086, 0.002227622961072484, 0.006330579544737702, 0.0029496662100427784, 0.002913179903771379, 0.004179030696832342, 0.0016746905312174931, 0.0013770652185485233, 0.0014919855020707473, 0.006996534331847215, 0.0014745269963896135, 0.0015658846150472527, 0.0016274751924356679, 0.0011558836176845944, 0.0018893353317253059, 0.0005817416067657177, 0.0023687724606133997, 0.0045697940468016895, 0.0012115621220800676], "acc": [0.244140625, 0.3037109375, 0.6884765625, 0.7783203125, 0.853515625, 0.875, 0.9296875, 0.9521484375, 0.98046875, 0.982421875, 0.98046875, 0.98828125, 0.9990234375, 0.9990234375, 0.9951171875, 0.998046875, 0.99609375, 0.998046875, 0.9990234375, 0.99609375, 0.998046875, 0.998046875, 0.998046875, 0.9970703125, 0.9990234375, 0.99609375, 0.998046875, 1.0, 1.0, 0.9970703125, 1.0, 1.0, 1.0, 0.998046875, 1.0, 0.9990234375, 0.998046875, 1.0, 1.0, 1.0, 0.998046875, 1.0, 1.0, 1.0, 1.0, 0.9990234375, 1.0, 1.0, 0.998046875, 1.0], "test_loss": 6.211974576779991, "test_acc": 0.44576035031847133, "sample": "uniform"}