{"val_loss": [2.3003743302290607, 2.294494311521008, 2.311063720921802, 2.2655095795916904, 1.7551993207567056, 1.2644808167105268, 0.8921204015707515, 0.7839222874990694, 0.6141901411068668, 0.7547136028860785, 0.6126048705380434, 0.46779185376918997, 0.49311958054068744, 0.49172697368131324, 0.48990007442463734, 0.40728511374182763, 0.40788044021197944, 0.4165470614364952, 0.37563651306613993, 0.3963483398792091, 0.35232706881679926, 0.37616429203872087, 0.3725074007276707, 0.33992236295038725, 0.34024615643344297, 0.35264706000638235, 0.33117923638219854, 0.33947966787608186, 0.3563498287420174, 0.32645116703715293, 0.3706270494753388, 0.32786747577428155, 0.3141111094522391, 0.32783013960394036, 0.33329403139413544, 0.309152589477658, 0.359180668766379, 0.3099290461673929, 0.33032307966618213, 0.3076783436636743, 0.3251358170261025, 0.3485009767772084, 0.3251119429129917, 0.3352299470611652, 0.3103519283823823, 0.333976315518331, 0.3521775664453199, 0.35681910541688633, 0.37159008947408695, 0.3365378362674616], "val_acc": [0.09812898089171974, 0.10539410828025478, 0.2170581210191083, 0.35380175159235666, 0.4052547770700637, 0.5636942675159236, 0.7178542993630573, 0.7520899681528662, 0.8058320063694268, 0.7309912420382165, 0.7929936305732485, 0.8583797770700637, 0.8460390127388535, 0.8565883757961783, 0.841062898089172, 0.8735071656050956, 0.8754976114649682, 0.8684315286624203, 0.8846536624203821, 0.8762937898089171, 0.8939092356687898, 0.8851512738853503, 0.8850517515923567, 0.897890127388535, 0.9020700636942676, 0.8950039808917197, 0.9009753184713376, 0.9028662420382165, 0.8964968152866242, 0.9060509554140127, 0.8914211783439491, 0.9059514331210191, 0.9117237261146497, 0.9063495222929936, 0.9072452229299363, 0.9129179936305732, 0.9032643312101911, 0.9159036624203821, 0.9140127388535032, 0.917296974522293, 0.9142117834394905, 0.9106289808917197, 0.9166003184713376, 0.9141122611464968, 0.9209792993630573, 0.9147093949044586, 0.9105294585987261, 0.9129179936305732, 0.9077428343949044, 0.9168988853503185], "loss": [2.2988390773534775, 2.2809708267450333, 2.2151765674352646, 2.1041199415922165, 1.822259545326233, 1.319481186568737, 1.036992397159338, 0.8592482507228851, 0.6895306557416916, 0.6335969511419535, 0.5662627071142197, 0.49993836879730225, 0.47251055017113686, 0.40005133114755154, 0.38210051134228706, 0.35987494233995676, 0.31030603498220444, 0.3502470329403877, 0.2922073779627681, 0.2627559993416071, 0.22288298327475786, 0.24877012614160776, 0.23317871149629354, 0.20909924153238535, 0.19475365709513426, 0.19428559066727757, 0.18075263407081366, 0.16698587965220213, 0.1664317212998867, 0.13620795821771026, 0.15036090835928917, 0.1392852459102869, 0.13317949185147882, 0.12490860745310783, 0.12278660596348345, 0.11224238923750818, 0.10759403463453054, 0.08474069088697433, 0.08482146298047155, 0.09201567457057536, 0.08569065679330379, 0.07659529172815382, 0.07011277956189588, 0.07627420395147055, 0.08529120404273272, 0.06934566900599748, 0.06967364135198295, 0.06461670948192477, 0.0682866380084306, 0.052432164549827576], "acc": [0.1220703125, 0.158203125, 0.2080078125, 0.33984375, 0.451171875, 0.5546875, 0.654296875, 0.71875, 0.7578125, 0.798828125, 0.810546875, 0.828125, 0.845703125, 0.876953125, 0.8740234375, 0.8740234375, 0.90234375, 0.9052734375, 0.896484375, 0.919921875, 0.92578125, 0.9130859375, 0.92578125, 0.9296875, 0.935546875, 0.939453125, 0.947265625, 0.9375, 0.9375, 0.951171875, 0.9453125, 0.951171875, 0.9521484375, 0.94921875, 0.9599609375, 0.9580078125, 0.9619140625, 0.974609375, 0.9716796875, 0.96484375, 0.9697265625, 0.9755859375, 0.9794921875, 0.974609375, 0.9736328125, 0.9755859375, 0.974609375, 0.9755859375, 0.974609375, 0.9833984375], "test_loss": 0.3351328379777112, "test_acc": 0.9241640127388535, "sample": "multi-normal-cluster"}