{"val_loss": [2.2995039824467556, 2.293454451166141, 2.2805105182015972, 2.256502496209114, 2.1041670627654736, 1.606657848995962, 1.2697170870319294, 1.1048486160624558, 0.83969473421194, 0.7487616950918914, 0.7744084494129108, 0.7195416062500826, 0.578270358834297, 0.4701553892083229, 0.4635465385712636, 0.4662012767734801, 0.4012635130031853, 0.3956782804790196, 0.35312249568427445, 0.34805617718749743, 0.3720736989312491, 0.31995584450329945, 0.40764018041407984, 0.288578359255935, 0.2957274166119706, 0.268676891098404, 0.35453867145879253, 0.29492334317961694, 0.297641184169111, 0.28324127802328697, 0.29406817828951654, 0.30354364439963727, 0.3129097890571519, 0.31263113341584897, 0.3173476891639601, 0.3238888383682841, 0.3009867366628757, 0.32312545522003416, 0.31549665396202614, 0.332470473920879, 0.2845359008676212, 0.30855768852256193, 0.3425146023561929, 0.29601319641717205, 0.33874503400319134, 0.32242572423853694, 0.33199664981068844, 0.3435282557164645, 0.35579951504945373, 0.38919240636395136], "val_acc": [0.11415207006369427, 0.17794585987261147, 0.11833200636942676, 0.12430334394904459, 0.3616640127388535, 0.5307523885350318, 0.5855891719745223, 0.6176353503184714, 0.729796974522293, 0.7797571656050956, 0.7558718152866242, 0.761843152866242, 0.8313097133757962, 0.8674363057324841, 0.8726114649681529, 0.8635549363057324, 0.8750995222929936, 0.8774880573248408, 0.8932125796178344, 0.89171974522293, 0.8861464968152867, 0.9042595541401274, 0.8783837579617835, 0.9142117834394905, 0.911922770700637, 0.9194864649681529, 0.9000796178343949, 0.9126194267515924, 0.9133160828025477, 0.9169984076433121, 0.916202229299363, 0.9178941082802548, 0.9150079617834395, 0.9164012738853503, 0.9175955414012739, 0.9137141719745223, 0.918093152866242, 0.9151074840764332, 0.9170979299363057, 0.9156050955414012, 0.9242635350318471, 0.9196855095541401, 0.9153065286624203, 0.9233678343949044, 0.9175955414012739, 0.9194864649681529, 0.9194864649681529, 0.9188893312101911, 0.916202229299363, 0.9105294585987261], "loss": [2.299620196223259, 2.288470685482025, 2.2637873142957687, 2.210676982998848, 2.119148328900337, 1.8191804587841034, 1.5342038497328758, 1.2655551508069038, 1.0206790454685688, 0.9527580067515373, 0.826594740152359, 0.7133808303624392, 0.6350241675972939, 0.6219304092228413, 0.5426906608045101, 0.46890922263264656, 0.4353836290538311, 0.4065547175705433, 0.3596890065819025, 0.3340288894250989, 0.3105361321941018, 0.2743661683052778, 0.2179951649159193, 0.24866363499313593, 0.1846827189438045, 0.18039969634264708, 0.18274378450587392, 0.1550751260947436, 0.15806338982656598, 0.13788360636681318, 0.1057198797352612, 0.11994195822626352, 0.09775491536129266, 0.08630988048389554, 0.08774113329127431, 0.09030398004688323, 0.08840064820833504, 0.06716323480941355, 0.0656176278134808, 0.06828883476555347, 0.06611006904859096, 0.04402250365819782, 0.05205048911739141, 0.07141176389995962, 0.043479629093781114, 0.04508243489544839, 0.04113322001649067, 0.03450207691639662, 0.04238169878954068, 0.03242304266314022], "acc": [0.1171875, 0.1455078125, 0.1865234375, 0.18359375, 0.30078125, 0.4091796875, 0.4775390625, 0.58984375, 0.6650390625, 0.6826171875, 0.740234375, 0.779296875, 0.7998046875, 0.8037109375, 0.8203125, 0.849609375, 0.8662109375, 0.8662109375, 0.880859375, 0.890625, 0.8974609375, 0.91015625, 0.9296875, 0.91796875, 0.9453125, 0.9423828125, 0.9287109375, 0.9453125, 0.9462890625, 0.9521484375, 0.9638671875, 0.9580078125, 0.96875, 0.9716796875, 0.9716796875, 0.96484375, 0.9658203125, 0.98046875, 0.9775390625, 0.9775390625, 0.978515625, 0.9873046875, 0.9814453125, 0.96875, 0.9873046875, 0.984375, 0.98828125, 0.990234375, 0.98828125, 0.9921875], "test_loss": 0.3930171370019863, "test_acc": 0.9137141719745223, "sample": "normal-cluster"}