{"val_loss": [2.301932983337694, 2.3654093301979597, 2.4720583736516866, 2.449937127957678, 2.1621426457812074, 1.653093540744417, 1.4640668140854805, 1.3408545779574448, 1.3243961269688453, 1.4389545826395607, 1.4046189754631868, 1.4327866302174368, 1.4665219406033778, 1.5276555601198962, 1.662657873455886, 1.7114762542354074, 1.9222248390222052, 2.0748114821257864, 2.143445537158638, 2.1252390700540724, 2.181446820307689, 2.20813316144761, 2.277298273174626, 2.1990202828577368, 2.1991562038470227, 2.2242765430432216, 2.3097059009181464, 2.320482003081376, 2.2767594479451514, 2.2547567710754977, 2.3648759669559016, 2.4531374402866244, 2.457706634785719, 2.3683803267539685, 2.3859609240179607, 2.3793872875772464, 2.3767744086350606, 2.486721814058389, 2.5759203976886287, 2.5048888075123927, 2.4096961514964983, 2.4770132121007156, 2.5316966578459286, 2.604262306432056, 2.6162262657645403, 2.570150420164606, 2.5211359103014517, 2.677916862402752, 2.5180336806424863, 2.554731398251406], "val_acc": [0.08917197452229299, 0.08907245222929937, 0.08867436305732485, 0.15475716560509553, 0.2740843949044586, 0.4817874203821656, 0.5107484076433121, 0.5851910828025477, 0.5970342356687898, 0.6184315286624203, 0.6388335987261147, 0.6488853503184714, 0.6414211783439491, 0.6591361464968153, 0.658140923566879, 0.6652070063694268, 0.654359076433121, 0.6474920382165605, 0.6485867834394905, 0.6532643312101911, 0.651671974522293, 0.6529657643312102, 0.6494824840764332, 0.6571457006369427, 0.6570461783439491, 0.6555533439490446, 0.6527667197452229, 0.6545581210191083, 0.6607285031847133, 0.6617237261146497, 0.6540605095541401, 0.6485867834394905, 0.6471934713375797, 0.6595342356687898, 0.6604299363057324, 0.6630175159235668, 0.6660031847133758, 0.6549562101910829, 0.6504777070063694, 0.6566480891719745, 0.667296974522293, 0.6606289808917197, 0.6590366242038217, 0.6515724522292994, 0.6531648089171974, 0.6586385350318471, 0.6605294585987261, 0.6486863057324841, 0.6633160828025477, 0.6594347133757962], "loss": [2.2958895415067673, 2.235248178243637, 2.098510056734085, 2.0111913233995438, 1.813795529305935, 1.4720763191580772, 1.2075425684452057, 0.914380457252264, 0.6867868155241013, 0.42752894945442677, 0.2813767087645829, 0.2377106943167746, 0.18679481116123497, 0.08633554331026971, 0.057736266404390335, 0.0305476764915511, 0.030991356819868088, 0.016141741420142353, 0.016705977264791727, 0.0149688899400644, 0.015270420641172677, 0.008561067268601619, 0.00927349692210555, 0.009341144585050642, 0.010670794545148965, 0.01551775862753857, 0.004980821795470547, 0.004957297787768766, 0.005016521950892638, 0.007297025731531903, 0.005136527892318554, 0.002696256837225519, 0.0036430710315471515, 0.0032074622831714805, 0.0032774401697679423, 0.0027062827357440256, 0.009579216668498702, 0.005170679904040298, 0.0026712582039181143, 0.0026625164500728715, 0.003499704187561292, 0.004780496412422508, 0.002716759650866152, 0.004004461377917323, 0.001750065729538619, 0.0035055747584920027, 0.0032793659520393703, 0.014574804571566347, 0.0037020895833848044, 0.0009098406444536522], "acc": [0.193359375, 0.2177734375, 0.2177734375, 0.2734375, 0.416015625, 0.533203125, 0.6259765625, 0.6982421875, 0.7822265625, 0.8681640625, 0.9169921875, 0.9326171875, 0.9462890625, 0.98046875, 0.98828125, 0.9970703125, 0.9951171875, 0.9990234375, 0.9970703125, 0.9951171875, 0.99609375, 0.9990234375, 0.998046875, 0.998046875, 0.9990234375, 0.994140625, 0.9990234375, 1.0, 0.9990234375, 0.998046875, 0.9990234375, 1.0, 1.0, 1.0, 1.0, 1.0, 0.9951171875, 0.9990234375, 1.0, 1.0, 0.9990234375, 0.9990234375, 1.0, 0.9990234375, 1.0, 0.998046875, 1.0, 0.9951171875, 0.9990234375, 1.0], "test_loss": 2.406195918845523, "test_acc": 0.6731687898089171, "sample": "uniform-cluster"}