{"val_loss": [2.299509371921515, 2.3018199850799173, 2.3342014300595424, 2.2423266832995568, 1.716611160594187, 1.1654877267825376, 1.1146793308531402, 1.048938389226889, 1.3091537193128258, 1.0042422398640092, 0.9448329350750917, 1.2382789333914495, 1.6900056685991347, 1.3577411700585844, 1.424689858012898, 1.5135393341065972, 1.469258595613917, 1.475302666330793, 1.5272737050512035, 1.5248212449869532, 1.5214374315966466, 1.56561488900215, 1.601452114096113, 1.5966025526356544, 1.6637452282723348, 1.5995345742079863, 1.4372641634979066, 1.6086025693614012, 1.4891545616897048, 1.7678528416688275, 1.6642595368206121, 1.7404784142591392, 1.746768423895927, 1.7346141256724195, 1.7198840288599586, 1.6810281553845496, 1.7251080046793459, 1.6821502913145503, 1.7387900739718394, 1.7144941588875595, 1.809023788020869, 1.7649040231659154, 1.7024627333613718, 1.8067229610339852, 1.653390690399583, 1.7647774770001696, 1.7627630015467382, 1.8091981306577185, 1.8467758497235123, 1.817806572766061], "val_acc": [0.14589968152866242, 0.09096337579617834, 0.09126194267515923, 0.20879777070063693, 0.4131170382165605, 0.6507762738853503, 0.6217157643312102, 0.6636146496815286, 0.645203025477707, 0.7125796178343949, 0.7383558917197452, 0.6995421974522293, 0.6644108280254777, 0.7213375796178344, 0.7113853503184714, 0.7142714968152867, 0.7210390127388535, 0.7193471337579618, 0.7137738853503185, 0.7177547770700637, 0.7211385350318471, 0.7128781847133758, 0.7156648089171974, 0.7203423566878981, 0.7186504777070064, 0.7277070063694268, 0.744327229299363, 0.7229299363057324, 0.7402468152866242, 0.707703025477707, 0.7218351910828026, 0.7152667197452229, 0.7171576433121019, 0.7183519108280255, 0.7222332802547771, 0.7247213375796179, 0.7234275477707006, 0.7269108280254777, 0.7259156050955414, 0.727906050955414, 0.7190485668789809, 0.7240246815286624, 0.7300955414012739, 0.7226313694267515, 0.7383558917197452, 0.7322850318471338, 0.7308917197452229, 0.7253184713375797, 0.7248208598726115, 0.7266122611464968], "loss": [2.294137015938759, 2.2698934674263, 2.206429198384285, 2.12888702750206, 1.829084038734436, 1.3343033865094185, 0.9180573746562004, 0.6000956892967224, 0.38751797657459974, 0.27954092621803284, 0.14940009824931622, 0.07332570478320122, 0.055777998408302665, 0.04925286991056055, 0.024872786598280072, 0.016061529400758445, 0.0172561564395437, 0.008367335394723341, 0.01702830841531977, 0.006118029326898977, 0.005931923718890175, 0.009024228871567175, 0.005286640189297032, 0.004618690218194388, 0.009709251302410848, 0.0054899909810046665, 0.0055599917031941, 0.007048748157103546, 0.004908834187517641, 0.0035519720677257283, 0.004248021250532474, 0.003110240417299792, 0.0019927340290450957, 0.0018460301198501838, 0.001742479478707537, 0.008815010700345738, 0.001955251060280716, 0.0016380240977014182, 0.001802773689632886, 0.0012972343993169488, 0.0017845471957116388, 0.0012946659644512692, 0.0011910473440366331, 0.0009131197293754667, 0.0026263540239597205, 0.002820540001266636, 0.0013346958221518435, 0.0013927022764619323, 0.0022233767122088466, 0.0010411802986709517], "acc": [0.1826171875, 0.23046875, 0.2099609375, 0.2998046875, 0.43359375, 0.5673828125, 0.701171875, 0.7978515625, 0.87109375, 0.91015625, 0.95703125, 0.9814453125, 0.9833984375, 0.990234375, 0.9921875, 0.9970703125, 0.9951171875, 0.9990234375, 0.99609375, 0.9990234375, 1.0, 0.9970703125, 0.9990234375, 0.9990234375, 0.9990234375, 0.9990234375, 0.9990234375, 0.998046875, 0.9990234375, 1.0, 0.9990234375, 0.9990234375, 1.0, 1.0, 1.0, 0.9990234375, 1.0, 1.0, 1.0, 1.0, 1.0, 1.0, 1.0, 1.0, 0.9990234375, 0.9990234375, 1.0, 1.0, 0.9990234375, 1.0], "test_loss": 1.9578059489370152, "test_acc": 0.7164609872611465, "sample": "uniform-cluster"}