{"val_loss": [2.3007520323346373, 2.353291926110626, 2.4543310730320633, 2.01536071832013, 1.7428556885688928, 1.4846087500547906, 1.352961618049889, 1.3346507306311541, 1.6106586091837305, 1.9372017512655562, 1.5466588982351266, 1.9955468701708847, 1.738818344796539, 1.984318054405747, 2.017140167154324, 2.0463939616634588, 2.234193470447686, 2.038057029247284, 2.1201405809943084, 2.201594869042658, 2.2425538392583277, 2.5187533771156505, 2.3142039692325955, 2.301989872744129, 2.252130566888554, 2.380815868165083, 2.471230103711414, 2.3299173276135874, 2.4147757420873948, 2.333772351407701, 2.378268962832773, 2.5060486421463595, 2.414669920304778, 2.465990391506511, 2.5119686589878834, 2.5073334358300374, 2.5461627563853173, 2.492764401587711, 2.6366103652176585, 2.6044758573459212, 2.5378510040842044, 2.6722125145280438, 2.475367527858467, 2.567490282332062, 2.6529581098799495, 2.618520082561833, 2.5912107589897837, 2.632760514119628, 2.641876525180355, 2.684932801753852], "val_acc": [0.14211783439490447, 0.09783041401273886, 0.19257563694267515, 0.36992436305732485, 0.4508359872611465, 0.5429936305732485, 0.5677746815286624, 0.6186305732484076, 0.6137539808917197, 0.6148487261146497, 0.6640127388535032, 0.6377388535031847, 0.6679936305732485, 0.6553542993630573, 0.6553542993630573, 0.65515525477707, 0.643312101910828, 0.6698845541401274, 0.6639132165605095, 0.6572452229299363, 0.6656050955414012, 0.6407245222929936, 0.6605294585987261, 0.6611265923566879, 0.6748606687898089, 0.6630175159235668, 0.6578423566878981, 0.6781449044585988, 0.6644108280254777, 0.6697850318471338, 0.6673964968152867, 0.6563495222929936, 0.6671974522292994, 0.6653065286624203, 0.6620222929936306, 0.6650079617834395, 0.6639132165605095, 0.6684912420382165, 0.6601313694267515, 0.6653065286624203, 0.6690883757961783, 0.6580414012738853, 0.6733678343949044, 0.6679936305732485, 0.6620222929936306, 0.6665007961783439, 0.6658041401273885, 0.6633160828025477, 0.6633160828025477, 0.658140923566879], "loss": [2.2962462306022644, 2.2163801193237305, 1.9631065651774406, 1.5622473359107971, 1.0941356979310513, 0.7578425221145153, 0.5279359202831984, 0.4124916736036539, 0.20659460499882698, 0.17905708868056536, 0.09332152199931443, 0.056055271765217185, 0.03926853265147656, 0.02908413764089346, 0.0371819490683265, 0.012828287872252986, 0.017717969662044197, 0.007887634696089663, 0.010266209130350035, 0.006135450224974193, 0.007469682052033022, 0.006685344218567479, 0.004836025269469246, 0.0035896848239644896, 0.0049880926962941885, 0.0033207773594767787, 0.0032980262003547978, 0.0047592433547833934, 0.002409461601928342, 0.006647625872574281, 0.001958237920916872, 0.0029717535653617233, 0.002739010436926037, 0.0026463243211765075, 0.0011583428486119374, 0.0018048896909022005, 0.003003736463142559, 0.0016362379046768183, 0.0009602517611710937, 0.0027299706653138855, 0.0008749342277951655, 0.0023759219193379977, 0.002721686938457424, 0.00385946391725156, 0.0014353215010487475, 0.0007486791155315586, 0.0021061073894088622, 0.0003496680938042118, 0.0015227092517307028, 0.0006486432662313746], "acc": [0.203125, 0.275390625, 0.2607421875, 0.4990234375, 0.65234375, 0.7685546875, 0.8505859375, 0.8896484375, 0.9443359375, 0.943359375, 0.9765625, 0.98828125, 0.9921875, 0.9931640625, 0.984375, 0.9990234375, 0.99609375, 0.998046875, 0.998046875, 0.9990234375, 0.9990234375, 0.9990234375, 0.9990234375, 1.0, 1.0, 1.0, 1.0, 0.9990234375, 1.0, 0.9990234375, 1.0, 1.0, 1.0, 1.0, 1.0, 1.0, 0.9990234375, 1.0, 1.0, 0.9990234375, 1.0, 0.9990234375, 0.9990234375, 0.9970703125, 1.0, 1.0, 1.0, 1.0, 1.0, 1.0], "test_loss": 2.685108395898418, "test_acc": 0.6634156050955414, "sample": "multi-normal"}