{"val_loss": [2.3041678082411456, 3.166182180878463, 3.2722333631697733, 2.9685355903236728, 3.0300125437936964, 3.508060519103032, 3.273851494880239, 4.121509883054502, 4.577245045619406, 5.194479467003209, 5.25599493646318, 5.41060926200478, 5.632841699442286, 5.9720298621305234, 5.691878311193673, 6.329546641392313, 6.042763312151478, 6.254586664734373, 6.223688966909032, 6.266154185981508, 6.331987708996815, 6.360421728935971, 6.48899582389054, 6.594089316714341, 6.468083541104748, 6.552786064755385, 6.648774414305475, 6.6875256398680865, 6.639592195012767, 6.782748954311298, 6.943301507621814, 6.852665649098196, 6.847738931133489, 6.950017270009229, 7.0068752628982445, 7.020545683089336, 7.188111156415028, 6.838058140627139, 6.961347783447072, 7.059332094374736, 7.0308822158035955, 7.06154611004386, 7.046953921105452, 7.063184066942543, 7.097775878420301, 7.159443229626698, 7.1823672033419275, 7.171455635386668, 7.220823051063878, 7.231894043600484], "val_acc": [0.09006767515923567, 0.23785828025477707, 0.24810907643312102, 0.26383359872611467, 0.30951433121019106, 0.36315684713375795, 0.3932125796178344, 0.3783837579617834, 0.3859474522292994, 0.38326035031847133, 0.37808519108280253, 0.3899283439490446, 0.38166799363057324, 0.3825636942675159, 0.3939092356687898, 0.3794785031847134, 0.388734076433121, 0.38395700636942676, 0.38714171974522293, 0.3929140127388535, 0.3886345541401274, 0.3886345541401274, 0.38763933121019106, 0.3802746815286624, 0.381468949044586, 0.3835589171974522, 0.3854498407643312, 0.3843550955414013, 0.38982882165605093, 0.3820660828025478, 0.37748805732484075, 0.38843550955414013, 0.38525079617834396, 0.3820660828025478, 0.38166799363057324, 0.3818670382165605, 0.3783837579617834, 0.39231687898089174, 0.3867436305732484, 0.3859474522292994, 0.38654458598726116, 0.38584792993630573, 0.3861464968152866, 0.386046974522293, 0.3864450636942675, 0.384156050955414, 0.38495222929936307, 0.38584792993630573, 0.3827627388535032, 0.3817675159235669], "loss": [2.274463966488838, 1.8898574188351631, 1.4186209365725517, 1.0189144499599934, 0.7468253336846828, 0.49096363224089146, 0.3606629204005003, 0.15967289870604873, 0.06477492488920689, 0.05391366651747376, 0.04898699128534645, 0.017729201761540025, 0.014530611137161031, 0.016222160804318264, 0.012560328526888043, 0.013176144304452464, 0.020559590688208118, 0.004707915388280526, 0.01131690858892398, 0.008720636105863377, 0.0051649684173753485, 0.00300608992256457, 0.0030868314097460825, 0.0030624386090494227, 0.004532522048975807, 0.004667743651225464, 0.0036466385809035273, 0.002747249622188974, 0.0020381408648972865, 0.0021894659512327053, 0.0023179625713964924, 0.0028959109495190205, 0.0025886834228003863, 0.001856817616499029, 0.0017053385618055472, 0.001349448431028577, 0.0022311352367978543, 0.005606937724223826, 0.0011235662532271817, 0.0005913894865443581, 0.0008917782279240782, 0.0024951431778390543, 0.0014258863998293236, 0.0010303548697265796, 0.0008770769818511326, 0.0004544296871245024, 0.0004204361384836375, 0.0005161587550901459, 0.0008198954164981842, 0.0021638963607983897], "acc": [0.2255859375, 0.4013671875, 0.650390625, 0.73828125, 0.7724609375, 0.845703125, 0.8818359375, 0.9521484375, 0.9912109375, 0.9892578125, 0.9853515625, 0.9970703125, 0.9990234375, 0.99609375, 0.9970703125, 0.9990234375, 0.9931640625, 1.0, 0.9970703125, 0.998046875, 1.0, 1.0, 1.0, 1.0, 0.9990234375, 0.9990234375, 0.9990234375, 1.0, 1.0, 1.0, 1.0, 1.0, 0.9990234375, 1.0, 1.0, 1.0, 1.0, 0.9990234375, 1.0, 1.0, 1.0, 0.9990234375, 1.0, 1.0, 1.0, 1.0, 1.0, 1.0, 1.0, 0.9990234375], "test_loss": 7.049800793836071, "test_acc": 0.3880374203821656, "sample": "uniform"}