{"val_loss": [2.3019799578721356, 2.301348455392631, 2.3131166962301655, 2.2746293924416707, 1.9676930714564718, 1.6103222878875247, 1.2449019680357283, 1.1945992689223806, 1.3071882267286823, 1.2226766517777352, 1.3288137476155713, 1.257998515750952, 1.5094111048302072, 1.529421963889128, 1.6560616221777194, 1.655373774421443, 1.7099127782757875, 1.6241999286565052, 1.7505116784933266, 1.8237307807252665, 1.8757208070367763, 1.782699045576867, 1.833258303345009, 1.7466048541342376, 1.7844199688191626, 1.8275360982793911, 1.8428538720698873, 1.826969001418466, 1.8625031087286532, 1.8498803616803923, 1.8816355440267332, 1.8897752042408962, 1.9428987483594828, 1.9535835105807158, 2.0169137541655524, 1.984133797656199, 2.037278691389758, 2.02594070732119, 1.9737127437997775, 2.0048745651343824, 2.0149398015895086, 2.029732530141712, 1.9777486361325927, 1.9667727192685862, 1.9897282403792924, 2.009298447329717, 2.0209818458671025, 1.9985437192924462, 2.0004061543780147, 2.1089014189827973], "val_acc": [0.10290605095541401, 0.10310509554140128, 0.18083200636942676, 0.2074044585987261, 0.41361464968152867, 0.4729299363057325, 0.6071855095541401, 0.6041998407643312, 0.6258957006369427, 0.7083996815286624, 0.7125796178343949, 0.7498009554140127, 0.7296974522292994, 0.7383558917197452, 0.7299960191082803, 0.7372611464968153, 0.7397492038216561, 0.7477109872611465, 0.7475119426751592, 0.7393511146496815, 0.7398487261146497, 0.7464171974522293, 0.7471138535031847, 0.7547770700636943, 0.7535828025477707, 0.7515923566878981, 0.75, 0.7523885350318471, 0.7523885350318471, 0.7535828025477707, 0.7532842356687898, 0.75109474522293, 0.7451234076433121, 0.7499004777070064, 0.7458200636942676, 0.746218152866242, 0.7444267515923567, 0.7438296178343949, 0.7493033439490446, 0.7491042993630573, 0.7478105095541401, 0.7452229299363057, 0.7493033439490446, 0.7493033439490446, 0.7480095541401274, 0.7459195859872612, 0.745421974522293, 0.7477109872611465, 0.7487062101910829, 0.7421377388535032], "loss": [2.297532856464386, 2.2828959971666336, 2.246113210916519, 2.180639609694481, 1.9287384375929832, 1.5447072610259056, 1.1549120284616947, 0.8302330188453197, 0.567849101498723, 0.3600925328209996, 0.22156691923737526, 0.1285962259862572, 0.05621806939598173, 0.05024211679119617, 0.05231905891560018, 0.035173786513041705, 0.018386614799965173, 0.02641337367822416, 0.009370411600684747, 0.013161815630155616, 0.011087900056736544, 0.01145607972284779, 0.007164316208218224, 0.010567636534688063, 0.005645713688863907, 0.004234398264088668, 0.0034661367717490066, 0.003112667083769338, 0.007438210872351192, 0.004174205874733161, 0.0025508310209261253, 0.003825569077889668, 0.00608724858466303, 0.005049717234214768, 0.004275856665117317, 0.004614423134626122, 0.0031473745875700843, 0.003627270765719004, 0.003187379894370679, 0.004206301437079674, 0.0018563527719379636, 0.0036939726378477644, 0.0073398370877839625, 0.0015613136765750824, 0.0012795816473953892, 0.001915983559229062, 0.004140834791542147, 0.0012953230216226075, 0.0007308909371204209, 0.0016512886231794255], "acc": [0.154296875, 0.1728515625, 0.1728515625, 0.279296875, 0.37890625, 0.4765625, 0.6259765625, 0.7138671875, 0.8095703125, 0.8857421875, 0.9248046875, 0.9677734375, 0.9921875, 0.9921875, 0.984375, 0.990234375, 0.9970703125, 0.9921875, 0.9990234375, 0.9970703125, 0.998046875, 0.9970703125, 1.0, 0.998046875, 0.9990234375, 0.9990234375, 1.0, 1.0, 0.9990234375, 0.998046875, 1.0, 1.0, 0.9970703125, 0.9990234375, 0.9990234375, 0.9990234375, 0.9990234375, 1.0, 1.0, 0.998046875, 1.0, 0.9990234375, 0.9970703125, 1.0, 1.0, 1.0, 0.998046875, 1.0, 1.0, 1.0], "test_loss": 1.990113946662587, "test_acc": 0.7519904458598726, "sample": "multi-normal"}