{"val_loss": [2.301592425935587, 2.2986325230568077, 2.3165319998552847, 2.3332774897289883, 2.0381144634477653, 1.6167852688746847, 1.1103014680230694, 1.0932949306858573, 0.774128511073483, 0.7179310044665246, 0.5804868241783919, 0.6379521145562458, 0.5119082046447286, 0.45848195639195716, 0.47679605928196267, 0.4851692464606018, 0.3936675142045993, 0.3506381625107899, 0.36362557419261354, 0.3382042923550697, 0.3683642227036558, 0.36928142258411, 0.2958948949802738, 0.32178502627144195, 0.323814414797505, 0.296867607612234, 0.281929358650165, 0.30513434227152614, 0.2895421867086819, 0.2607470606661336, 0.25743377198032136, 0.24848937189242074, 0.257655283537023, 0.3102341876335584, 0.26077216913905826, 0.25750625908232416, 0.24583481151053005, 0.27611096938894053, 0.2540399512664599, 0.3003597685571902, 0.26802811126527226, 0.2894229432212035, 0.31733659920757223, 0.27594135950911186, 0.26463552673827784, 0.261999177558134, 0.26344675823021385, 0.30204188036376456, 0.2868665226469718, 0.29473999421450364], "val_acc": [0.1480891719745223, 0.1761544585987261, 0.2724920382165605, 0.17436305732484075, 0.2765724522292994, 0.39599920382165604, 0.6361464968152867, 0.6661027070063694, 0.7541799363057324, 0.7525875796178344, 0.8178742038216561, 0.7670183121019108, 0.8251393312101911, 0.8442476114649682, 0.8421576433121019, 0.8284235668789809, 0.8733081210191083, 0.8924164012738853, 0.8810708598726115, 0.8900278662420382, 0.8766918789808917, 0.87609474522293, 0.9088375796178344, 0.8971934713375797, 0.8972929936305732, 0.9052547770700637, 0.9126194267515924, 0.9068471337579618, 0.9115246815286624, 0.9224721337579618, 0.9239649681528662, 0.9286425159235668, 0.9235668789808917, 0.9036624203821656, 0.9242635350318471, 0.9246616242038217, 0.9312300955414012, 0.9185907643312102, 0.927547770700637, 0.9133160828025477, 0.9266520700636943, 0.9201831210191083, 0.9156050955414012, 0.9273487261146497, 0.9312300955414012, 0.9323248407643312, 0.9321257961783439, 0.9220740445859873, 0.9266520700636943, 0.9255573248407644], "loss": [2.2991095185279846, 2.28392094373703, 2.2290006279945374, 2.1579881608486176, 2.046152137219906, 1.7017163038253784, 1.4175574779510498, 1.18168493360281, 0.9922501146793365, 0.8484548293054104, 0.804324246942997, 0.729305025190115, 0.6491474490612745, 0.5945323314517736, 0.5461483411490917, 0.5083519034087658, 0.48727767914533615, 0.4168587885797024, 0.39452602434903383, 0.40632120706140995, 0.30628235824406147, 0.28230811934918165, 0.2704940140247345, 0.24906783364713192, 0.2233113474212587, 0.21226475294679403, 0.1843732763081789, 0.17662588972598314, 0.1568556777201593, 0.13752460898831487, 0.14019042486324906, 0.1136214779689908, 0.13531775027513504, 0.09964675875380635, 0.0855257494840771, 0.09948084643110633, 0.07637571915984154, 0.09223616193048656, 0.0761660966090858, 0.06933606858365238, 0.05181532364804298, 0.05902754585258663, 0.046084492350928485, 0.049545184476301074, 0.0491656280355528, 0.046477012685500085, 0.03956760768778622, 0.04527548386249691, 0.03228413569740951, 0.0514051997452043], "acc": [0.111328125, 0.2041015625, 0.2177734375, 0.3076171875, 0.3427734375, 0.431640625, 0.541015625, 0.615234375, 0.6884765625, 0.71875, 0.7421875, 0.755859375, 0.78515625, 0.8017578125, 0.826171875, 0.8427734375, 0.8544921875, 0.8642578125, 0.8701171875, 0.8623046875, 0.8974609375, 0.9140625, 0.9111328125, 0.912109375, 0.9189453125, 0.9228515625, 0.9453125, 0.94140625, 0.951171875, 0.9541015625, 0.9521484375, 0.9658203125, 0.95703125, 0.9677734375, 0.9794921875, 0.96875, 0.9736328125, 0.9658203125, 0.9794921875, 0.9794921875, 0.9833984375, 0.982421875, 0.9892578125, 0.9853515625, 0.986328125, 0.9853515625, 0.98828125, 0.9853515625, 0.9931640625, 0.982421875], "test_loss": 0.31870973671068714, "test_acc": 0.9232683121019108, "sample": "multi-normal-cluster"}