{"val_loss": [2.30081165064672, 2.3542011923091426, 2.4595160438756274, 2.166444801221228, 1.726797895067057, 1.389895009387071, 1.1628423029450095, 0.9207043072600274, 0.7693939858181461, 0.7914111452877142, 0.6161689322655368, 0.6274376393883092, 0.606611041221649, 0.6010155062766591, 0.4935693270793766, 0.4905582436947686, 0.4641994825404161, 0.4283486172129774, 0.4092916522625905, 0.4218360039221633, 0.403386807318326, 0.41374270710500943, 0.37170099082646096, 0.3951562911888976, 0.3730278324074806, 0.3696672190573944, 0.3633265384075463, 0.3959631192598753, 0.3383101057379868, 0.3763184026239594, 0.33650414626096276, 0.34309726251158745, 0.33598565731411145, 0.35194351540724184, 0.36245994195697984, 0.33700412187938855, 0.3385651770587655, 0.34201041935308346, 0.3951442668238168, 0.3469980265559617, 0.39056389673263026, 0.35711341918369005, 0.38718053305545336, 0.34934891439428567, 0.359859530185201, 0.3575406373763208, 0.3759025409357966, 0.35285351953949706, 0.36959006727501087, 0.3850577687666674], "val_acc": [0.1545581210191083, 0.09783041401273886, 0.12281050955414012, 0.4902468152866242, 0.5, 0.5406050955414012, 0.6250995222929936, 0.7061106687898089, 0.7595541401273885, 0.7405453821656051, 0.8018511146496815, 0.7952826433121019, 0.7970740445859873, 0.8026472929936306, 0.8476313694267515, 0.8499203821656051, 0.8532046178343949, 0.8646496815286624, 0.8807722929936306, 0.8757961783439491, 0.8742038216560509, 0.871218152866242, 0.8892316878980892, 0.8876393312101911, 0.8943073248407644, 0.8918192675159236, 0.897093949044586, 0.8829617834394905, 0.9053542993630573, 0.896297770700637, 0.9040605095541401, 0.9065485668789809, 0.9091361464968153, 0.9029657643312102, 0.9052547770700637, 0.912718949044586, 0.9121218152866242, 0.9116242038216561, 0.9015724522292994, 0.908140923566879, 0.9017714968152867, 0.9094347133757962, 0.9038614649681529, 0.9105294585987261, 0.9111265923566879, 0.913515127388535, 0.9077428343949044, 0.9142117834394905, 0.9129179936305732, 0.9091361464968153], "loss": [2.2919891327619553, 2.217214673757553, 2.072054624557495, 1.870297409594059, 1.468712404370308, 1.133654896169901, 0.8999818004667759, 0.8482768349349499, 0.7078030109405518, 0.6462874840945005, 0.5305291060358286, 0.5408978592604399, 0.5073167514055967, 0.39736622385680676, 0.4004688262939453, 0.33751828502863646, 0.3336609713733196, 0.2989381877705455, 0.2995098466053605, 0.24118435569107533, 0.23878756863996387, 0.22910782974213362, 0.23470326559618115, 0.21266581770032644, 0.16094006970524788, 0.1692005326040089, 0.15147453895770013, 0.1687319679185748, 0.1480277597438544, 0.1561166225001216, 0.13642766396515071, 0.1258477286901325, 0.10808854876086116, 0.10169255279470235, 0.10099211183842272, 0.09304963611066341, 0.09730689995922148, 0.08410181710496545, 0.08503138914238662, 0.09267370833549649, 0.06806376460008323, 0.08265600446611643, 0.07276921952143312, 0.06748547218739986, 0.06810354383196682, 0.05017169157508761, 0.06063403672305867, 0.053880248800851405, 0.0467825282830745, 0.05490383075084537], "acc": [0.162109375, 0.2119140625, 0.2021484375, 0.369140625, 0.5205078125, 0.646484375, 0.7236328125, 0.7333984375, 0.78125, 0.7890625, 0.8359375, 0.83203125, 0.8369140625, 0.8779296875, 0.8740234375, 0.8828125, 0.892578125, 0.9130859375, 0.9013671875, 0.923828125, 0.9296875, 0.9287109375, 0.92578125, 0.93359375, 0.94921875, 0.94921875, 0.9501953125, 0.9423828125, 0.9482421875, 0.9482421875, 0.9560546875, 0.9580078125, 0.9638671875, 0.962890625, 0.96484375, 0.9765625, 0.9736328125, 0.9697265625, 0.9697265625, 0.96484375, 0.9765625, 0.9716796875, 0.9775390625, 0.98046875, 0.9716796875, 0.984375, 0.9794921875, 0.984375, 0.986328125, 0.982421875], "test_loss": 0.3831152785688069, "test_acc": 0.9054538216560509, "sample": "multi-normal"}