{"val_loss": [2.2998360737114196, 3.4717807283826696, 4.520954751664666, 5.155316732491658, 5.335121994565247, 5.273427542607496, 5.827076547464747, 5.660797359077794, 5.822629658279905, 6.6905605808185165, 6.742592602019098, 6.95162778599247, 7.425914311864574, 7.59874532480908, 7.799343084833424, 7.913394405583667, 8.085257666885473, 8.153437860452446, 8.19012849346088, 8.254370157885702, 8.238062761391804, 8.255059063054954, 8.282866951766287, 8.29490692904041, 8.279370453706973, 8.306729079811436, 8.291826448622782, 8.30318776209643, 8.31227838613425, 8.304544840648676, 8.313131684710266, 8.318252308353497, 8.29841998883873, 8.326229089384626, 8.320715694670465, 8.314795430298824, 8.329716594355881, 8.334365164398388, 8.342085589269164, 8.333643497175471, 8.32962750477396, 8.33782598167468, 8.342983692314974, 8.334538906243196, 8.331402599431907, 8.32187224953038, 8.333603795166988, 8.343754297608783, 8.339531749676746, 8.324414341313064], "val_acc": [0.18272292993630573, 0.17754777070063693, 0.24661624203821655, 0.3078224522292994, 0.35638933121019106, 0.3717157643312102, 0.42356687898089174, 0.4195859872611465, 0.39599920382165604, 0.43531050955414013, 0.44486464968152867, 0.4460589171974522, 0.4289410828025478, 0.451234076433121, 0.45033837579617836, 0.45322452229299365, 0.4576035031847134, 0.4573049363057325, 0.45591162420382164, 0.45591162420382164, 0.457703025477707, 0.45879777070063693, 0.4583996815286624, 0.45740445859872614, 0.4592953821656051, 0.4573049363057325, 0.45919585987261147, 0.45879777070063693, 0.4589968152866242, 0.45919585987261147, 0.45919585987261147, 0.46078821656050956, 0.4619824840764331, 0.459593949044586, 0.4599920382165605, 0.4598925159235669, 0.45979299363057324, 0.45919585987261147, 0.45820063694267515, 0.4602906050955414, 0.460390127388535, 0.4581011146496815, 0.45919585987261147, 0.46009156050955413, 0.46078821656050956, 0.4616839171974522, 0.4602906050955414, 0.4611863057324841, 0.4616839171974522, 0.46208200636942676], "loss": [2.2664967477321625, 1.8415293619036674, 1.4687940031290054, 1.2236374355852604, 0.9797691814601421, 0.7438384145498276, 0.5805538147687912, 0.5057796128094196, 0.42311309836804867, 0.35572667326778173, 0.28857381362468004, 0.24798283446580172, 0.207035924308002, 0.14689988922327757, 0.10911138216033578, 0.08335297764278948, 0.06581368751358241, 0.04896434990223497, 0.04080870491452515, 0.02500823570881039, 0.03609163174405694, 0.017515720333904028, 0.016363296017516404, 0.017279524268815294, 0.021719668322475627, 0.012103169821784832, 0.013567029338446446, 0.011898297962034121, 0.008580793961300515, 0.008967117464635521, 0.007473754827515222, 0.013827918679453433, 0.007891027409641538, 0.005321273834852036, 0.009510987641988322, 0.0033440960869484115, 0.003931611056032125, 0.0038690389555995353, 0.0038831782549095806, 0.003415955688979011, 0.0032529718373552896, 0.004661389231841895, 0.007955881770612905, 0.0019499289992381819, 0.0034414753390592523, 0.002342367572055082, 0.0029845984081475763, 0.003983397349657025, 0.001137983179432922, 0.0033593381067476002], "acc": [0.248046875, 0.29296875, 0.38671875, 0.55859375, 0.6552734375, 0.7392578125, 0.8076171875, 0.83203125, 0.8603515625, 0.87890625, 0.9052734375, 0.9169921875, 0.927734375, 0.95703125, 0.9677734375, 0.978515625, 0.986328125, 0.984375, 0.990234375, 0.9931640625, 0.9912109375, 0.99609375, 1.0, 0.994140625, 0.9931640625, 0.9970703125, 0.9970703125, 0.9970703125, 1.0, 0.9970703125, 0.9990234375, 0.998046875, 0.9970703125, 1.0, 0.9970703125, 1.0, 1.0, 1.0, 0.998046875, 1.0, 1.0, 0.998046875, 0.9990234375, 1.0, 1.0, 1.0, 1.0, 0.9990234375, 1.0, 0.9990234375], "test_loss": 8.309671717844191, "test_acc": 0.4651671974522293, "sample": "error"}