{"val_loss": [2.2998023625392063, 2.295979442110487, 2.289283158672843, 2.2722319888461167, 2.201546968168514, 1.5181292242305293, 0.8492377540867799, 0.6392765539656778, 0.5365412279868581, 0.4656389451520458, 0.4597710431523763, 0.3468085559452795, 0.3446425879789386, 0.3051774544154952, 0.3143226776011051, 0.28412709924967805, 0.2759434711188078, 0.2706285834810726, 0.2514667708402986, 0.2958929933144883, 0.27898081975164496, 0.2598089783476179, 0.23589432341266114, 0.23450584377452827, 0.23142496226829992, 0.23780115494789306, 0.22639584954928868, 0.23372889539689584, 0.22716385279455856, 0.2311845324951325, 0.23130419249883646, 0.2408531322188462, 0.23252040989160133, 0.23608328934735173, 0.24206630328438797, 0.23896585219683553, 0.2429187361048653, 0.23016544866967342, 0.2313626783174777, 0.2308856187971119, 0.2438358843213861, 0.2332891177617393, 0.23543990217964905, 0.24770312473788905, 0.24990665250432612, 0.2425151931646185, 0.25366518371234276, 0.24488414066160027, 0.24748989047425515, 0.24538800425183882], "val_acc": [0.2203423566878981, 0.2304936305732484, 0.3330015923566879, 0.3548964968152866, 0.3744028662420382, 0.5757364649681529, 0.7352707006369427, 0.8047372611464968, 0.8344944267515924, 0.8514132165605095, 0.8516122611464968, 0.8977906050955414, 0.8949044585987261, 0.9049562101910829, 0.9040605095541401, 0.9165007961783439, 0.9165007961783439, 0.9167993630573248, 0.9235668789808917, 0.9125199044585988, 0.9124203821656051, 0.9213773885350318, 0.9280453821656051, 0.9289410828025477, 0.9327229299363057, 0.9294386942675159, 0.9312300955414012, 0.9313296178343949, 0.9309315286624203, 0.9341162420382165, 0.9336186305732485, 0.9305334394904459, 0.9333200636942676, 0.9338176751592356, 0.9346138535031847, 0.9375, 0.9342157643312102, 0.9363057324840764, 0.9378980891719745, 0.9373009554140127, 0.9362062101910829, 0.9375995222929936, 0.9382961783439491, 0.9370023885350318, 0.9362062101910829, 0.9386942675159236, 0.9370023885350318, 0.9387937898089171, 0.9384952229299363, 0.9396894904458599], "loss": [2.301154524087906, 2.297916352748871, 2.2932133972644806, 2.2824762612581253, 2.2498031109571457, 2.006633587181568, 1.309043362736702, 0.9249919392168522, 0.7058154717087746, 0.5430769640952349, 0.4947118926793337, 0.43949602730572224, 0.3805718068033457, 0.33643074333667755, 0.29690294433385134, 0.30036963801831007, 0.23152550356462598, 0.23981580324470997, 0.21257219184190035, 0.1944166854955256, 0.14792589889839292, 0.16117682307958603, 0.13989312457852066, 0.1350713698193431, 0.1347308827098459, 0.12507504574023187, 0.09623257699422538, 0.10655116604175419, 0.09322319575585425, 0.08558974647894502, 0.09264509414788336, 0.07141254772432148, 0.058566202758811414, 0.06790218059904873, 0.06543420231901109, 0.05711905495263636, 0.06270153820514679, 0.0475324101280421, 0.04484981158748269, 0.06209677312290296, 0.04747888457495719, 0.044157697149785236, 0.03061216336209327, 0.04376496037002653, 0.037669903540518135, 0.03684784361394122, 0.03922144934767857, 0.0321769843576476, 0.032103671866934747, 0.034060627629514784], "acc": [0.1484375, 0.2685546875, 0.2724609375, 0.3408203125, 0.3544921875, 0.486328125, 0.5888671875, 0.7041015625, 0.7578125, 0.822265625, 0.8408203125, 0.86328125, 0.8876953125, 0.8974609375, 0.9052734375, 0.8994140625, 0.931640625, 0.923828125, 0.935546875, 0.9404296875, 0.9580078125, 0.9521484375, 0.955078125, 0.9619140625, 0.958984375, 0.9599609375, 0.97265625, 0.9609375, 0.96484375, 0.9775390625, 0.9697265625, 0.9775390625, 0.9873046875, 0.9765625, 0.984375, 0.9814453125, 0.974609375, 0.9833984375, 0.9853515625, 0.9775390625, 0.9833984375, 0.9853515625, 0.9931640625, 0.9853515625, 0.986328125, 0.986328125, 0.986328125, 0.990234375, 0.9912109375, 0.9912109375], "test_loss": 0.24292991122907134, "test_acc": 0.9403861464968153, "sample": "random"}