{"val_loss": [2.2950961301281194, 2.293152033143742, 2.2659095032199934, 1.8638502518842175, 1.5056676469790709, 1.4339966485454778, 0.9728079455293668, 0.8900193406897745, 0.8157672709340502, 0.693060316192876, 0.6096838356772806, 0.5754346823806216, 0.5489470998572695, 0.4446222146225583, 0.43130178346185927, 0.3801833363427858, 0.45602094382047653, 0.4110966352330651, 0.3442328155610212, 0.33628280294738755, 0.38950067881945594, 0.3637583347595042, 0.30382445846108874, 0.30253342578223175, 0.3190884343140824, 0.28022747057353614, 0.2762239891798443, 0.2906547991772461, 0.26341254386018703, 0.28278214579958255, 0.31464918978678386, 0.2935233616216737, 0.2909514741722945, 0.29558442121336037, 0.26449496194032157, 0.2551167159916679, 0.26427903893599464, 0.26487388445811855, 0.2521482354836764, 0.2591959288325991, 0.27932355409060977, 0.26441059773491254, 0.26441575477053975, 0.26461584139971217, 0.25635029999005376, 0.27922443566832006, 0.2371473360575356, 0.2831050363298102, 0.24227778703288716, 0.2634792479057648], "val_acc": [0.19028662420382167, 0.18819665605095542, 0.29806926751592355, 0.3730095541401274, 0.5388136942675159, 0.5615047770700637, 0.668093152866242, 0.7204418789808917, 0.73328025477707, 0.7746815286624203, 0.7982683121019108, 0.8123009554140127, 0.8123009554140127, 0.8602707006369427, 0.865843949044586, 0.8843550955414012, 0.85828025477707, 0.8637539808917197, 0.8956011146496815, 0.896297770700637, 0.8792794585987261, 0.8897292993630573, 0.9046576433121019, 0.9036624203821656, 0.8986863057324841, 0.9141122611464968, 0.9120222929936306, 0.9116242038216561, 0.9211783439490446, 0.9165007961783439, 0.9021695859872612, 0.9141122611464968, 0.9131170382165605, 0.911922770700637, 0.9216759554140127, 0.9232683121019108, 0.9222730891719745, 0.9236664012738853, 0.9248606687898089, 0.9250597133757962, 0.9194864649681529, 0.9240644904458599, 0.9223726114649682, 0.9258558917197452, 0.9277468152866242, 0.9224721337579618, 0.932921974522293, 0.918093152866242, 0.9334195859872612, 0.9280453821656051], "loss": [2.286254346370697, 2.215576946735382, 2.086078964173794, 1.8681734278798103, 1.5288094952702522, 1.2742816358804703, 1.0895956568419933, 0.8985895551741123, 0.8068020157516003, 0.6877732276916504, 0.651909776031971, 0.5492548942565918, 0.48978810384869576, 0.47066161781549454, 0.431467792019248, 0.3699621893465519, 0.3583619687706232, 0.3518349500373006, 0.3328268341720104, 0.29038178734481335, 0.2976911999285221, 0.2520442623645067, 0.2479076744057238, 0.25479856971651316, 0.20341151719912887, 0.22240724600851536, 0.1899018045514822, 0.20158499153330922, 0.16187533410266042, 0.17542441561818123, 0.15937745617702603, 0.1510357055813074, 0.13965194672346115, 0.12318322528153658, 0.1220846981741488, 0.11726573389023542, 0.1145381573587656, 0.1067684746813029, 0.09990786924026906, 0.08922393503598869, 0.08399446099065244, 0.09610130055807531, 0.08433359488844872, 0.0721658511320129, 0.07359187235124409, 0.07408970943652093, 0.076862235320732, 0.08243625122122467, 0.05659781792201102, 0.06050993432290852], "acc": [0.2119140625, 0.2333984375, 0.296875, 0.3828125, 0.4853515625, 0.578125, 0.64453125, 0.7109375, 0.734375, 0.7744140625, 0.775390625, 0.8095703125, 0.8388671875, 0.8583984375, 0.8564453125, 0.873046875, 0.8828125, 0.8701171875, 0.884765625, 0.9033203125, 0.89453125, 0.908203125, 0.921875, 0.8984375, 0.935546875, 0.919921875, 0.93359375, 0.931640625, 0.943359375, 0.9365234375, 0.939453125, 0.9453125, 0.9443359375, 0.95703125, 0.962890625, 0.9619140625, 0.958984375, 0.9580078125, 0.9658203125, 0.9716796875, 0.9775390625, 0.962890625, 0.9736328125, 0.9775390625, 0.978515625, 0.9794921875, 0.9716796875, 0.974609375, 0.986328125, 0.9833984375], "test_loss": 0.2629330796456546, "test_acc": 0.9344148089171974, "sample": "normal"}