{"val_loss": [2.300302083325234, 3.26138804520771, 4.445687959148626, 4.7115750191318, 5.206364765288724, 5.739073651611426, 5.268137808817967, 5.9366400910031265, 6.181071618560013, 6.2479821162618645, 6.597145581701, 6.519628655378986, 6.4446786740782915, 6.7150798815830495, 6.7461257345357515, 6.889765757663994, 6.993506741371884, 6.959130457252454, 6.973269541552113, 7.127322995738619, 7.155421742967739, 7.223310622440022, 7.01321727303183, 7.061679505998162, 7.141955494121381, 7.0820225241837225, 7.135544971295983, 7.187312830785277, 7.261064392745874, 7.283793813863378, 7.363044034143922, 7.430455447761876, 7.389207445132505, 7.321630881850127, 7.347178431832866, 7.402385781525047, 7.391234100244607, 7.473782463438192, 7.253598926932948, 7.387997429841643, 7.1744335836665645, 7.312857163180212, 7.358235571794449, 7.347256131992219, 7.456423349441237, 7.470848633225557, 7.479680437950572, 7.50790046886274, 7.4425916033945265, 7.351628309602191], "val_acc": [0.21078821656050956, 0.1790406050955414, 0.21088773885350318, 0.30742436305732485, 0.3506170382165605, 0.36833200636942676, 0.40326433121019106, 0.4065485668789809, 0.4121218152866242, 0.4255573248407643, 0.4161027070063694, 0.41938694267515925, 0.42884156050955413, 0.42296974522292996, 0.4270501592356688, 0.42078025477707004, 0.4211783439490446, 0.4251592356687898, 0.426453025477707, 0.42336783439490444, 0.42456210191082805, 0.42953821656050956, 0.4294386942675159, 0.43053343949044587, 0.42923964968152867, 0.43312101910828027, 0.4304339171974522, 0.42665207006369427, 0.4267515923566879, 0.4297372611464968, 0.4273487261146497, 0.4313296178343949, 0.42326831210191085, 0.4297372611464968, 0.43142914012738853, 0.4330214968152866, 0.4325238853503185, 0.42744824840764334, 0.4394904458598726, 0.43083200636942676, 0.43799761146496813, 0.4355095541401274, 0.43451433121019106, 0.4359076433121019, 0.42953821656050956, 0.43192675159235666, 0.4323248407643312, 0.43501194267515925, 0.43670382165605093, 0.44048566878980894], "loss": [2.2764274924993515, 1.9353203177452087, 1.2386308200657368, 0.7790808156132698, 0.49146053940057755, 0.2782082613557577, 0.258998007979244, 0.08349820366129279, 0.051093001617118716, 0.03638746403157711, 0.027387778041884303, 0.05502476415131241, 0.016046869481215253, 0.008803633318166249, 0.009612669993657619, 0.005637283218675293, 0.006386387009115424, 0.00784637215838302, 0.004404552601044998, 0.003778517129831016, 0.006098497295170091, 0.008879730135959107, 0.012912061938550323, 0.0018271905100846197, 0.002492209088813979, 0.0037162532134971116, 0.00438627661060309, 0.0025566767744749086, 0.0030385916579689365, 0.0029965610901854234, 0.0024880340715753846, 0.0019510305210133083, 0.005744207115640165, 0.002019577554165153, 0.0015614242383890087, 0.0029967691316414857, 0.0031066565461514983, 0.0016444566608697642, 0.0026940444331557956, 0.0029545047491410514, 0.004194073024336831, 0.0013797796209473745, 0.0005990798063066904, 0.0006725022331011132, 0.0012727681387332268, 0.0019203545116397436, 0.0005240653767941694, 0.001748130066516751, 0.0009539104439681978, 0.0021904525801801356], "acc": [0.28515625, 0.42578125, 0.583984375, 0.73828125, 0.8203125, 0.9150390625, 0.923828125, 0.982421875, 0.98828125, 0.9921875, 0.9912109375, 0.982421875, 0.9970703125, 0.9990234375, 0.998046875, 0.9990234375, 0.9990234375, 0.9990234375, 0.9990234375, 1.0, 0.998046875, 0.9970703125, 0.99609375, 1.0, 1.0, 0.9990234375, 0.998046875, 1.0, 1.0, 1.0, 0.9990234375, 1.0, 0.9990234375, 1.0, 1.0, 0.9990234375, 0.9990234375, 0.9990234375, 0.9990234375, 0.9990234375, 0.9990234375, 1.0, 1.0, 1.0, 1.0, 0.9990234375, 1.0, 1.0, 1.0, 0.9990234375], "test_loss": 7.551038593243641, "test_acc": 0.4290406050955414, "sample": "uniform"}