{"val_loss": [2.300556283088247, 2.296531259633933, 2.395066938582499, 2.3813198766890604, 1.9014540963871465, 1.6273756050000525, 1.167054467899784, 1.0268765048236603, 0.8537961639416446, 0.7824552309740881, 0.7177461970383954, 0.6038829648191002, 0.5749430863815508, 0.5825799003623093, 0.5565722279345534, 0.5209173945959207, 0.5956497246957129, 0.5564521871934272, 0.5668048137787042, 0.43027925626582403, 0.4819734791993715, 0.4574430691208809, 0.48945931627587147, 0.5046454202976955, 0.44459518878038523, 0.43570589385689446, 0.4196047794346692, 0.46013125974186664, 0.4360491801171925, 0.441591197363795, 0.4289428109694628, 0.46775621605242135, 0.44060411444230446, 0.43839589685533836, 0.4302015338793017, 0.45226764980300216, 0.4247956306193095, 0.4284412671580531, 0.4748133183664577, 0.45963722087775066, 0.4727552952007598, 0.44820770181739217, 0.45645851435460105, 0.4693811067519413, 0.46931812455462424, 0.4557233210059868, 0.4486849954096707, 0.4455790859261516, 0.47028346400660503, 0.47605985036167275], "val_acc": [0.1634156050955414, 0.1634156050955414, 0.15187101910828024, 0.3245421974522293, 0.43899283439490444, 0.555234872611465, 0.6423168789808917, 0.699343152866242, 0.7433320063694268, 0.7681130573248408, 0.7845342356687898, 0.8260350318471338, 0.8310111464968153, 0.8268312101910829, 0.8544984076433121, 0.8526074840764332, 0.8318073248407644, 0.8524084394904459, 0.8393710191082803, 0.8769904458598726, 0.867734872611465, 0.8779856687898089, 0.8750995222929936, 0.8675358280254777, 0.8830613057324841, 0.8839570063694268, 0.8865445859872612, 0.881468949044586, 0.8839570063694268, 0.8853503184713376, 0.8854498407643312, 0.8843550955414012, 0.8878383757961783, 0.8897292993630573, 0.8928144904458599, 0.8910230891719745, 0.8932125796178344, 0.8931130573248408, 0.8890326433121019, 0.8894307324840764, 0.894406847133758, 0.8985867834394905, 0.8983877388535032, 0.8956011146496815, 0.8974920382165605, 0.896297770700637, 0.8993829617834395, 0.8990843949044586, 0.8968949044585988, 0.8958996815286624], "loss": [2.299624726176262, 2.270876318216324, 2.153780624270439, 2.0439404621720314, 1.740644909441471, 1.3336393013596535, 1.1554146446287632, 0.8641113452613354, 0.7649085968732834, 0.7062005121260881, 0.5974533632397652, 0.5454596877098083, 0.45508141443133354, 0.43316718749701977, 0.4231059905141592, 0.3666883250698447, 0.3262554220855236, 0.3138856291770935, 0.3213799921795726, 0.2411123886704445, 0.2214531246572733, 0.19098655972629786, 0.18807097291573882, 0.1796842864714563, 0.19570988975465298, 0.15151256206445396, 0.14867752441205084, 0.11785438726656139, 0.12850182875990868, 0.12415379332378507, 0.11915103229694068, 0.0818148338003084, 0.10215644119307399, 0.07694426109082997, 0.08691399835515767, 0.06332132266834378, 0.0714668333530426, 0.07533236988820136, 0.06658943893853575, 0.05788025225047022, 0.05728509044274688, 0.05098073405679315, 0.05157564074033871, 0.052342070965096354, 0.04379162145778537, 0.05148415069561452, 0.04485730704618618, 0.03901517468329985, 0.03617171599762514, 0.03617558837868273], "acc": [0.1357421875, 0.2158203125, 0.2060546875, 0.28125, 0.458984375, 0.5927734375, 0.61328125, 0.73828125, 0.7548828125, 0.7783203125, 0.8232421875, 0.8291015625, 0.8583984375, 0.861328125, 0.8662109375, 0.8828125, 0.896484375, 0.8896484375, 0.888671875, 0.9248046875, 0.9296875, 0.9404296875, 0.9306640625, 0.9384765625, 0.9375, 0.9453125, 0.9580078125, 0.9619140625, 0.955078125, 0.9599609375, 0.9609375, 0.9775390625, 0.9580078125, 0.9765625, 0.970703125, 0.98046875, 0.98046875, 0.974609375, 0.9794921875, 0.9833984375, 0.98046875, 0.9853515625, 0.9873046875, 0.98046875, 0.9873046875, 0.9833984375, 0.9814453125, 0.986328125, 0.9873046875, 0.9892578125], "test_loss": 0.48007004541955933, "test_acc": 0.8945063694267515, "sample": "normal"}